<stallionsden>
<insertAfter xpath="/lootcontainers/lootcontainer[@id='116']" >
<!-- Mining Well -->
	<lootcontainer id="217" count="0,4" size="8,9" sound_open="forge_open" sound_close="forge_close" destroy_on_close="true" loot_quality_template="qualPlus1Template" >
		<item name="terrStone" count="8,12" prob="0.07"/>
		<item name="terrDirt" count="8,12" prob="0.07"/>
		<item name="terrForestGround" count="8,12" prob="0.07"/>
		<item name="terrDesertGround" count="8,12" prob="0.05"/>
		<item name="terrSand" count="8,12" prob="0.05"/>
		<item name="terrSandStone" count="8,12" prob="0.05"/>
		<item name="terrGravel" count="8,12" prob="0.05"/>
		<item name="terrAsphalt" count="8,12" prob="0.05"/>
		<item name="terrOreIron" count="8,12" prob="0.007"/>
		<item name="terrOreLead" count="8,12" prob="0.005"/>
		<item name="terrOreCoal" count="8,12" prob="0.007"/>
		<item name="terrOrePotassiumNitrate" count="8,12" prob="0.007"/>
		<item name="terrOreOilDeposit" count="8,12" prob="0.007"/>
		<item name="terrOreSilver" count="3,12" prob="0.005"/>
		<item name="terrOreGold" count="3,12" prob="0.001"/>
		<item name="terrOreDiamond" count="3,12" prob="0.005"/>
		<item name="terrFertileDirt" count="8,12" prob="0.05"/>
		<item name="terrFertileGrass" count="8,12"  prob="0.05"/>
		<item name="resourceSilverNugget" count="1,6" prob="0.007"/>
		<item name="resourceGoldNugget" count="1,6" prob="0.005"/>
		<item name="resourceRawDiamond" count="1,6" prob="0.007"/>
		<item name="resourceIronFragment" count="2,10" prob="0.007"/>
		<item name="terrOreOilDeposit" count="3,8" prob="0.007"/>
		<item name="terrOreSilver" count="1,3" prob="0.003"/>
		<item name="terrOreGold" count="1,3" prob="0.009"/>
		<item name="terrOreDiamond" count="1,3" prob="0.005"/>
	</lootcontainer>
</insertAfter>
<insertAfter xpath="/lootcontainers/lootcontainer[@id='217']" >		
		<!-- Condenser -->
	<lootcontainer id="224" count="0,4" size="8,9" sound_open="cement_mixer_open" sound_close="cement_mixer_close" destroy_on_close="true" loot_quality_template="qualPlus1Template" >
		<item name="drinkJarRiverWater" count="1,10" prob="0.01"/>  
		<item name="bucketRiverWater" count="1,8" prob="0.1"/>  
		<item name="drinkJarBoiledWater" count="1,4" prob="0.01"/>  
		<item name="drinkJarGoldenRodTea" count="1,2" prob="0.005"/>  
		</lootcontainer>
</insertAfter>
</stallionsden>