<stallionsden>
	<append xpath="/recipes">
		<recipe name="wineBarrel" count="1" craft_area="workbench" >
			<ingredient name="resourceForgedIron" count="10"/>
			<ingredient name="resourceLeather" count="10"/>
			<ingredient name="resourceCloth" count="10"/>
			<ingredient name="resourceInsulator" count="2"/>
			<ingredient name="resourceNail" count="20"/>
		</recipe>
		
		<recipe name="wineBarrelSet" count="1" craft_area="workbench" >
			<ingredient name="resourceForgedIron" count="30"/>
			<ingredient name="resourceLeather" count="30"/>
			<ingredient name="resourceCloth" count="30"/>
			<ingredient name="resourceInsulator" count="6"/>
			<ingredient name="resourceNail" count="60"/>
		</recipe>
	
		<recipe name="wineBarrelPlain" count="1" craft_area="workbench" >
			<ingredient name="resourceForgedIron" count="10"/>
			<ingredient name="resourceLeather" count="10"/>
			<ingredient name="resourceCloth" count="10"/>
			<ingredient name="resourceInsulator" count="1"/>
			<ingredient name="resourceNail" count="10"/>
		</recipe>
		
		<recipe name="Excavator" count="1" craft_area="workbench">
			<ingredient name="resourceForgedIron" count="10"/>
			<ingredient name="resourceMetalPipe" count="20"/>
			<ingredient name="resourceScrapIron" count="50"/>
			<ingredient name="resourceMechanicalParts" count="10"/>
			<ingredient name="resourceElectricParts" count="40"/>
		</recipe>
		
		<recipe name="RainBarrel" count="1" craft_area="workbench">
			<ingredient name="wineBarrelPlain" count="2"/>
			<ingredient name="toolBeaker" count="2"/>
			<ingredient name="resourceDuctTape" count="5"/>
			<ingredient name="drinkJarEmpty" count="10"/>
			<ingredient name="resourceAirFilter" count="2"/>
		</recipe>
	</append>
</stallionsden>