<configs>
<insertAfter xpath="/items/item[@name='resourceSteelPolish']" >
<!-- Bandits -->
	<item name="banditMachete">
	<property name="Extends" value="meleeToolMachete" />
	<property name="EntityDamage" value="45,75" />
		<property name="BlockDamage" value="11.8,29.5" />
		<property name="SellableToTrader" value="false" />
	<property name="Candrop" value="false" />
	<property name="Candrop" value="false" />
	<property name="IsDeveloper" value="true" />
	</item>
</insertAfter>
	<insertAfter xpath="/items/item[@name='banditMachete']" >
	<item name="banditclubSpiked" >
	<property name="Extends" value="meleeClubIron" />
	<property name="EntityDamage" value="45,75" />
		<property name="BlockDamage" value="11.8,29.5" />
		<property name="SellableToTrader" value="false" />
	<property name="Candrop" value="false" />
	<property name="Candrop" value="false" />
	<property name="IsDeveloper" value="true" />
	</item>
	</insertAfter>
	<insertAfter xpath="/items/item[@name='banditclubSpiked']" >
		<item name="banditsledgehammer" >
		<property name="Extends" value="meleeToolSledgehammer" />
		<property class="Action0"> <!-- AttackAction -->
		<property name="Delay" value="1" />
		<property name="Range" value="2" />	
		</property>
		<property name="SellableToTrader" value="false" />
		<property name="Candrop" value="false" />
		<property name="IsDeveloper" value="true" />
		</item>
	</insertAfter>
	<insertAfter xpath="/items/item[@name='banditsledgehammer']" >
	<item name="banditclubWood" >
	<property name="Extends" value="meleeClubWood" />
	<property name="SellableToTrader" value="false" />
	<property name="Candrop" value="false" />
	<property name="IsDeveloper" value="true" />
	</item>
	</insertAfter>
	<insertAfter xpath="/items/item[@name='banditclubWood']" >
	<item name="banditfireaxeSteel" >
	<property name="Extends" value="meleeToolFireaxeSteel" />
	<property name="SellableToTrader" value="false" />
	<property name="Candrop" value="false" />
	<property name="IsDeveloper" value="true" />
	</item>
	</insertAfter>
	<insertAfter xpath="/items/item[@name='banditfireaxeSteel']" >
	<item name="banditmachete" >
	<property name="Extends" value="meleeToolMachete" />
	<property class="Action0"> <!-- AttackAction -->
		<property name="Delay" value="1" />
		</property>
		<property name="SellableToTrader" value="false" />
		<property name="Candrop" value="false" />
		<property name="IsDeveloper" value="true" />
		</item>
		</insertAfter>
	<insertAfter xpath="/items/item[@name='banditmachete']" >
	<item name="banditgunPistol" >
	<property name="Extends" value="gunPistol" />
		<property class="Action0"> <!-- AttackAction -->
		<property name="Class" value="Ranged" />
		<property name="Delay" value="0.5" />
		<property name="Magazine_size" value="1" />
		<property name="Infinite_ammo" value="true" />
		<property name="Magazine_items" value="bandit9mmBullet" />
		<property name="Reload_time" value="0.1" />
		</property>
		<property name="SellableToTrader" value="false" />
		<property name="Candrop" value="false" />
	<property name="IsDeveloper" value="true" />
	</item>
	</insertAfter>
	<insertAfter xpath="/items/item[@name='banditgunPistol']" >
	<item name="banditgun44Magnum" >
	    <property name="Extends" value="gun44Magnum" />
		<property class="Action0"> <!-- AttackAction -->
		<property name="Class" value="Ranged" />
		<property name="Delay" value="1" />
		<property name="Magazine_size" value="1" />
		<property name="Infinite_ammo" value="true" />
		<property name="Magazine_items" value="bandit44MagBullet" />
		<property name="Reload_time" value="0.1" />
		</property>
		<property name="SellableToTrader" value="false" />
		<property name="Candrop" value="false" />
	    <property name="IsDeveloper" value="true" />
		</item>
		</insertAfter>
	<insertAfter xpath="/items/item[@name='banditgun44Magnum']" >
	<item name="banditgunPumpShotgun" >
	<property name="Extends" value="gunPumpShotgun" />
		<property class="Action0"> <!-- AttackAction -->
		<property name="Delay" value="2" />
		<property name="Magazine_size" value="1" />
		<property name="Infinite_ammo" value="true" />
		<property name="Magazine_items" value="banditshotgunShell" />
		<property name="Reload_time" value="1" />
		</property>
		<property name="SellableToTrader" value="false" />
		<property name="Candrop" value="false" />
	<property name="IsDeveloper" value="true" />
		</item>
		</insertAfter>
	<insertAfter xpath="/items/item[@name='banditgunPumpShotgun']" >
	<item name="banditgunMP5" >
	<property name="Extends" value="gunSMG5" />
		<property class="Action0"> <!-- AttackAction -->
		<property name="Delay" value="3" />
		<property name="Magazine_size" value="1" />
		<property name="Infinite_ammo" value="true" />
		<property name="Magazine_items" value="bandit9mmBullet" />
		<property name="Reload_time" value="2" />
		</property>
		<property name="SellableToTrader" value="false" />
		<property name="Candrop" value="false" />
	<property name="IsDeveloper" value="true" />
		</item>
		</insertAfter>
	<insertAfter xpath="/items/item[@name='banditgunMP5']" >
	<item name="banditgunAK47" >
        <property name="Extends" value="gunAK47" />
        <property class="Action0"> <!-- AttackAction -->
		<property name="Delay" value="4" />
		<property name="Magazine_size" value="1" />
		<property name="Infinite_ammo" value="true" />
		<property name="Magazine_items" value="bandit762mmBullet" />
		<property name="Reload_time" value="4" />
	</property>
	<property name="SellableToTrader" value="false" />
		<property name="Candrop" value="false" />
	<property name="IsDeveloper" value="true" />
		</item>
		</insertAfter>
	<insertAfter xpath="/items/item[@name='banditgunAK47']" >
	<item name="banditgunHuntingRifle" >
	<property name="Extends" value="gunHuntingRifle" />
		<property class="Action0"> <!-- AttackAction -->
		<property name="Delay" value="2" />
		<property name="Magazine_size" value="1" />
		<property name="Infinite_ammo" value="true" />
		<property name="Magazine_items" value="bandit762mmBullet" />
		<property name="Reload_time" value="2" />
		</property>
		<property name="SellableToTrader" value="false" />
		<property name="Candrop" value="false" />
	<property name="IsDeveloper" value="true" />
		</item>
		</insertAfter>
	<insertAfter xpath="/items/item[@name='banditgunHuntingRifle']" >
	<item name="banditgunSniperRifle" >
	<property name="Extends" value="gunMR10" />
		<property class="Action0"> <!-- AttackAction -->
		<property name="Delay" value="2" />
		<property name="Magazine_size" value="1" />
		<property name="Infinite_ammo" value="true" />
		<property name="Magazine_items" value="bandit762mmBullet" />
		<property name="Reload_time" value="2" />
		</property>
		<property name="SellableToTrader" value="false" />
		<property name="Candrop" value="false" />
	<property name="IsDeveloper" value="true" />
		</item>	
	</insertAfter>		
	<insertAfter xpath="/items/item[@name='banditgunSniperRifle']" >
	<item name="banditgunRocketLauncher" >
	<property name="Extends" value="gunRocketLauncher" />
		<property class="Action0"> <!-- AttackAction -->
		<property name="Delay" value="4" />
		<property name="Magazine_size" value="1" />
		<property name="Infinite_ammo" value="true" />
		<property name="Magazine_items" value="banditrocket" />
		<property name="Reload_time" value="6" />
		</property>
		<property name="SellableToTrader" value="false" />
		<property name="Candrop" value="false" />
		<property name="IsDeveloper" value="true" />
		</item>
		</insertAfter>
	<insertAfter xpath="/items/item[@name='banditgunRocketLauncher']" >
	<item name="banditblunderbuss" >
	<property name="Extends" value="gunBlunderbuss" />
	<property name="SellableToTrader" value="false" />
	<property name="Candrop" value="false" />
	<property name="IsDeveloper" value="true" />
 	<property name="DegradationBreaksAfter" value="false" />
	<property class="Action0"> <!-- AttackAction -->
		<property name="Class" value="Ranged" />
		<property name="Delay" value="5" />
		<property name="Range" value="40" />
		<property name="Crosshair_min_distance" value="30" />
		<property name="Crosshair_max_distance" value="50" />
		<property name="Magazine_size" value="1" />
		<property name="Infinite_ammo" value="true" />
		<property name="Magazine_items" value="banditblunderbussAmmo" />
		<property name="Magazine_item_ray_counts" value="10" />
		<property name="Magazine_item_ray_spreads" value="0.96" />
		<property name="Reload_time" value="3" />
		</property>
		</item>
		</insertAfter>
	<insertAfter xpath="/items/item[@name='banditblunderbuss']" >
	<item name="banditwoodenBow" >
	<property name="Extends" value="gunWoodenBow" />
	<property name="SellableToTrader" value="false" />
	<property name="Candrop" value="false" />
	<property name="IsDeveloper" value="true" />
	<property name="DegradationBreaksAfter" value="false" />
	<property class="Action0"> <!-- AttackAction -->
		<property name="Magazine_size" value="1" />
		<property name="Infinite_ammo" value="true" />
		<property name="Magazine_items" value="banditarrow" />
		</property>
		<property class="Action1"> <!-- UseAction -->
		<property name="Class" value="Zoom" />
		<property name="Zoom_max_out" value="35" />
		<property name="Zoom_max_in" value="35" />
	</property>
	</item>
	</insertAfter>
	<insertAfter xpath="/items/item[@name='banditwoodenBow']" >
	<item name="banditgunShotgun">
	<property name="Extends" value="gunPumpShotgun" />
		<property class="Action0"> <!-- AttackAction -->
		<property name="Delay" value="3" />
		<property name="Magazine_size" value="1" />
		<property name="Infinite_ammo" value="true" />
		<property name="Magazine_items" value="banditShotgunSlug" />
		<property name="Magazine_item_ray_counts" value="2, 1" />
		<property name="Magazine_item_ray_spreads" value="0.75, 0.25" />
		<property name="Reload_time" value="2.6" />
		</property>
		<property name="SellableToTrader" value="false" />
		<property name="Candrop" value="false" />
		<property name="IsDeveloper" value="true" />
		</item>	
		</insertAfter>
	<insertAfter xpath="/items/item[@name='banditgunPumpShotgun']" >
	<item name="banditcrossbow" >
	<property name="Extends" value="gunCrossbow" />
		<property name="SellableToTrader" value="false" />
		<property name="Candrop" value="false" />
		<property name="IsDeveloper" value="true" />
		<property name="DegradationBreaksAfter" value="false" />
		<property class="Action0"> <!-- AttackAction -->
		<property name="Delay" value="2" />
		<property name="Magazine_size" value="1" />
		<property name="Infinite_ammo" value="true" />
		<property name="Magazine_items" value="banditCrossbowBolt" />
		<property name="Reload_time" value="3" />
		</property>
		</item>
		</insertAfter>
		<insertAfter xpath="/items/item[@name='banditcrossbow']" >
	<item name="banditcrossbow1" >
	<property name="Extends" value="gunCompoundBow" />
	<property name="SellableToTrader" value="false" />
	<property name="Candrop" value="false" />
		<property name="IsDeveloper" value="true" />
		<property name="Magazine_size" value="1" />
		<property name="Infinite_ammo" value="true" />
		<property name="Magazine_items" value="banditBoltExploding" />
		<property name="Reload_time" value="3" />
	</item>
	</insertAfter>
	<insertAfter xpath="/items/item[@name='banditcrossbow1']" >
	<item name="banditcompoundbow1" >
	<property name="Extends" value="gunCompoundBow" />
	<property name="SellableToTrader" value="false" />
	<property name="Candrop" value="false" />
		<property name="IsDeveloper" value="true" />
		<property name="Magazine_size" value="1" />
		<property name="Infinite_ammo" value="true" />
		<property name="Magazine_items" value="banditammoArrowFlaming" />
		<property name="Reload_time" value="3" />
	</item>
	</insertAfter>
	<insertAfter xpath="/items/item[@name='banditcompoundbow1']" >
	<item name="banditgunCompoundBow2" >
	<property name="Extends" value="gunCompoundBow" />
	<property name="SellableToTrader" value="false" />
	<property name="Candrop" value="false" />
		<property name="IsDeveloper" value="true" />
		<property name="Magazine_size" value="1" />
		<property name="Infinite_ammo" value="true" />
		<property name="Magazine_items" value="banditammoArrowIron" />
		<property name="Reload_time" value="3" />
	</item>	
	</insertAfter>	
	<insertAfter xpath="/items/item[@name='banditgunCompoundBow2']" >
	<item name="bandit9mmBullet" >
	<property name="Extends" value="ammo9mmBullet" />
	<property name="SellableToTrader" value="false" />
	<property name="Candrop" value="false" />
	<property name="IsDeveloper" value="true" />
	</item>
	</insertAfter>
	<insertAfter xpath="/items/item[@name='bandit9mmBullet']" >
	<item name="bandit44MagBullet" >
	<property name="Extends" value="ammo44MagnumBulletSteel" />
	<property name="SellableToTrader" value="false" />
	<property name="Candrop" value="false" />
	<property name="IsDeveloper" value="true" />
	</item>
	</insertAfter>
	<insertAfter xpath="/items/item[@name='bandit44MagBullet']" >
	<item name="bandit762mmBullet" >
	<property name="Extends" value="ammo762mmBulletFMJSteel" />
	<property name="SellableToTrader" value="false" />
	<property name="Candrop" value="false" />
		<property name="IsDeveloper" value="true" />
	</item>
	</insertAfter>
	<insertAfter xpath="/items/item[@name='bandit762mmBullet']" >
	<item name="banditshotgunShell" >
	<property name="Extends" value="ammoShotgunShell" />
	<property name="SellableToTrader" value="false" />
	<property name="Candrop" value="false" />
		<property name="IsDeveloper" value="true" />
	</item>
	</insertAfter>
	<insertAfter xpath="/items/item[@name='banditshotgunShell']" >
	<item name="banditrocket" >
	<property name="Extends" value="ammoRocketHE" />
	<property name="SellableToTrader" value="false" />
	<property name="Candrop" value="false" />
		<property name="IsDeveloper" value="true" />
	</item>
	</insertAfter>
	<insertAfter xpath="/items/item[@name='banditrocket']" >
	<item name="banditblunderbussAmmo" >
	<property name="Extends" value="ammoBlunderbuss" />
	<property name="SellableToTrader" value="false" />
	<property name="Candrop" value="false" />
		<property name="IsDeveloper" value="true" />
	</item>
	</insertAfter>
	<insertAfter xpath="/items/item[@name='banditblunderbussAmmo']" >
	<item name="banditCrossbowBolt" > 
	<property name="Extends" value="ammoCrossbowBoltIron" />
	<property name="SellableToTrader" value="false" />
	<property name="Candrop" value="false" />
		<property name="IsDeveloper" value="true" />
	</item>
	</insertAfter>
	<insertAfter xpath="/items/item[@name='banditCrossbowBolt']" >
	<item name="banditammoArrowFlaming" >
	<property name="Extends" value="ammoArrowFlaming" />
	<property name="SellableToTrader" value="false" />
	<property name="Candrop" value="false" />
		<property name="IsDeveloper" value="true" />
	</item>
	</insertAfter>
	<insertAfter xpath="/items/item[@name='banditammoArrowFlaming']" >
	<item name="banditammoArrowIron" >
	<property name="Extends" value="ammoArrowIron" />
	<property name="SellableToTrader" value="false" />
	<property name="Candrop" value="false" />
		<property name="IsDeveloper" value="true" />
	</item>
	</insertAfter>
	<insertAfter xpath="/items/item[@name='banditammoArrowIron']" >
	<item name="banditarrow" >
	<property name="Extends" value="ammoArrowIron" />
	<property name="SellableToTrader" value="false" />
	<property name="Candrop" value="false" />
		<property name="IsDeveloper" value="true" />
	</item>
	</insertAfter>
	<insertAfter xpath="/items/item[@name='banditarrow']" >
	<item name="banditShotgunSlug">
	<property name="Extends" value="ammoShotgunSlug" />
	<property name="SellableToTrader" value="false" />
	<property name="Candrop" value="false" />
		<property name="IsDeveloper" value="true" />
	</item>
	</insertAfter>
	<insertAfter xpath="/items/item[@name='banditShotgunSlug']" >
	<item name="banditBoltExploding">
	<property name="Extends" value="ammoCrossbowBoltExploding"/>
	<property name="SellableToTrader" value="false" />
	<property name="Candrop" value="false" />
		<property name="IsDeveloper" value="true" />
	<property class="Action1">
		<property name="Explosion.ParticleIndex" value="0"/> <!-- no expl. -->
		<property name="Gravity" value="-5"/>
		<property name="Explosion.BlockDamage" value="10"/>
		<property name="Explosion.EntityDamage" value="80"/>
		<property name="Explosion.ParticleIndex" value="1"/>
		<property name="Explosion.RadiusBlocks" value="3"/>
		<property name="Explosion.RadiusEntities" value="4"/>
		<property name="Explosion.DamageBonus.stone" value="0.3"/>
		<property name="Explosion.DamageBonus.metal" value="0.1"/>
		<property name="Explosion.DamageBonus.earth" value="0"/> <!-- should work? -->
		<property name="Explosion.DamageBonus.wood" value="0.5"/>
		<property name="Explosion.DamageBonus.water" value="0"/>
	</property>
	<effect_group name="Base Effects" tiered="false"> <!-- ammoCrossbowBoltExploding -->
		<passive_effect name="EntityDamage" operation="base_set" value="30"/>
		<passive_effect name="BlockDamage" operation="base_set" value="6"/>
		<passive_effect name="DamageModifier" operation="perc_add" value="-.5" tags="wood"/>
		<passive_effect name="DamageModifier" operation="perc_set" value="0.1" tags="wood"/>
		<passive_effect name="DamageModifier" operation="perc_set" value="0" tags="earth,water"/>
			<!-- do we have damage modifiers for explosions? -->
		<passive_effect name="ProjectileVelocity" operation="base_set" value="30"/>
		<passive_effect name="ProjectileStickChance" operation="perc_set" value="0"/>

		<display_value name="ExRadius" value="4" />
	</effect_group>
</item>
</insertAfter>
<insertAfter xpath="/items/item[@name='banditBoltExploding']" >
<item name="banditnapalmTank">
<property name="CustomIcon" value="Napalm" />
<property name="Meshfile" value="ParticleEffects/p_onFire" />
<property name="DropMeshfile" value="Items/Misc/arrow_dropped" />
<property name="HandMeshfile" value="Items/Misc/arrow_hand" />
<property name="HoldType" value="32" />
<property name="Material" value="Mmetal" />
<property name="Stacknumber" value="10" />
<property name="FuelValue" value="8" />
<property class="Action1">
<property name="Class" value="Projectile" />
<property name="Explosion.ParticleIndex" value="0" />
<property name="DamageEntity" value="5" />
<property name="DamageBlock" value="0.2" />
<property name="Buff" value="burning" />
<property name="DamageBonus.glass" value="25" />
<property name="DamageBonus.wood" value="20" />
<property name="DamageBonus.metal" value="5" />
<property name="DamageBonus.cloth" value="25" />
<property name="DamageBonus.organic" value="25" />
<property name="Velocity" value="30" />
<property name="FlyTime" value="1" />
<property name="LifeTime" value="1" />
</property>
<property name="SellableToTrader" value="false" />
<property name="Candrop" value="false" />
<property name="IsDeveloper" value="true" />
<property class="Attributes">
<property name="GetQualityFromWeapon" value="true" />
<property name="EntityDamage" value="5,10" />
<property name="BlockDamage" value=".1,.1" />
</property>
<property name="Group" value="Ammo/Weapons" />
</item>
</insertAfter>
<insertAfter xpath="/items/item[@name='banditnapalmTank']" >
<item name="banditflamethrower">
<property name="CustomIcon" value="Flamethrowerw" />
<property name="Meshfile" value="Items/Weapons/Ranged/MP5/MP5Prefab" />
<property name="Material" value="Mmetal" />
<property name="HoldType" value="19" />
<property name="Stacknumber" value="1" />
<property name="RepairTools" value="repairKit,oil" />
<property name="Degradation" value="550" param1="false" />
<property name="DegradationBreaksAfter" value="false" />
<property name="SoundJammed" value="Weapons/weapon_jam" />
<property name="Weight" value="54" />
<property name="Candrop" value="false" />
<property name="IsDeveloper" value="true" />
<property class="Action0">
<property name="Class" value="Launcher" />
<property name="Delay" value="0.1" />
<property name="Range" value="10" />
<property name="Auto_fire" value="true" />
<property name="Rays_per_shot" value="1" />
<property name="Rays_spread" value="0.1" />
<property name="Crosshair_min_distance" value="0" />
<property name="Crosshair_max_distance" value="1" />
<property name="DamageEntity" value="20" />
<property name="DamageBlock" value="1" />
<property name="Magazine_size" value="50" />
<property name="Infinite_ammo" value="true" />
<property name="Magazine_items" value="banditnapalmTank" />
<property name="Reload_time" value="10" />
<property name="Bullet_icon" value="uzi" />
<property name="Sound_start" value="avalanche" />
<property name="Sound_repeat" value="avalanche" />
<property name="Sound_end" value="Weapons/Ranged/MP5/mp5_fire_end" />
<property name="Sound_empty" value="Weapons/weapon_empty" />
<property name="Sound_reload" value="Weapons/Motorized/Auger/auger_reload" />
<property name="Particles_muzzle_fire" value="nozzleflashuzi" />
<property name="Particles_muzzle_smoke" value="nozzlesmokeuzi" />
<property name="DamageBonus.organic" value="4" />
<property name="DamageBonus.plant" value="4" />
<property name="DamageBonus.cloth" value="4" />
<property name="DamageBonus.glass" value="1" />
<property name="DamageBonus.earth" value="0.01" />
<property name="DamageBonus.wood" value="0.01" />
<property name="DamageBonus.stone" value="0.01" />
<property name="DamageBonus.concrete" value="0.01" />
<property name="DamageBonus.copper" value="0.01" />
<property name="DamageBonus.metal" value="0.01" />
<property name="DamageBonus.brass" value="0.01" />
<property name="DamageBonus.Msteel" value="0.01" />
<property name="DamageBonus.titanium" value="0.01" />
<property name="DamageBonus.bedrock" value="0.01" />
</property>
<property class="Action1">
<property name="Class" value="Zoom" />
<property name="Zoom_max_out" value="35" />
<property name="Zoom_max_in" value="35" />
</property>
<property class="Attributes">
<property name="EntityDamage" value="4,10" />
<property name="BlockDamage" value="1,1" />
<property name="DegradationMax" value="2000,4000" />
<property name="DegradationRate" value="1,1" />
</property>
<property name="Group" value="Ammo/Weapons" />
</item>
<!-- Bandits -->
</insertAfter>
</configs>