<configs>
<config name="recipes">
<append xpath="/recipes">
<recipe name="cornSeed" count="10" scrapable="False" craft_area="Trader">
<ingredient name="casinoCoin" count="5" />
</recipe>
<recipe name="potatoSeed" count="10" scrapable="False" craft_area="Trader">
<ingredient name="casinoCoin" count="5" />
</recipe>
<recipe name="blueberrySeed" count="10" scrapable="False" craft_area="Trader">
<ingredient name="casinoCoin" count="5" />
</recipe>
<recipe name="cottonSeed" count="10" scrapable="False" craft_area="Trader">
<ingredient name="casinoCoin" count="5" />
</recipe>
<recipe name="goldenrodSeed" count="10" scrapable="False" craft_area="Trader">
<ingredient name="casinoCoin" count="5" />
</recipe>
<recipe name="pineSeed" count="10" scrapable="False" craft_area="Trader">
<ingredient name="casinoCoin" count="5" />
</recipe>
<recipe name="mapleSeed" count="10" scrapable="False" craft_area="Trader">
<ingredient name="casinoCoin" count="5" />
</recipe>
<recipe name="blueSpruceSeed" count="10" scrapable="False" craft_area="Trader">
<ingredient name="casinoCoin" count="5" />
</recipe>
<recipe name="coffeeBeans" count="10" scrapable="False" craft_area="Trader">
<ingredient name="casinoCoin" count="10" />
</recipe>

<recipe name="shoppingBasketItem" count="1" scrapable="False" craft_area="MinibikeTrader">
<ingredient name="casinoCoin" count="15" />
</recipe>
<recipe name="padlock" count="1" scrapable="False" craft_area="MinibikeTrader">
<ingredient name="casinoCoin" count="15" />
</recipe>
<recipe name="minibikeHandlebars" count="1" scrapable="False" craft_area="MinibikeTrader">
<ingredient name="casinoCoin" count="25" />
</recipe>
<recipe name="minibikeWheels" count="1" scrapable="False" craft_area="MinibikeTrader">
<ingredient name="casinoCoin" count="25" />
</recipe>
<recipe name="minibikeSeat" count="1" scrapable="False" craft_area="MinibikeTrader">
<ingredient name="casinoCoin" count="25" />
</recipe>
<recipe name="minibikeChassis" count="1" scrapable="False" craft_area="MinibikeTrader">
<ingredient name="casinoCoin" count="100" />
</recipe>
<recipe name="smallEngine" count="1" scrapable="False" craft_area="MinibikeTrader">
<ingredient name="casinoCoin" count="75" />
</recipe>



<!-- Officer Trader Melee Schematics -->
<recipe name="clubSpikedSchematic" count="1" scrapable="False" craft_area="OfficerTrader">
<ingredient name="casinoCoin" count="15" />
</recipe>
<recipe name="sledgehammerSchematic" count="1" scrapable="False" craft_area="OfficerTrader">
<ingredient name="casinoCoin" count="50" />
</recipe>
<recipe name="huntingKnifeBook" count="1" scrapable="False" craft_area="OfficerTrader">
<ingredient name="casinoCoin" count="20" />
</recipe>
<!-- Officer Trader Weapons Schematics -->
<recipe name="crossbowSchematic" count="1" scrapable="False" craft_area="OfficerTrader">
<ingredient name="casinoCoin" count="15" />
</recipe>
<recipe name="pistolBook" count="1" scrapable="False" craft_area="OfficerTrader">
<ingredient name="casinoCoin" count="15" />
</recipe>
<recipe name="theEnforcerMagazine" count="1" scrapable="False" craft_area="OfficerTrader">
<ingredient name="casinoCoin" count="25" />
</recipe>
<recipe name="sawedoffPumpShotgunSchematic" count="1" scrapable="False" craft_area="OfficerTrader">
<ingredient name="casinoCoin" count="20" />
</recipe>
<recipe name="pumpShotgunSchematic" count="1" scrapable="False" craft_area="OfficerTrader">
<ingredient name="casinoCoin" count="15" />
</recipe>
<recipe name="smgSchematics" count="1" scrapable="False" craft_area="OfficerTrader">
<ingredient name="casinoCoin" count="15" />
</recipe>
<recipe name="ak47Schematic" count="1" scrapable="False" craft_area="OfficerTrader">
<ingredient name="casinoCoin" count="25" />
</recipe>
<recipe name="huntingRifleSchematic" count="1" scrapable="False" craft_area="OfficerTrader">
<ingredient name="casinoCoin" count="20" />
</recipe>
<recipe name="sniperRifleSchematic" count="1" scrapable="False" craft_area="OfficerTrader">
<ingredient name="casinoCoin" count="15" />
</recipe>
<recipe name="rocketLauncherSchematic" count="1" scrapable="False" craft_area="OfficerTrader">
<ingredient name="casinoCoin" count="15" />
</recipe>
<!-- Officer Trader Ammo Schematics -->
<recipe name="flamingArrowSchematic" count="1" scrapable="False" craft_area="OfficerTrader">
<ingredient name="casinoCoin" count="50" />
</recipe>
<recipe name="explodingCrossbowBoltSchematic" count="1" scrapable="False" craft_area="OfficerTrader">
<ingredient name="casinoCoin" count="75" />
</recipe>
<recipe name="shotgunSlugSchematic" count="1" scrapable="False" craft_area="OfficerTrader">
<ingredient name="casinoCoin" count="75" />
</recipe>
<!-- Officer Trader Helth Schematics -->
<recipe name="firstAidKitSchematic" count="1" scrapable="False" craft_area="OfficerTrader">
<ingredient name="casinoCoin" count="100" />
</recipe>
<recipe name="herbalAntibioticsRecipe" count="1" scrapable="False" craft_area="OfficerTrader">
<ingredient name="casinoCoin" count="100" />
</recipe>
<!-- Officer Trader Misc Schematics -->
<recipe name="wrenchSchematic" count="1" scrapable="False" craft_area="OfficerTrader">
<ingredient name="casinoCoin" count="25" />
</recipe>
<recipe name="clawHammerSchematic" count="1" scrapable="False" craft_area="OfficerTrader">
<ingredient name="casinoCoin" count="50" />
</recipe>
<recipe name="gasCanSchematic" count="1" scrapable="False" craft_area="OfficerTrader">
<ingredient name="casinoCoin" count="20" />
</recipe>
<recipe name="augerSchematic" count="1" scrapable="False" craft_area="OfficerTrader">
<ingredient name="casinoCoin" count="150" />
</recipe>
<recipe name="chainsawSchematic" count="1" scrapable="False" craft_area="OfficerTrader">
<ingredient name="casinoCoin" count="150" />
</recipe>
<recipe name="handleBarsSchematic" count="1" scrapable="False" craft_area="OfficerTrader">
<ingredient name="casinoCoin" count="100" />
</recipe>
<recipe name="minibikesForDumbshits" count="1" scrapable="False" craft_area="OfficerTrader">
<ingredient name="casinoCoin" count="250" />
</recipe>
<!-- Officer Trader Armor Schematics -->
<recipe name="leatherTanning" count="1" scrapable="False" craft_area="OfficerTrader">
<ingredient name="casinoCoin" count="50" />
</recipe>
<recipe name="leatherBootsSchematic" count="1" scrapable="False" craft_area="OfficerTrader">
<ingredient name="casinoCoin" count="50" />
</recipe>
<recipe name="leatherPantsSchematic" count="1" scrapable="False" craft_area="OfficerTrader">
<ingredient name="casinoCoin" count="50" />
</recipe>
<recipe name="leatherJacketSchematic" count="1" scrapable="False" craft_area="OfficerTrader">
<ingredient name="casinoCoin" count="50" />
</recipe>
<recipe name="leatherHoodSchematic" count="1" scrapable="False" craft_area="OfficerTrader">
<ingredient name="casinoCoin" count="50" />
</recipe>
<recipe name="leatherGlovesSchematic" count="1" scrapable="False" craft_area="OfficerTrader">
<ingredient name="casinoCoin" count="50" />
</recipe>
<recipe name="macDyverBook" count="1" scrapable="False" craft_area="OfficerTrader">
<ingredient name="casinoCoin" count="150" />
</recipe>
<recipe name="ironChestArmorSchematic" count="1" scrapable="False" craft_area="OfficerTrader">
<ingredient name="casinoCoin" count="100" />
</recipe>
<recipe name="ironHelmetSchematic" count="1" scrapable="False" craft_area="OfficerTrader">
<ingredient name="casinoCoin" count="100" />
</recipe>
<recipe name="ironLegArmorSchematic" count="1" scrapable="False" craft_area="OfficerTrader">
<ingredient name="casinoCoin" count="100" />
</recipe>
<recipe name="ironBootsSchematic" count="1" scrapable="False" craft_area="OfficerTrader">
<ingredient name="casinoCoin" count="100" />
</recipe>
<recipe name="ironGlovesSchematic" count="1" scrapable="False" craft_area="OfficerTrader">
<ingredient name="casinoCoin" count="100" />
</recipe>




<!-- Police Girl Trader Health Stuff -->
<recipe name="bandage" count="5" scrapable="False" craft_area="PoliceGirlTrader">
<ingredient name="casinoCoin" count="5" />
</recipe>
<recipe name="splint" count="10" scrapable="False" craft_area="PoliceGirlTrader">
<ingredient name="casinoCoin" count="15" />
</recipe>
<recipe name="aloeCream" count="5" scrapable="False" craft_area="PoliceGirlTrader">
<ingredient name="casinoCoin" count="15" />
</recipe>
<recipe name="bloodBag" count="5" scrapable="False" craft_area="PoliceGirlTrader">
<ingredient name="casinoCoin" count="20" />
</recipe>
<recipe name="firstAidBandage" count="10" scrapable="False" craft_area="PoliceGirlTrader">
<ingredient name="casinoCoin" count="25" />
</recipe>
<recipe name="bloodDrawKit" count="1" scrapable="False" craft_area="PoliceGirlTrader">
<ingredient name="casinoCoin" count="35" />
</recipe>
<recipe name="painkillers" count="5" scrapable="False" craft_area="PoliceGirlTrader">
<ingredient name="casinoCoin" count="50" />
</recipe>
<recipe name="herbalAntibiotics" count="2" scrapable="False" craft_area="PoliceGirlTrader">
<ingredient name="casinoCoin" count="25" />
</recipe>
<recipe name="antibiotics" count="1" scrapable="False" craft_area="PoliceGirlTrader">
<ingredient name="casinoCoin" count="250" />
</recipe>
<recipe name="vitamins" count="1" scrapable="False" craft_area="PoliceGirlTrader">
<ingredient name="casinoCoin" count="20" />
</recipe>
<recipe name="firstAidKit" count="2" scrapable="False" craft_area="PoliceGirlTrader">
<ingredient name="casinoCoin" count="20" />
</recipe>


<!-- WEAPON TRADER MELEE -->
<recipe name="clubWood" count="1" scrapable="False" craft_area="WeaponTrader">
<ingredient name="casinoCoin" count="2" />
</recipe>
<recipe name="clubIron" count="1" scrapable="False" craft_area="WeaponTrader">
<ingredient name="casinoCoin" count="5" />
</recipe>
<recipe name="clubBarbed" count="1" scrapable="False" craft_area="WeaponTrader">
<ingredient name="casinoCoin" count="10" />
</recipe>
<recipe name="clubSpiked" count="1" scrapable="False" craft_area="WeaponTrader">
<ingredient name="casinoCoin" count="10" />
</recipe>
<recipe name="clubSpiked" count="1" scrapable="False" craft_area="WeaponTrader">
<ingredient name="casinoCoin" count="10" />
</recipe>
<recipe name="sledgehammer" count="1" scrapable="False" craft_area="WeaponTrader">
<ingredient name="casinoCoin" count="15" />
</recipe>
<recipe name="huntingKnife" count="1" scrapable="False" craft_area="WeaponTrader">
<ingredient name="casinoCoin" count="15" />
</recipe>
<recipe name="sledgehammer" count="1" scrapable="False" craft_area="WeaponTrader">
<ingredient name="casinoCoin" count="15" />
</recipe>
<recipe name="machete" count="1" scrapable="False" craft_area="WeaponTrader">
<ingredient name="casinoCoin" count="25" />
</recipe>


<!-- WEAPON TRADER Ranged -->
<recipe name="partsPistol_grip" count="1" scrapable="False" craft_area="WeaponTrader">
<ingredient name="casinoCoin" count="5" />
</recipe>
<recipe name="partsPistol_receiver" count="1" scrapable="False" craft_area="WeaponTrader">
<ingredient name="casinoCoin" count="5" />
</recipe>
<recipe name="partsPistol_receiver" count="1" scrapable="False" craft_area="WeaponTrader">
<ingredient name="casinoCoin" count="5" />
</recipe>
<recipe name="partsPistol_barrel" count="1" scrapable="False" craft_area="WeaponTrader">
<ingredient name="casinoCoin" count="5" />
</recipe>
<recipe name="partsHuntingRifle_stock" count="1" scrapable="False" craft_area="WeaponTrader">
<ingredient name="casinoCoin" count="10" />
</recipe>
<recipe name="partsHuntingRifle_receiver" count="1" scrapable="False" craft_area="WeaponTrader">
<ingredient name="casinoCoin" count="10" />
</recipe>
<recipe name="partsHuntingRifle_parts" count="1" scrapable="False" craft_area="WeaponTrader">
<ingredient name="casinoCoin" count="10" />
</recipe>
<recipe name="partsHuntingRifle_barrel" count="1" scrapable="False" craft_area="WeaponTrader">
<ingredient name="casinoCoin" count="10" />
</recipe>
<recipe name="blunderbuss" count="1" scrapable="False" craft_area="WeaponTrader">
<ingredient name="casinoCoin" count="25" />
</recipe>
<recipe name="parts44Magnum_grip" count="1" scrapable="False" craft_area="WeaponTrader">
<ingredient name="casinoCoin" count="15" />
</recipe>
<recipe name="parts44Magnum_cylinder" count="1" scrapable="False" craft_area="WeaponTrader">
<ingredient name="casinoCoin" count="15" />
</recipe>
<recipe name="parts44Magnum_parts" count="1" scrapable="False" craft_area="WeaponTrader">
<ingredient name="casinoCoin" count="15" />
</recipe>
<recipe name="parts44Magnum_frame" count="1" scrapable="False" craft_area="WeaponTrader">
<ingredient name="casinoCoin" count="15" />
</recipe>
<recipe name="partsPumpShotgun_stockShort" count="1" scrapable="False" craft_area="WeaponTrader">
<ingredient name="casinoCoin" count="15" />
</recipe>
<recipe name="partsPumpShotgun_receiver" count="1" scrapable="False" craft_area="WeaponTrader">
<ingredient name="casinoCoin" count="15" />
</recipe>
<recipe name="partsPumpShotgun_parts" count="1" scrapable="False" craft_area="WeaponTrader">
<ingredient name="casinoCoin" count="15" />
</recipe>
<recipe name="partsPumpShotgun_barrelShort" count="1" scrapable="False" craft_area="WeaponTrader">
<ingredient name="casinoCoin" count="15" />
</recipe>
<recipe name="partsPumpShotgun_stock" count="1" scrapable="False" craft_area="WeaponTrader">
<ingredient name="casinoCoin" count="15" />
</recipe>
<recipe name="partsPumpShotgun_barrel" count="1" scrapable="False" craft_area="WeaponTrader">
<ingredient name="casinoCoin" count="15" />
</recipe>
<recipe name="partsMP5_stock" count="1" scrapable="False" craft_area="WeaponTrader">
<ingredient name="casinoCoin" count="20" />
</recipe>
<recipe name="partsMP5_receiver" count="1" scrapable="False" craft_area="WeaponTrader">
<ingredient name="casinoCoin" count="20" />
</recipe>
<recipe name="partsMP5_parts" count="1" scrapable="False" craft_area="WeaponTrader">
<ingredient name="casinoCoin" count="20" />
</recipe>
<recipe name="partsMP5_barrel" count="1" scrapable="False" craft_area="WeaponTrader">
<ingredient name="casinoCoin" count="20" />
</recipe>
<recipe name="partsAK47_stock" count="1" scrapable="False" craft_area="WeaponTrader">
<ingredient name="casinoCoin" count="20" />
</recipe>
<recipe name="partsAK47_receiver" count="1" scrapable="False" craft_area="WeaponTrader">
<ingredient name="casinoCoin" count="20" />
</recipe>
<recipe name="partsAK47_parts" count="1" scrapable="False" craft_area="WeaponTrader">
<ingredient name="casinoCoin" count="20" />
</recipe>
<recipe name="partsAK47_barrel" count="1" scrapable="False" craft_area="WeaponTrader">
<ingredient name="casinoCoin" count="20" />
</recipe>
<recipe name="partsSniperRifle_stock" count="1" scrapable="False" craft_area="WeaponTrader">
<ingredient name="casinoCoin" count="25" />
</recipe>
<recipe name="partsSniperRifle_receiver" count="1" scrapable="False" craft_area="WeaponTrader">
<ingredient name="casinoCoin" count="25" />
</recipe>
<recipe name="partsSniperRifle_parts" count="1" scrapable="False" craft_area="WeaponTrader">
<ingredient name="casinoCoin" count="25" />
</recipe>
<recipe name="partsSniperRifle_barrel" count="1" scrapable="False" craft_area="WeaponTrader">
<ingredient name="casinoCoin" count="25" />
</recipe>
<recipe name="partsRocketLauncher_stock" count="1" scrapable="False" craft_area="WeaponTrader">
<ingredient name="casinoCoin" count="25" />
</recipe>
<recipe name="partsRocketLauncher_receiver" count="1" scrapable="False" craft_area="WeaponTrader">
<ingredient name="casinoCoin" count="25" />
</recipe>
<recipe name="partsRocketLauncher_parts" count="1" scrapable="False" craft_area="WeaponTrader">
<ingredient name="casinoCoin" count="25" />
</recipe>
<recipe name="partsRocketLauncher_barrel" count="1" scrapable="False" craft_area="WeaponTrader">
<ingredient name="casinoCoin" count="25" />
</recipe>
</append>	  
</config>	
<config name="blocks">

<remove xpath="/blocks/block[@name='animalGore']" />
<remove xpath="/blocks/block[@name='GoreBlock1Prefab']" />		
<remove xpath="/blocks/block[@name='GoreBlock1BonesPrefab']" />	
<append xpath="/blocks">
<block id="267" name="animalGore">
		<property name="IsDeveloper" value="true" />
		<property name="Class" value="Gore" />
		<property name="Material" value="organic" />
		<property name="Shape" value="ModelEntity" />
		<property name="Model" value="Entities/Gore/animal_remainsPrefab" />
		<property name="Collide" value="movement,melee,bullet,arrow,rocket" />
		<property name="Texture" value="22" />
		<property name="Tag" value="Gore" />
		<property name="IsTerrainDecoration" value="true" />
		<property name="FallDamage" value="false" />
		<property name="UpgradeRated.ToBlock" value="air" />
		<!-- 1=min, 15=max NOTE: 1 tick is approximately a 1 to 2 minute real-time interval. -->
		<property name="UpgradeRated.Rate" value="15" />
		<!-- 15 is max for the Rate -->
		<property name="Density" value="0.1" />
		<property name="HeatMapStrength" value="5" />
		<property name="HeatMapTime" value="1200" />
		<!-- NOTE: HeatMapFrequency is constrained to on blocks that are not tile entities (like the forge or campfire). -->
		<!-- 1=min, 15=max NOTE: 1 tick is approximately a 1 to 2 minute real-time interval. -->
		<property name="HeatMapFrequency" value="1" />
		<drop event="Harvest" name="rottingFlesh" count="1" prob=".4" tool_category="Butcher" />
		<drop event="Harvest" name="casinoCoin" count="2" prob=".4" />
		<drop event="Harvest" name="femur" count="1,2" prob="1" />
		<drop event="Destroy" name="casinoCoin" count="1,2" prob="1" />
	</block>
	<block id="701" name="GoreBlock1Prefab">
		<property name="Class" value="Gore" />
		<property name="IsDeveloper" value="true" />
		<property name="Material" value="organic" />
		<property name="Shape" value="ModelEntity" />
		<property name="Model" value="Entities/Gore/gore_block1_Prefab" />
		<property name="Texture" value="22" />
		<property name="Collide" value="movement,melee,bullet,arrow,rocket" />
		<property name="Place" value="TowardsPlacerInverted" />
		<property name="Tag" value="Gore" />
		<property name="IsTerrainDecoration" value="true" />
		<property name="FallDamage" value="false" />
		<!-- <property name="UpgradeRated.BlockCombined" value="air" /> -->
		<property name="UpgradeRated.ToBlock" value="GoreBlock1BonesPrefab" />
		<property name="UpgradeRated.Rate" value="15" />
		<!-- 15 is max for the Rate -->
		<property name="DowngradeBlock" value="GoreBlock1BonesPrefab" />
		<drop event="Harvest" name="rottingFlesh" count="1" prob=".6" tool_category="Butcher" />
		<drop event="Harvest" name="casinoCoin" count="2" prob=".6" />
		<drop event="Harvest" name="animalFat" count="2" prob=".33" tool_category="Butcher" />
		<drop event="Destroy" name="casinoCoin" count="5" prob="1" />
	</block>
		<block id="702" name="GoreBlock1BonesPrefab">
		<property name="Class" value="Gore" />
		<property name="IsDeveloper" value="true" />
		<property name="Material" value="organic" />
		<property name="Shape" value="ModelEntity" />
		<property name="Model" value="Entities/Gore/gore_block1_bonesPrefab" />
		<property name="Texture" value="22" />
		<property name="Collide" value="melee,bullet,arrow,rocket" />
		<property name="Tag" value="Gore" />
		<property name="Place" value="TowardsPlacerInverted" />
		<property name="IsTerrainDecoration" value="true" />
		<!-- <property name="UpgradeRated.BlockCombined" value="air" /> -->
		<property name="UpgradeRated.ToBlock" value="air" />
		<property name="UpgradeRated.Rate" value="8" />
		<!-- 15 is max for the Rate -->
		<drop event="Harvest" name="femur" count="1" prob=".4" tool_category="Butcher" />
		<drop event="Destroy" name="casinoCoin" count="5" prob="1" />
	</block>
<block id="" name="WeaponTrader">
		<property name="Material" value="metal" />	
		<property name="Shape" value="ModelEntity" />				
		<property name="Model" value="#humans?WeaponTrader" />		
		<property name="Class" value="Campfire" />	
		<property class="RepairItems">
			<property name="wood" value="5" />
			<property name="forgedIron" value="5" />			
		</property>
		<property name="BigDecorationRadius" value="3" />
		<drop event="Destroy" count="0" />		
		<property name="Group" value="Basics,Building" />		
		<property class="Workstation">
		<property name="Modules" value="tools,output" />
		</property>		
</block>	
	
<block id="" name="Trader">			
	<property name="Material" value="metal" />	
		<property name="Shape" value="ModelEntity" />				
		<property name="Model" value="#humans?Trader" />		
		<property name="Class" value="Campfire" />	
		<property class="RepairItems">
			<property name="wood" value="5" />
			<property name="forgedIron" value="5" />			
		</property>
		<property name="BigDecorationRadius" value="3" />
		<drop event="Destroy" count="0" />		
		<property name="Group" value="Basics,Building" />		
		<property class="Workstation">
		<property name="Modules" value="tools,output" />
		</property>		
</block>	
<block id="" name="OfficerTrader">			
	<property name="Material" value="metal" />	
		<property name="Shape" value="ModelEntity" />				
		<property name="Model" value="#humans?OfficerPrefab" />		
		<property name="Class" value="Campfire" />	
		<property class="RepairItems">
			<property name="wood" value="5" />
			<property name="forgedIron" value="5" />			
		</property>
		<property name="BigDecorationRadius" value="3" />
		<drop event="Destroy" count="0" />		
		<property name="Group" value="Basics,Building" />		
		<property class="Workstation">
		<property name="Modules" value="tools,output" />
		</property>		
</block>
<block id="" name="PoliceGirlTrader">			
	<property name="Material" value="metal" />	
		<property name="Shape" value="ModelEntity" />				
		<property name="Model" value="#humans?PoliceGirl" />		
		<property name="Class" value="Campfire" />	
		<property class="RepairItems">
			<property name="wood" value="5" />
			<property name="forgedIron" value="5" />			
		</property>
		<property name="BigDecorationRadius" value="3" />
		<drop event="Destroy" count="0" />		
		<property name="Group" value="Basics,Building" />		
		<property class="Workstation">
		<property name="Modules" value="tools,output" />
		</property>		
</block>
<block id="" name="MinibikeTrader">			
	<property name="Material" value="metal" />	
		<property name="Shape" value="ModelEntity" />				
		<property name="Model" value="#humans?MinibikeTrader" />		
		<property name="Class" value="Campfire" />	
		<property class="RepairItems">
			<property name="wood" value="5" />
			<property name="forgedIron" value="5" />			
		</property>
		<property name="BigDecorationRadius" value="4" />
		<drop event="Destroy" count="0" />		
		<property name="Group" value="Basics,Building" />		
		<property class="Workstation">
		<property name="Modules" value="tools,output" />
		</property>		
</block>
<block id="" name="Radio">
				<property name="Class" value="Radio, Mods" />
				<property name="Material" value="metal" />
				<property name="Shape" value="ModelEntity" />
				<property name="Model" value="#humans?Musicans" />
				<property name="Mesh" value="models" /> 
				
				<property name="CanPickup" value="true" />
				<property name="MusicDirectory" value="D:\Steam\steamapps\common\7 Days To Die\Music"/>
				<property name="RandomisePlaylist" value="true"/>
				<drop event="Destroy" name="scrapIron" count="3" />
				<drop event="Fall" name="scrapIron" count="3" prob="1.0"  />
</block>

</append>	  
	</config>
<config name="xui">	
<append xpath="/xui/ruleset[@name='default']">
	<window_group name="workstation_Trader" controller="XUiC_WorkstationWindowGroup">		
			<window name="windowCraftingList" />			
			<window name="craftingInfoPanel" />
			<window name="windowCraftingQueue" />			
			<window name="windowOutput" />
			<window name="windowNonPagingHeader" />
		</window_group>
	<window_group name="workstation_WeaponTrader" controller="XUiC_WorkstationWindowGroup">		
			<window name="windowCraftingList" />			
			<window name="craftingInfoPanel" />
			<window name="windowCraftingQueue" />			
			<window name="windowOutput" />
			<window name="windowNonPagingHeader" />
		</window_group>		
	<window_group name="workstation_OfficerTrader" controller="XUiC_WorkstationWindowGroup">		
			<window name="windowCraftingList" />			
			<window name="craftingInfoPanel" />
			<window name="windowCraftingQueue" />			
			<window name="windowOutput" />
			<window name="windowNonPagingHeader" />
		</window_group>	
	<window_group name="workstation_PoliceGirlTrader" controller="XUiC_WorkstationWindowGroup">		
			<window name="windowCraftingList" />			
			<window name="craftingInfoPanel" />
			<window name="windowCraftingQueue" />			
			<window name="windowOutput" />
			<window name="windowNonPagingHeader" />
		</window_group>	
<window_group name="workstation_MinibikeTrader" controller="XUiC_WorkstationWindowGroup">		
			<window name="windowCraftingList" />			
			<window name="craftingInfoPanel" />
			<window name="windowCraftingQueue" />			
			<window name="windowOutput" />
			<window name="windowNonPagingHeader" />
		</window_group>				
</append>
</config>
<config name="loot">
<append xpath="/lootcontainers/lootplaceholders/placeholder[@name='lootForest']">			
		<block name="MinibikeTrader" prob="0.01" />	
		<block name="PoliceGirlTrader" prob="0.01" />
		<block name="OfficerTrader" prob="0.01" />		
		<block name="WeaponTrader" prob="0.01" />	
		<block name="Trader" prob="0.01" />	
</append>
<append xpath="/lootcontainers/lootplaceholders/placeholder[@name='lootWasteland']">				
		<block name="MinibikeTrader" prob="0.01" />	
		<block name="PoliceGirlTrader" prob="0.01" />
		<block name="OfficerTrader" prob="0.01" />		
		<block name="WeaponTrader" prob="0.01" />	
		<block name="Trader" prob="0.0001" />		
</append>
<append xpath="/lootcontainers/lootplaceholders/placeholder[@name='lootDesert']">			
		<block name="MinibikeTrader" prob="0.01" />	
		<block name="PoliceGirlTrader" prob="0.01" />
		<block name="OfficerTrader" prob="0.01" />		
		<block name="WeaponTrader" prob="0.01" />	
		<block name="Trader" prob="0.01" />		
</append>
<append xpath="/lootcontainers/lootplaceholders/placeholder[@name='lootPlains']">	
		<block name="MinibikeTrader" prob="0.01" />	
		<block name="PoliceGirlTrader" prob="0.01" />
		<block name="OfficerTrader" prob="0.01" />		
		<block name="WeaponTrader" prob="0.01" />	
		<block name="Trader" prob="0.0001" />	
</append>
<append xpath="/lootcontainers/lootplaceholders/placeholder[@name='lootBurntForest']">	
		<block name="MinibikeTrader" prob="0.01" />	
		<block name="PoliceGirlTrader" prob="0.01" />
		<block name="OfficerTrader" prob="0.01" />		
		<block name="WeaponTrader" prob="0.01" />	
		<block name="Trader" prob="0.0001" />	
</append>
<append xpath="/lootcontainers/lootplaceholders/placeholder[@name='lootStreet']">	
		<block name="MinibikeTrader" prob="0.01" />	
		<block name="PoliceGirlTrader" prob="0.01" />
		<block name="OfficerTrader" prob="0.01" />		
		<block name="WeaponTrader" prob="0.01" />	
		<block name="Trader" prob="0.01" />	
</append>
<append xpath="/lootcontainers/lootplaceholders/placeholder[@name='lootYard']">	
		<block name="MinibikeTrader" prob="0.01" />	
		<block name="PoliceGirlTrader" prob="0.01" />
		<block name="OfficerTrader" prob="0.01" />		
		<block name="WeaponTrader" prob="0.01" />	
		<block name="Trader" prob="0.01" />	
</append>
</config>			
</configs>
