<stallionsden>

	<append xpath="/blockplaceholders">
		<placeholder name="palletWhiteBagsBase">
			<block name="palletWhiteBagsBaseFull" prob=".66"/>
			<block name="palletWhiteBagsBaseEmpty" prob=".33"/>
		</placeholder>
	</append>
	<append xpath="/blockplaceholders">
		<placeholder name="palletWhiteBagsTile">
			<block name="palletWhiteBagsTileFull" prob=".66"/>
			<block name="palletWhiteBagsTileEmpty" prob=".33"/>
		</placeholder>
	</append>
	<append xpath="/blockplaceholders">
		<placeholder name="palletWhiteBagsTop">
			<block name="palletWhiteBagsTopEmpty" prob=".66"/>
			<block name="palletWhiteBagsTopFull" prob=".33"/>
		</placeholder>
	</append>
	<append xpath="/blockplaceholders">
		<placeholder name="palletWhiteBagsPartial1">
			<block name="palletWhiteBagsPartial1Empty" prob=".66"/>
			<block name="palletWhiteBagsPartial1Full" prob=".33"/>
		</placeholder>
	</append>
	
	<append xpath="/blockplaceholders">
		<placeholder name="palletWhiteBagsPartial2">
			<block name="palletWhiteBagsPartial2Empty" prob=".66"/>
			<block name="palletWhiteBagsPartial2Full" prob=".33"/>
		</placeholder>
	</append>
	<append xpath="/blockplaceholders">
		<placeholder name="palletWhiteBagsLoose">
			<block name="palletWhiteBagsLooseEmpty" prob=".66"/>
			<block name="palletWhiteBagsLooseFull" prob=".33"/>
		</placeholder>
	</append>
	<append xpath="/blockplaceholders">
		<placeholder name="palletBrownBoxesBase">
			<block name="palletBrownBoxesBaseEmpty" prob=".66"/>
			<block name="palletBrownBoxesBaseFull" prob=".33"/>
		</placeholder>
	</append>
	
	<append xpath="/blockplaceholders">
		<placeholder name="palletBrownBoxesTile">
			<block name="palletBrownBoxesTileEmpty" prob=".66"/>
			<block name="palletBrownBoxesTileFull" prob=".33"/>
		</placeholder>
	</append>
	<append xpath="/blockplaceholders">
		<placeholder name="palletBrownBoxesTop">
			<block name="palletBrownBoxesTopEmpty" prob=".66"/>
			<block name="palletBrownBoxesTopFull" prob=".33"/>
		</placeholder>
	</append>
	<append xpath="/blockplaceholders">
		<placeholder name="palletBrownBoxesLoose">
			<block name="palletBrownBoxesLooseEmpty" prob=".66"/>
			<block name="palletBrownBoxesLooseFull" prob=".33"/>
		</placeholder>
	</append>
	
	<append xpath="/blockplaceholders">
		<placeholder name="palletBricksBase">
			<block name="palletBricksBaseEmpty" prob=".66"/>
			<block name="palletBricksBaseFull" prob=".33"/>
		</placeholder>
	</append>
	<append xpath="/blockplaceholders">
		<placeholder name="palletBricksTile">
			<block name="palletBricksTileEmpty" prob=".66"/>
			<block name="palletBricksTileFull" prob=".33"/>
		</placeholder>
	</append>
	<append xpath="/blockplaceholders">
		<placeholder name="palletBricksTop">
			<block name="palletBricksTopEmpty" prob=".66"/>
			<block name="palletBricksTopFull" prob=".33"/>
		</placeholder>
	</append>
	
	<append xpath="/blockplaceholders">
		<placeholder name="palletBricksPartial1">
			<block name="palletBricksPartial1Empty" prob=".66"/>
			<block name="palletBricksPartial1Full" prob=".33"/>
		</placeholder>
	</append>
	<append xpath="/blockplaceholders">
		<placeholder name="palletBricksPartial2">
			<block name="palletBricksPartial2Empty" prob=".66"/>
			<block name="palletBricksPartial2Full" prob=".33"/>
		</placeholder>
	</append>
	<append xpath="/blockplaceholders">
		<placeholder name="palletBricksLoose">
			<block name="palletBricksLooseEmpty" prob=".66"/>
			<block name="palletBricksLooseFull" prob=".33"/>
		</placeholder>
	</append>
	
	<append xpath="/blockplaceholders">
		<placeholder name="palletBlueTarpBase">
			<block name="palletBlueTarpBaseEmpty" prob=".66"/>
			<block name="palletBlueTarpBaseFull" prob=".33"/>
		</placeholder>
	</append>
	<append xpath="/blockplaceholders">
		<placeholder name="palletBlueTarpTile">
			<block name="palletBlueTarpTileEmpty" prob=".66"/>
			<block name="palletBlueTarpTileFull" prob=".33"/>
		</placeholder>
	</append>	
</stallionsden>