<?xml version="1.0" encoding="utf-8"?>
<!--

Game stage spawning: All game stage spawning starts with a "Spawner" which is a named object referenced in the code
or other data (like POIs). The spawner itself contains all of the gamestage information for that particular spawner.
Examples: BloodMoonHorde spawner, or a large POI spawn, or a POI spawn that contains football players.

Each spawner defines a set of game stages. An individual game stage defines the actual spawning and spawning progression 
for that specific stage. The game stage number is an estimate of "difficulty", higher game stages should be harder than
lower game stages.

<spawner name="BloodMoonHorde">
	<gamestage stage="1">
	
		// Starting spawn stage is in this first entry.
		// It will spawn up to 300 zombies, but only 8 can be alive at any one time due to performance reasons.
		// Zombies will be spawned from the ZombiesNight spawn group defined in entitygroups.xml
		// (Optional) The duration of this stage is 1 game hour, after that game hour the next spawn will start OR the spawning will complete
		// if there are no more spawns.
		// (Optional) Interval is a delay in seconds between the end of a spawn group and the next one
		// If we have a use for it this could also trigger a stinger sound.
	
		<spawn group="ZombiesNight" num="300" maxAlive ="8" duration="1" interval="60"/>
		
		// After 300 zombies have been killed this defines a kind of "station keeping" mode
		// where there will be one zombie sent to harass the players until sunrise.
		
		<spawn group="ZombiesNight" num="9999999" maxAlive="1"/>
	</gamestage>
</spawner>

The code will use the highest stage that is less than or equal to your computed stage.
There is no cap on gamestage. If you feel like defining a stage="5000" - go nuts.

The gamestage is calculated once, when the "event" occurs.
When the blood moon rises the game considers nearby players as "a party" and figures out the accumulated gamestage.
This gamestage will be in effect for the duration of the event.
If players log in later or drop out, such as during the blood moon event, the gamestage will not change.

- - - - - - -

There is a metric which maps a player or group of players to a game stage number.


daysSurvived : This is a running total, kept for every individual player, and low-capped at 0.
				Every 24 hours GAME time 1 is added. On every death "daysAliveChangeWhenKilled" is subtracted from the total.

gameStage = playerLevel + playerLevel * (daysSurvived  * daysAliveDifficultyBonus + gameDifficultyMultiplier )

So if a player was level 10 and survived 4 days playing on the Nomad Difficulty when the game stage points are calculated the game stage points would be the sum of
gameStage = (Player Level 10) + ((Player 10) X  (Days Survived 4 X .1 + Nomad Difficulty Multiplier .2))
The total would be 10 + 10 x .6 or 16 game stage points

Now this mainly shows how weight is applied when calculating the gameStage of a party of players:

		gameStage = 0;
		weight = startingWeight;
		foreach (player in partySortedByPlayerLevel) {
			gameStage += (player.level*(1+(player.daysAliveDifficultyBonus*0.1)+GlobalGameDifficultyBonus)*weight;
			weight -= diminishingReturns;
			if (weight <= 0f) {
				break;
			}
		}

- - - - - - -

Which gameStage list of spawn groups is actually picked and "ran" if it calculates a GS of 15?

It rounds down.

At a GS of 15, the <gamestage stage="14"> is used.

At a GS of 14, <gamestage stage="12"> is used.

- - - - - - -

There is a console command: forcegamestage
	This will force a gamestage for testing.
	The calculation will not run at all but you jump directly to the spawn set for this stage.
-->

<gamestages>
	<config 
		startingWeight ="1"
		scavengerGameDifficultyBonus="0"
		adventurerGameDifficultyBonus="0.1"
		nomadGameDifficultyBonus="0.2"
		warriorGameDifficultyBonus="0.3"
		survivalistGameDifficultyBonus="0.4"
		insaneGameDifficultyBonus="0.5"
		daysAliveDifficultyBonus="0.1"
		daysAliveChangeWhenKilled ="2"
		diminishingReturns ="0.2"
	/>
	
	<spawner name="BloodMoonHorde">
		<!-- XXXXXXXXXXXXXXXXXXXXXXXXXXXX  start: auto generated horde stages  XXXXXXXXXXXXXXXXXXXXXXXXXXXX -->
		<gamestage stage="1"><spawn group="hordeStageGS1" num="1" maxalive="1" duration="1"/><spawn group="ZombiesNight" num="1" maxAlive="1"/></gamestage>
		<gamestage stage="2"><spawn group="hordeStageGS2" num="2" maxalive="1" duration="1"/><spawn group="ZombiesNight" num="2" maxAlive="1"/></gamestage>
		<gamestage stage="4"><spawn group="hordeStageGS4" num="4" maxalive="2" duration="1"/><spawn group="ZombiesNight" num="4" maxAlive="1"/></gamestage>
		<gamestage stage="6"><spawn group="hordeStageGS4" num="6" maxalive="3" duration="1"/><spawn group="hordeStageGS6" num="6" maxalive="3" duration="1"/><spawn group="ZombiesNight" num="6" maxAlive="1"/></gamestage>
		<gamestage stage="9"><spawn group="hordeStageGS6" num="9" maxalive="5" duration="1" interval="15"/><spawn group="hordeStageGS9" num="9" maxalive="5" duration="1"/><spawn group="ZombiesNight" num="9" maxAlive="1"/></gamestage>
		<gamestage stage="12"><spawn group="hordeStageGS9" num="12" maxalive="6" duration="1" interval="33"/><spawn group="hordeStageGS12" num="12" maxalive="6" duration="1"/><spawn group="ZombiesNight" num="12" maxAlive="1"/></gamestage>
		<gamestage stage="14"><spawn group="hordeStageGS9" num="14" maxalive="7" duration="1"/><spawn group="hordeStageGS12" num="14" maxalive="7" duration="1"/><spawn group="hordeStageGS14" num="14" maxalive="7" duration="1"/><spawn group="ZombiesNight" num="14" maxAlive="1"/></gamestage>
		<gamestage stage="17"><spawn group="hordeStageGS12" num="17" maxalive="8" duration="1"/><spawn group="hordeStageGS14" num="17" maxalive="8" duration="1"/><spawn group="hordeStageGS17" num="17" maxalive="8" duration="1"/><spawn group="ZombiesNight" num="17" maxAlive="1"/></gamestage>
		<gamestage stage="21"><spawn group="hordeStageGS14" num="17" maxalive="8" duration="1"/><spawn group="hordeStageGS17" num="17" maxalive="8" duration="1"/><spawn group="hordeStageGS21" num="17" maxalive="8" duration="1"/><spawn group="ZombiesNight" num="21" maxAlive="1"/></gamestage>
		<gamestage stage="24"><spawn group="hordeStageGS17" num="18" maxalive="8" duration="1"/><spawn group="hordeStageGS21" num="18" maxalive="8" duration="1"/><spawn group="hordeStageGS24" num="18" maxalive="8" duration="1"/><spawn group="ZombiesNight" num="24" maxAlive="1"/></gamestage>
		<gamestage stage="27"><spawn group="hordeStageGS21" num="18" maxalive="8" duration="1"/><spawn group="hordeStageGS24" num="18" maxalive="8" duration="1"/><spawn group="hordeStageGS27" num="18" maxalive="8" duration="1"/><spawn group="ZombiesNight" num="27" maxAlive="1"/></gamestage>
		<gamestage stage="31"><spawn group="hordeStageGS24" num="18" maxalive="8" duration="1"/><spawn group="hordeStageGS27" num="18" maxalive="8" duration="1"/><spawn group="hordeStageGS31" num="18" maxalive="8" duration="1"/><spawn group="ZombiesNight" num="31" maxAlive="1"/></gamestage>
		<gamestage stage="35"><spawn group="hordeStageGS27" num="18" maxalive="8" duration="1"/><spawn group="hordeStageGS31" num="18" maxalive="8" duration="1"/><spawn group="hordeStageGS35" num="18" maxalive="8" duration="1"/><spawn group="ZombiesNight" num="35" maxAlive="1"/></gamestage>
		<gamestage stage="38"><spawn group="hordeStageGS31" num="19" maxalive="8" duration="1"/><spawn group="hordeStageGS35" num="19" maxalive="8" duration="1"/><spawn group="hordeStageGS38" num="19" maxalive="8" duration="1"/><spawn group="ZombiesNight" num="38" maxAlive="1"/></gamestage>
		<gamestage stage="42"><spawn group="hordeStageGS35" num="19" maxalive="8" duration="2" interval="34"/><spawn group="hordeStageGS38" num="19" maxalive="8" duration="2"/><spawn group="hordeStageGS42" num="19" maxalive="8" duration="2"/><spawn group="ZombiesNight" num="42" maxAlive="1"/></gamestage>
		<gamestage stage="46"><spawn group="hordeStageGS38" num="19" maxalive="8" duration="2" interval="3"/><spawn group="hordeStageGS42" num="19" maxalive="8" duration="2"/><spawn group="hordeStageGS46" num="19" maxalive="8" duration="2"/><spawn group="ZombiesNight" num="46" maxAlive="1"/></gamestage>
		<gamestage stage="50"><spawn group="hordeStageGS42" num="20" maxalive="8" duration="2"/><spawn group="hordeStageGS46" num="20" maxalive="8" duration="2"/><spawn group="hordeStageGS50" num="20" maxalive="8" duration="2"/><spawn group="ZombiesNight" num="50" maxAlive="1"/></gamestage>
		<gamestage stage="55"><spawn group="hordeStageGS46" num="20" maxalive="8" duration="2" interval="35"/><spawn group="hordeStageGS50" num="20" maxalive="8" duration="2"/><spawn group="hordeStageGS55" num="20" maxalive="8" duration="2"/><spawn group="ZombiesNight" num="55" maxAlive="1"/></gamestage>
		<gamestage stage="59"><spawn group="hordeStageGS50" num="20" maxalive="8" duration="2"/><spawn group="hordeStageGS55" num="20" maxalive="8" duration="2"/><spawn group="hordeStageGS59" num="20" maxalive="8" duration="2"/><spawn group="ZombiesNight" num="59" maxAlive="2"/></gamestage>
		<gamestage stage="63"><spawn group="hordeStageGS55" num="21" maxalive="8" duration="2"/><spawn group="hordeStageGS59" num="21" maxalive="8" duration="2"/><spawn group="hordeStageGS63" num="21" maxalive="8" duration="2"/><spawn group="ZombiesNight" num="63" maxAlive="2"/></gamestage>
		<gamestage stage="68"><spawn group="hordeStageGS59" num="21" maxalive="8" duration="2" interval="8"/><spawn group="hordeStageGS63" num="21" maxalive="8" duration="2"/><spawn group="hordeStageGS68" num="21" maxalive="8" duration="2"/><spawn group="ZombiesNight" num="68" maxAlive="2"/></gamestage>
		<gamestage stage="72"><spawn group="hordeStageGS63" num="22" maxalive="8" duration="2"/><spawn group="hordeStageGS68" num="22" maxalive="8" duration="2"/><spawn group="hordeStageGS72" num="22" maxalive="8" duration="2"/><spawn group="ZombiesNight" num="72" maxAlive="2"/></gamestage>
		<gamestage stage="77"><spawn group="hordeStageGS68" num="22" maxalive="8" duration="2"/><spawn group="hordeStageGS72" num="22" maxalive="8" duration="2" interval="2"/><spawn group="hordeStageGS77" num="22" maxalive="8" duration="2"/><spawn group="ZombiesNight" num="77" maxAlive="2"/></gamestage>
		<gamestage stage="82"><spawn group="hordeStageGS72" num="22" maxalive="8" duration="2"/><spawn group="hordeStageGS77" num="22" maxalive="8" duration="2"/><spawn group="hordeStageGS82" num="22" maxalive="8" duration="2"/><spawn group="ZombiesNight" num="82" maxAlive="2"/></gamestage>
		<gamestage stage="86"><spawn group="hordeStageGS77" num="23" maxalive="8" duration="2"/><spawn group="hordeStageGS82" num="23" maxalive="8" duration="2" interval="28"/><spawn group="hordeStageGS86" num="23" maxalive="8" duration="2"/><spawn group="ZombiesNight" num="86" maxAlive="2"/></gamestage>
		<gamestage stage="91"><spawn group="hordeStageGS82" num="23" maxalive="8" duration="2"/><spawn group="hordeStageGS86" num="23" maxalive="8" duration="2" interval="10"/><spawn group="hordeStageGS91" num="23" maxalive="8" duration="2"/><spawn group="ZombiesNight" num="91" maxAlive="2"/></gamestage>
		<gamestage stage="96"><spawn group="hordeStageGS86" num="24" maxalive="8" duration="2"/><spawn group="hordeStageGS91" num="24" maxalive="8" duration="2"/><spawn group="hordeStageGS96" num="24" maxalive="8" duration="2"/><spawn group="ZombiesNight" num="96" maxAlive="2"/></gamestage>
		<gamestage stage="101"><spawn group="hordeStageGS91" num="24" maxalive="8" duration="2" interval="12"/><spawn group="hordeStageGS96" num="24" maxalive="8" duration="2"/><spawn group="hordeStageGS101" num="24" maxalive="8" duration="2"/><spawn group="ZombiesNight" num="101" maxAlive="2"/></gamestage>
		<gamestage stage="106"><spawn group="hordeStageGS96" num="24" maxalive="8" duration="3" interval="17"/><spawn group="hordeStageGS101" num="24" maxalive="8" duration="3"/><spawn group="hordeStageGS106" num="24" maxalive="8" duration="3"/><spawn group="ZombiesNight" num="106" maxAlive="2"/></gamestage>
		<gamestage stage="111"><spawn group="hordeStageGS101" num="25" maxalive="8" duration="3"/><spawn group="hordeStageGS106" num="25" maxalive="8" duration="3"/><spawn group="hordeStageGS111" num="25" maxalive="8" duration="3"/><spawn group="ZombiesNight" num="111" maxAlive="2"/></gamestage>
		<gamestage stage="117"><spawn group="hordeStageGS106" num="25" maxalive="8" duration="3"/><spawn group="hordeStageGS111" num="25" maxalive="8" duration="3"/><spawn group="hordeStageGS117" num="25" maxalive="8" duration="3"/><spawn group="ZombiesNight" num="117" maxAlive="2"/></gamestage>
		<gamestage stage="122"><spawn group="hordeStageGS111" num="26" maxalive="8" duration="3"/><spawn group="hordeStageGS117" num="26" maxalive="8" duration="3"/><spawn group="hordeStageGS122" num="26" maxalive="8" duration="3"/><spawn group="ZombiesNight" num="122" maxAlive="2"/></gamestage>
		<gamestage stage="127"><spawn group="hordeStageGS117" num="26" maxalive="8" duration="3"/><spawn group="hordeStageGS122" num="26" maxalive="8" duration="3"/><spawn group="hordeStageGS127" num="26" maxalive="8" duration="3"/><spawn group="ZombiesNight" num="127" maxAlive="2"/></gamestage>
		<gamestage stage="133"><spawn group="hordeStageGS122" num="27" maxalive="8" duration="3"/><spawn group="hordeStageGS127" num="27" maxalive="8" duration="3"/><spawn group="hordeStageGS133" num="27" maxalive="8" duration="3"/><spawn group="ZombiesNight" num="133" maxAlive="2"/></gamestage>
		<gamestage stage="138"><spawn group="hordeStageGS127" num="27" maxalive="8" duration="3"/><spawn group="hordeStageGS133" num="27" maxalive="8" duration="3" interval="30"/><spawn group="hordeStageGS138" num="27" maxalive="8" duration="3"/><spawn group="ZombiesNight" num="138" maxAlive="2"/></gamestage>
		<gamestage stage="144"><spawn group="hordeStageGS133" num="28" maxalive="8" duration="3"/><spawn group="hordeStageGS138" num="28" maxalive="8" duration="3"/><spawn group="hordeStageGS144" num="28" maxalive="8" duration="3"/><spawn group="ZombiesNight" num="144" maxAlive="2"/></gamestage>
		<gamestage stage="149"><spawn group="hordeStageGS138" num="28" maxalive="8" duration="3"/><spawn group="hordeStageGS144" num="28" maxalive="8" duration="3" interval="8"/><spawn group="hordeStageGS149" num="28" maxalive="8" duration="3"/><spawn group="ZombiesNight" num="149" maxAlive="2"/></gamestage>
		<gamestage stage="155"><spawn group="hordeStageGS144" num="29" maxalive="8" duration="3"/><spawn group="hordeStageGS149" num="29" maxalive="8" duration="3"/><spawn group="hordeStageGS155" num="29" maxalive="8" duration="3"/><spawn group="ZombiesNight" num="155" maxAlive="2"/></gamestage>
		<gamestage stage="160"><spawn group="hordeStageGS149" num="29" maxalive="8" duration="3" interval="13"/><spawn group="hordeStageGS155" num="29" maxalive="8" duration="3"/><spawn group="hordeStageGS160" num="29" maxalive="8" duration="3"/><spawn group="ZombiesNight" num="160" maxAlive="2"/></gamestage>
		<gamestage stage="166"><spawn group="hordeStageGS155" num="29" maxalive="8" duration="3"/><spawn group="hordeStageGS160" num="29" maxalive="8" duration="3"/><spawn group="hordeStageGS166" num="29" maxalive="8" duration="3"/><spawn group="ZombiesNight" num="166" maxAlive="2"/></gamestage>
		<gamestage stage="172"><spawn group="hordeStageGS160" num="30" maxalive="8" duration="3" interval="37"/><spawn group="hordeStageGS166" num="30" maxalive="8" duration="3" interval="10"/><spawn group="hordeStageGS172" num="30" maxalive="8" duration="3"/><spawn group="ZombiesNight" num="172" maxAlive="2"/></gamestage>
		<gamestage stage="178"><spawn group="hordeStageGS166" num="30" maxalive="8" duration="3"/><spawn group="hordeStageGS172" num="30" maxalive="8" duration="3"/><spawn group="hordeStageGS178" num="30" maxalive="8" duration="3"/><spawn group="ZombiesNight" num="178" maxAlive="2"/></gamestage>
		<gamestage stage="184"><spawn group="hordeStageGS172" num="31" maxalive="8" duration="3"/><spawn group="hordeStageGS178" num="31" maxalive="8" duration="3" interval="2"/><spawn group="hordeStageGS184" num="31" maxalive="8" duration="3"/><spawn group="ZombiesNight" num="184" maxAlive="2"/></gamestage>
		<gamestage stage="190"><spawn group="hordeStageGS178" num="31" maxalive="8" duration="3"/><spawn group="hordeStageGS184" num="31" maxalive="8" duration="3"/><spawn group="hordeStageGS190" num="31" maxalive="8" duration="3"/><spawn group="ZombiesNight" num="190" maxAlive="2"/></gamestage>
		<gamestage stage="196"><spawn group="hordeStageGS184" num="32" maxalive="8" duration="3"/><spawn group="hordeStageGS190" num="32" maxalive="8" duration="3"/><spawn group="hordeStageGS196" num="32" maxalive="8" duration="3"/><spawn group="ZombiesNight" num="196" maxAlive="2"/></gamestage>
		<gamestage stage="202"><spawn group="hordeStageGS190" num="32" maxalive="8" duration="3"/><spawn group="hordeStageGS196" num="32" maxalive="8" duration="3"/><spawn group="hordeStageGS202" num="32" maxalive="8" duration="3"/><spawn group="ZombiesNight" num="202" maxAlive="2"/></gamestage>
		<gamestage stage="208"><spawn group="hordeStageGS196" num="33" maxalive="8" duration="3"/><spawn group="hordeStageGS202" num="33" maxalive="8" duration="3" interval="28"/><spawn group="hordeStageGS208" num="33" maxalive="8" duration="3"/><spawn group="ZombiesNight" num="208" maxAlive="2"/></gamestage>
		<gamestage stage="214"><spawn group="hordeStageGS202" num="33" maxalive="8" duration="3" interval="37"/><spawn group="hordeStageGS208" num="33" maxalive="8" duration="3"/><spawn group="hordeStageGS214" num="33" maxalive="8" duration="3"/><spawn group="ZombiesNight" num="214" maxAlive="2"/></gamestage>
		<gamestage stage="220"><spawn group="hordeStageGS208" num="34" maxalive="8" duration="3" interval="22"/><spawn group="hordeStageGS214" num="34" maxalive="8" duration="3"/><spawn group="hordeStageGS220" num="34" maxalive="8" duration="3"/><spawn group="ZombiesNight" num="220" maxAlive="2"/></gamestage>
		<gamestage stage="227"><spawn group="hordeStageGS214" num="35" maxalive="8" duration="3"/><spawn group="hordeStageGS220" num="35" maxalive="8" duration="3" interval="1"/><spawn group="hordeStageGS227" num="35" maxalive="8" duration="3"/><spawn group="ZombiesNight" num="227" maxAlive="2"/></gamestage>
		<gamestage stage="233"><spawn group="hordeStageGS220" num="35" maxalive="8" duration="3"/><spawn group="hordeStageGS227" num="35" maxalive="8" duration="3" interval="31"/><spawn group="hordeStageGS233" num="35" maxalive="8" duration="3"/><spawn group="ZombiesNight" num="233" maxAlive="2"/></gamestage>
		<gamestage stage="239"><spawn group="hordeStageGS227" num="36" maxalive="8" duration="3"/><spawn group="hordeStageGS233" num="36" maxalive="8" duration="3"/><spawn group="hordeStageGS239" num="36" maxalive="8" duration="3"/><spawn group="ZombiesNight" num="239" maxAlive="2"/></gamestage>
		<gamestage stage="246"><spawn group="hordeStageGS233" num="36" maxalive="8" duration="3" interval="25"/><spawn group="hordeStageGS239" num="36" maxalive="8" duration="3"/><spawn group="hordeStageGS246" num="36" maxalive="8" duration="3"/><spawn group="ZombiesNight" num="246" maxAlive="2"/></gamestage>
		<gamestage stage="252"><spawn group="hordeStageGS239" num="37" maxalive="8" duration="3" interval="7"/><spawn group="hordeStageGS246" num="37" maxalive="8" duration="3"/><spawn group="hordeStageGS252" num="37" maxalive="8" duration="3"/><spawn group="ZombiesNight" num="252" maxAlive="2"/></gamestage>
		<gamestage stage="259"><spawn group="hordeStageGS246" num="37" maxalive="8" duration="3"/><spawn group="hordeStageGS252" num="37" maxalive="8" duration="3"/><spawn group="hordeStageGS259" num="37" maxalive="8" duration="3"/><spawn group="ZombiesNight" num="259" maxAlive="2"/></gamestage>
		<gamestage stage="265"><spawn group="hordeStageGS252" num="38" maxalive="8" duration="3"/><spawn group="hordeStageGS259" num="38" maxalive="8" duration="3"/><spawn group="hordeStageGS265" num="38" maxalive="8" duration="3"/><spawn group="ZombiesNight" num="265" maxAlive="2"/></gamestage>
		<gamestage stage="272"><spawn group="hordeStageGS259" num="38" maxalive="8" duration="3" interval="6"/><spawn group="hordeStageGS265" num="38" maxalive="8" duration="3"/><spawn group="hordeStageGS272" num="38" maxalive="8" duration="3"/><spawn group="ZombiesNight" num="272" maxAlive="2"/></gamestage>
		<gamestage stage="279"><spawn group="hordeStageGS265" num="39" maxalive="8" duration="3"/><spawn group="hordeStageGS272" num="39" maxalive="8" duration="3"/><spawn group="hordeStageGS279" num="39" maxalive="8" duration="3"/><spawn group="ZombiesNight" num="279" maxAlive="2"/></gamestage>
		<gamestage stage="285"><spawn group="hordeStageGS272" num="39" maxalive="8" duration="3"/><spawn group="hordeStageGS279" num="39" maxalive="8" duration="3"/><spawn group="hordeStageGS285" num="39" maxalive="8" duration="3"/><spawn group="ZombiesNight" num="285" maxAlive="2"/></gamestage>
		<gamestage stage="292"><spawn group="hordeStageGS279" num="40" maxalive="8" duration="3"/><spawn group="hordeStageGS285" num="40" maxalive="8" duration="3"/><spawn group="hordeStageGS292" num="40" maxalive="8" duration="3"/><spawn group="ZombiesNight" num="292" maxAlive="2"/></gamestage>
		<gamestage stage="299"><spawn group="hordeStageGS285" num="41" maxalive="8" duration="3"/><spawn group="hordeStageGS292" num="41" maxalive="8" duration="3" interval="25"/><spawn group="hordeStageGS299" num="41" maxalive="8" duration="3"/><spawn group="ZombiesNight" num="299" maxAlive="2"/></gamestage>
		<gamestage stage="306"><spawn group="hordeStageGS292" num="41" maxalive="8" duration="3"/><spawn group="hordeStageGS299" num="41" maxalive="8" duration="3" interval="17"/><spawn group="hordeStageGS306" num="41" maxalive="8" duration="3"/><spawn group="ZombiesNight" num="306" maxAlive="2"/></gamestage>
		<gamestage stage="312"><spawn group="hordeStageGS299" num="42" maxalive="8" duration="3"/><spawn group="hordeStageGS306" num="42" maxalive="8" duration="3"/><spawn group="hordeStageGS312" num="42" maxalive="8" duration="3"/><spawn group="ZombiesNight" num="312" maxAlive="2"/></gamestage>
		<gamestage stage="319"><spawn group="hordeStageGS306" num="42" maxalive="8" duration="3" interval="10"/><spawn group="hordeStageGS312" num="42" maxalive="8" duration="3" interval="9"/><spawn group="hordeStageGS319" num="42" maxalive="8" duration="3"/><spawn group="ZombiesNight" num="319" maxAlive="2"/></gamestage>
		<gamestage stage="326"><spawn group="hordeStageGS312" num="43" maxalive="8" duration="3"/><spawn group="hordeStageGS319" num="43" maxalive="8" duration="3"/><spawn group="hordeStageGS326" num="43" maxalive="8" duration="3"/><spawn group="ZombiesNight" num="326" maxAlive="2"/></gamestage>
		<gamestage stage="333"><spawn group="hordeStageGS319" num="43" maxalive="8" duration="3"/><spawn group="hordeStageGS326" num="43" maxalive="8" duration="3"/><spawn group="hordeStageGS333" num="43" maxalive="8" duration="3"/><spawn group="ZombiesNight" num="333" maxAlive="2"/></gamestage>
		<gamestage stage="340"><spawn group="hordeStageGS326" num="44" maxalive="8" duration="3"/><spawn group="hordeStageGS333" num="44" maxalive="8" duration="3" interval="28"/><spawn group="hordeStageGS340" num="44" maxalive="8" duration="3"/><spawn group="ZombiesNight" num="340" maxAlive="2"/></gamestage>
		<gamestage stage="347"><spawn group="hordeStageGS333" num="45" maxalive="8" duration="3"/><spawn group="hordeStageGS340" num="45" maxalive="8" duration="3"/><spawn group="hordeStageGS347" num="45" maxalive="8" duration="3"/><spawn group="ZombiesNight" num="347" maxAlive="2"/></gamestage>
		<gamestage stage="355"><spawn group="hordeStageGS340" num="45" maxalive="8" duration="3" interval="18"/><spawn group="hordeStageGS347" num="45" maxalive="8" duration="3" interval="20"/><spawn group="hordeStageGS355" num="45" maxalive="8" duration="3"/><spawn group="ZombiesNight" num="355" maxAlive="2"/></gamestage>
		<gamestage stage="362"><spawn group="hordeStageGS347" num="46" maxalive="8" duration="3"/><spawn group="hordeStageGS355" num="46" maxalive="8" duration="3"/><spawn group="hordeStageGS362" num="46" maxalive="8" duration="3"/><spawn group="ZombiesNight" num="362" maxAlive="2"/></gamestage>
		<gamestage stage="369"><spawn group="hordeStageGS355" num="46" maxalive="8" duration="3"/><spawn group="hordeStageGS362" num="46" maxalive="8" duration="3"/><spawn group="hordeStageGS369" num="46" maxalive="8" duration="3"/><spawn group="ZombiesNight" num="369" maxAlive="2"/></gamestage>
		<gamestage stage="376"><spawn group="hordeStageGS362" num="47" maxalive="8" duration="3" interval="35"/><spawn group="hordeStageGS369" num="47" maxalive="8" duration="3"/><spawn group="hordeStageGS376" num="47" maxalive="8" duration="3"/><spawn group="ZombiesNight" num="376" maxAlive="2"/></gamestage>
		<gamestage stage="383"><spawn group="hordeStageGS369" num="48" maxalive="8" duration="3" interval="22"/><spawn group="hordeStageGS376" num="48" maxalive="8" duration="3"/><spawn group="hordeStageGS383" num="48" maxalive="8" duration="3"/><spawn group="ZombiesNight" num="383" maxAlive="2"/></gamestage>
		<gamestage stage="391"><spawn group="hordeStageGS376" num="48" maxalive="8" duration="3"/><spawn group="hordeStageGS383" num="48" maxalive="8" duration="3" interval="38"/><spawn group="hordeStageGS391" num="48" maxalive="8" duration="3"/><spawn group="ZombiesNight" num="391" maxAlive="2"/></gamestage>
		<gamestage stage="398"><spawn group="hordeStageGS383" num="49" maxalive="8" duration="3"/><spawn group="hordeStageGS391" num="49" maxalive="8" duration="3" interval="16"/><spawn group="hordeStageGS398" num="49" maxalive="8" duration="3"/><spawn group="ZombiesNight" num="398" maxAlive="2"/></gamestage>
		<gamestage stage="405"><spawn group="hordeStageGS391" num="50" maxalive="8" duration="3"/><spawn group="hordeStageGS398" num="50" maxalive="8" duration="3"/><spawn group="hordeStageGS405" num="50" maxalive="8" duration="3"/><spawn group="ZombiesNight" num="405" maxAlive="2"/></gamestage>
		<gamestage stage="413"><spawn group="hordeStageGS398" num="50" maxalive="8" duration="3"/><spawn group="hordeStageGS405" num="50" maxalive="8" duration="3"/><spawn group="hordeStageGS413" num="50" maxalive="8" duration="3"/><spawn group="ZombiesNight" num="413" maxAlive="2"/></gamestage>
		<gamestage stage="420"><spawn group="hordeStageGS405" num="51" maxalive="8" duration="3" interval="29"/><spawn group="hordeStageGS413" num="51" maxalive="8" duration="3"/><spawn group="hordeStageGS420" num="51" maxalive="8" duration="3"/><spawn group="ZombiesNight" num="420" maxAlive="2"/></gamestage>
		<gamestage stage="428"><spawn group="hordeStageGS413" num="51" maxalive="8" duration="3"/><spawn group="hordeStageGS420" num="51" maxalive="8" duration="3" interval="40"/><spawn group="hordeStageGS428" num="51" maxalive="8" duration="3"/><spawn group="ZombiesNight" num="428" maxAlive="2"/></gamestage>
		<gamestage stage="435"><spawn group="hordeStageGS420" num="52" maxalive="8" duration="3"/><spawn group="hordeStageGS428" num="52" maxalive="8" duration="3" interval="30"/><spawn group="hordeStageGS435" num="52" maxalive="8" duration="3"/><spawn group="ZombiesNight" num="435" maxAlive="2"/></gamestage>
		<gamestage stage="443"><spawn group="hordeStageGS428" num="53" maxalive="8" duration="3" interval="12"/><spawn group="hordeStageGS435" num="53" maxalive="8" duration="3"/><spawn group="hordeStageGS443" num="53" maxalive="8" duration="3"/><spawn group="ZombiesNight" num="443" maxAlive="2"/></gamestage>
		<gamestage stage="451"><spawn group="hordeStageGS435" num="53" maxalive="8" duration="3"/><spawn group="hordeStageGS443" num="53" maxalive="8" duration="3"/><spawn group="hordeStageGS451" num="53" maxalive="8" duration="3"/><spawn group="ZombiesNight" num="451" maxAlive="2"/></gamestage>
		<gamestage stage="458"><spawn group="hordeStageGS443" num="54" maxalive="8" duration="3"/><spawn group="hordeStageGS451" num="54" maxalive="8" duration="3"/><spawn group="hordeStageGS458" num="54" maxalive="8" duration="3"/><spawn group="ZombiesNight" num="458" maxAlive="2"/></gamestage>
		<gamestage stage="466"><spawn group="hordeStageGS451" num="55" maxalive="8" duration="3"/><spawn group="hordeStageGS458" num="55" maxalive="8" duration="3" interval="28"/><spawn group="hordeStageGS466" num="55" maxalive="8" duration="3"/><spawn group="ZombiesNight" num="466" maxAlive="2"/></gamestage>
		<gamestage stage="474"><spawn group="hordeStageGS458" num="55" maxalive="8" duration="3"/><spawn group="hordeStageGS466" num="55" maxalive="8" duration="3"/><spawn group="hordeStageGS474" num="55" maxalive="8" duration="3"/><spawn group="ZombiesNight" num="474" maxAlive="2"/></gamestage>
		<gamestage stage="481"><spawn group="hordeStageGS466" num="56" maxalive="8" duration="3"/><spawn group="hordeStageGS474" num="56" maxalive="8" duration="3" interval="17"/><spawn group="hordeStageGS481" num="56" maxalive="8" duration="3"/><spawn group="ZombiesNight" num="481" maxAlive="2"/></gamestage>
		<gamestage stage="489"><spawn group="hordeStageGS474" num="57" maxalive="8" duration="3"/><spawn group="hordeStageGS481" num="57" maxalive="8" duration="3" interval="33"/><spawn group="hordeStageGS489" num="57" maxalive="8" duration="3"/><spawn group="ZombiesNight" num="489" maxAlive="2"/></gamestage>
		<gamestage stage="497"><spawn group="hordeStageGS481" num="57" maxalive="8" duration="3"/><spawn group="hordeStageGS489" num="57" maxalive="8" duration="3"/><spawn group="hordeStageGS497" num="57" maxalive="8" duration="3"/><spawn group="ZombiesNight" num="497" maxAlive="2"/></gamestage>
		<gamestage stage="505"><spawn group="hordeStageGS489" num="58" maxalive="8" duration="3"/><spawn group="hordeStageGS497" num="58" maxalive="8" duration="3"/><spawn group="hordeStageGS505" num="58" maxalive="8" duration="3"/><spawn group="ZombiesNight" num="505" maxAlive="2"/></gamestage>
		<gamestage stage="513"><spawn group="hordeStageGS497" num="59" maxalive="8" duration="3"/><spawn group="hordeStageGS505" num="59" maxalive="8" duration="3"/><spawn group="hordeStageGS513" num="59" maxalive="8" duration="3"/><spawn group="ZombiesNight" num="513" maxAlive="2"/></gamestage>
		<gamestage stage="521"><spawn group="hordeStageGS505" num="59" maxalive="8" duration="3"/><spawn group="hordeStageGS513" num="59" maxalive="8" duration="3"/><spawn group="hordeStageGS521" num="59" maxalive="8" duration="3"/><spawn group="ZombiesNight" num="521" maxAlive="2"/></gamestage>
		<gamestage stage="529"><spawn group="hordeStageGS513" num="60" maxalive="8" duration="3"/><spawn group="hordeStageGS521" num="60" maxalive="8" duration="3"/><spawn group="hordeStageGS529" num="60" maxalive="8" duration="3"/><spawn group="ZombiesNight" num="529" maxAlive="2"/></gamestage>
		<gamestage stage="537"><spawn group="hordeStageGS521" num="61" maxalive="8" duration="3"/><spawn group="hordeStageGS529" num="61" maxalive="8" duration="3"/><spawn group="hordeStageGS537" num="61" maxalive="8" duration="3"/><spawn group="ZombiesNight" num="537" maxAlive="2"/></gamestage>
		<gamestage stage="545"><spawn group="hordeStageGS529" num="61" maxalive="8" duration="3"/><spawn group="hordeStageGS537" num="61" maxalive="8" duration="3"/><spawn group="hordeStageGS545" num="61" maxalive="8" duration="3"/><spawn group="ZombiesNight" num="545" maxAlive="2"/></gamestage>
		<gamestage stage="553"><spawn group="hordeStageGS537" num="62" maxalive="8" duration="3"/><spawn group="hordeStageGS545" num="62" maxalive="8" duration="3"/><spawn group="hordeStageGS553" num="62" maxalive="8" duration="3"/><spawn group="ZombiesNight" num="553" maxAlive="2"/></gamestage>
		<gamestage stage="561"><spawn group="hordeStageGS545" num="63" maxalive="8" duration="3" interval="40"/><spawn group="hordeStageGS553" num="63" maxalive="8" duration="3"/><spawn group="hordeStageGS561" num="63" maxalive="8" duration="3"/><spawn group="ZombiesNight" num="561" maxAlive="2"/></gamestage>
		<gamestage stage="569"><spawn group="hordeStageGS553" num="63" maxalive="8" duration="3" interval="33"/><spawn group="hordeStageGS561" num="63" maxalive="8" duration="3"/><spawn group="hordeStageGS569" num="63" maxalive="8" duration="3"/><spawn group="ZombiesNight" num="569" maxAlive="2"/></gamestage>
		<gamestage stage="577"><spawn group="hordeStageGS561" num="64" maxalive="8" duration="3"/><spawn group="hordeStageGS569" num="64" maxalive="8" duration="3"/><spawn group="hordeStageGS577" num="64" maxalive="8" duration="3"/><spawn group="ZombiesNight" num="577" maxAlive="2"/></gamestage>
		<gamestage stage="585"><spawn group="hordeStageGS569" num="65" maxalive="8" duration="3"/><spawn group="hordeStageGS577" num="65" maxalive="8" duration="3"/><spawn group="hordeStageGS585" num="65" maxalive="8" duration="3"/><spawn group="ZombiesNight" num="585" maxAlive="2"/></gamestage>
		<gamestage stage="594"><spawn group="hordeStageGS577" num="65" maxalive="8" duration="3" interval="4"/><spawn group="hordeStageGS585" num="65" maxalive="8" duration="3"/><spawn group="hordeStageGS594" num="65" maxalive="8" duration="3"/><spawn group="ZombiesNight" num="594" maxAlive="2"/></gamestage>
		<gamestage stage="602"><spawn group="hordeStageGS585" num="66" maxalive="8" duration="3"/><spawn group="hordeStageGS594" num="66" maxalive="8" duration="3" interval="8"/><spawn group="hordeStageGS602" num="66" maxalive="8" duration="3"/><spawn group="ZombiesNight" num="602" maxAlive="2"/></gamestage>
		<gamestage stage="610"><spawn group="hordeStageGS594" num="67" maxalive="8" duration="3"/><spawn group="hordeStageGS602" num="67" maxalive="8" duration="3" interval="18"/><spawn group="hordeStageGS610" num="67" maxalive="8" duration="3"/><spawn group="ZombiesNight" num="610" maxAlive="2"/></gamestage>
		<gamestage stage="618"><spawn group="hordeStageGS602" num="67" maxalive="8" duration="3"/><spawn group="hordeStageGS610" num="67" maxalive="8" duration="3" interval="15"/><spawn group="hordeStageGS618" num="67" maxalive="8" duration="3"/><spawn group="ZombiesNight" num="618" maxAlive="2"/></gamestage>
		<gamestage stage="627"><spawn group="hordeStageGS610" num="68" maxalive="8" duration="3"/><spawn group="hordeStageGS618" num="68" maxalive="8" duration="3"/><spawn group="hordeStageGS627" num="68" maxalive="8" duration="3"/><spawn group="ZombiesNight" num="627" maxAlive="2"/></gamestage>
		<gamestage stage="635"><spawn group="hordeStageGS618" num="69" maxalive="8" duration="3"/><spawn group="hordeStageGS627" num="69" maxalive="8" duration="3"/><spawn group="hordeStageGS635" num="69" maxalive="8" duration="3"/><spawn group="ZombiesNight" num="635" maxAlive="2"/></gamestage>
		<gamestage stage="644"><spawn group="hordeStageGS627" num="70" maxalive="8" duration="3" interval="10"/><spawn group="hordeStageGS635" num="70" maxalive="8" duration="3"/><spawn group="hordeStageGS644" num="70" maxalive="8" duration="3"/><spawn group="ZombiesNight" num="644" maxAlive="2"/></gamestage>
		<gamestage stage="652"><spawn group="hordeStageGS635" num="70" maxalive="8" duration="3"/><spawn group="hordeStageGS644" num="70" maxalive="8" duration="3"/><spawn group="hordeStageGS652" num="70" maxalive="8" duration="3"/><spawn group="ZombiesNight" num="652" maxAlive="2"/></gamestage>
		<gamestage stage="660"><spawn group="hordeStageGS644" num="71" maxalive="8" duration="3" interval="1"/><spawn group="hordeStageGS652" num="71" maxalive="8" duration="3"/><spawn group="hordeStageGS660" num="71" maxalive="8" duration="3"/><spawn group="ZombiesNight" num="660" maxAlive="2"/></gamestage>
		<gamestage stage="669"><spawn group="hordeStageGS652" num="72" maxalive="8" duration="3"/><spawn group="hordeStageGS660" num="72" maxalive="8" duration="3"/><spawn group="hordeStageGS669" num="72" maxalive="8" duration="3"/><spawn group="ZombiesNight" num="669" maxAlive="2"/></gamestage>
		<gamestage stage="677"><spawn group="hordeStageGS660" num="72" maxalive="8" duration="3" interval="30"/><spawn group="hordeStageGS669" num="72" maxalive="8" duration="3"/><spawn group="hordeStageGS677" num="72" maxalive="8" duration="3"/><spawn group="ZombiesNight" num="677" maxAlive="2"/></gamestage>
		<gamestage stage="686"><spawn group="hordeStageGS669" num="73" maxalive="8" duration="3"/><spawn group="hordeStageGS677" num="73" maxalive="8" duration="3"/><spawn group="hordeStageGS686" num="73" maxalive="8" duration="3"/><spawn group="ZombiesNight" num="686" maxAlive="2"/></gamestage>
		<gamestage stage="695"><spawn group="hordeStageGS677" num="74" maxalive="8" duration="3" interval="15"/><spawn group="hordeStageGS686" num="74" maxalive="8" duration="3"/><spawn group="hordeStageGS695" num="74" maxalive="8" duration="3"/><spawn group="ZombiesNight" num="695" maxAlive="2"/></gamestage>
		<gamestage stage="703"><spawn group="hordeStageGS686" num="75" maxalive="8" duration="3"/><spawn group="hordeStageGS695" num="75" maxalive="8" duration="3"/><spawn group="hordeStageGS703" num="75" maxalive="8" duration="3"/><spawn group="ZombiesNight" num="703" maxAlive="2"/></gamestage>
		<gamestage stage="712"><spawn group="hordeStageGS695" num="75" maxalive="8" duration="3"/><spawn group="hordeStageGS703" num="75" maxalive="8" duration="3"/><spawn group="hordeStageGS712" num="75" maxalive="8" duration="3"/><spawn group="ZombiesNight" num="712" maxAlive="2"/></gamestage>
		<gamestage stage="721"><spawn group="hordeStageGS703" num="76" maxalive="8" duration="3"/><spawn group="hordeStageGS712" num="76" maxalive="8" duration="3"/><spawn group="hordeStageGS721" num="76" maxalive="8" duration="3"/><spawn group="ZombiesNight" num="721" maxAlive="2"/></gamestage>
		<gamestage stage="729"><spawn group="hordeStageGS712" num="77" maxalive="8" duration="3"/><spawn group="hordeStageGS721" num="77" maxalive="8" duration="3"/><spawn group="hordeStageGS729" num="77" maxalive="8" duration="3"/><spawn group="ZombiesNight" num="729" maxAlive="2"/></gamestage>
		<gamestage stage="738"><spawn group="hordeStageGS721" num="77" maxalive="8" duration="3"/><spawn group="hordeStageGS729" num="77" maxalive="8" duration="3"/><spawn group="hordeStageGS738" num="77" maxalive="8" duration="3"/><spawn group="ZombiesNight" num="738" maxAlive="2"/></gamestage>
		<gamestage stage="747"><spawn group="hordeStageGS729" num="78" maxalive="8" duration="3"/><spawn group="hordeStageGS738" num="78" maxalive="8" duration="3" interval="34"/><spawn group="hordeStageGS747" num="78" maxalive="8" duration="3"/><spawn group="ZombiesNight" num="747" maxAlive="2"/></gamestage>
		<gamestage stage="756"><spawn group="hordeStageGS738" num="79" maxalive="8" duration="3"/><spawn group="hordeStageGS747" num="79" maxalive="8" duration="3"/><spawn group="hordeStageGS756" num="79" maxalive="8" duration="3"/><spawn group="ZombiesNight" num="756" maxAlive="2"/></gamestage>
		<gamestage stage="764"><spawn group="hordeStageGS747" num="80" maxalive="8" duration="3"/><spawn group="hordeStageGS756" num="80" maxalive="8" duration="3"/><spawn group="hordeStageGS764" num="80" maxalive="8" duration="3"/><spawn group="ZombiesNight" num="764" maxAlive="2"/></gamestage>
		<gamestage stage="773"><spawn group="hordeStageGS756" num="80" maxalive="8" duration="3"/><spawn group="hordeStageGS764" num="80" maxalive="8" duration="3"/><spawn group="hordeStageGS773" num="80" maxalive="8" duration="3"/><spawn group="ZombiesNight" num="773" maxAlive="2"/></gamestage>
		<gamestage stage="782"><spawn group="hordeStageGS764" num="81" maxalive="8" duration="3"/><spawn group="hordeStageGS773" num="81" maxalive="8" duration="3"/><spawn group="hordeStageGS782" num="81" maxalive="8" duration="3"/><spawn group="ZombiesNight" num="782" maxAlive="2"/></gamestage>
		<gamestage stage="791"><spawn group="hordeStageGS773" num="82" maxalive="8" duration="3"/><spawn group="hordeStageGS782" num="82" maxalive="8" duration="3"/><spawn group="hordeStageGS791" num="82" maxalive="8" duration="3"/><spawn group="ZombiesNight" num="791" maxAlive="2"/></gamestage>
		<gamestage stage="800"><spawn group="hordeStageGS782" num="83" maxalive="8" duration="3"/><spawn group="hordeStageGS791" num="83" maxalive="8" duration="3"/><spawn group="hordeStageGS800" num="83" maxalive="8" duration="3"/><spawn group="ZombiesNight" num="800" maxAlive="2"/></gamestage>
		<gamestage stage="809"><spawn group="hordeStageGS791" num="83" maxalive="8" duration="3"/><spawn group="hordeStageGS800" num="83" maxalive="8" duration="3"/><spawn group="hordeStageGS809" num="83" maxalive="8" duration="3"/><spawn group="ZombiesNight" num="809" maxAlive="2"/></gamestage>
		<gamestage stage="818"><spawn group="hordeStageGS800" num="84" maxalive="8" duration="3"/><spawn group="hordeStageGS809" num="84" maxalive="8" duration="3"/><spawn group="hordeStageGS818" num="84" maxalive="8" duration="3"/><spawn group="ZombiesNight" num="818" maxAlive="2"/></gamestage>
		<gamestage stage="827"><spawn group="hordeStageGS809" num="85" maxalive="8" duration="3"/><spawn group="hordeStageGS818" num="85" maxalive="8" duration="3"/><spawn group="hordeStageGS827" num="85" maxalive="8" duration="3"/><spawn group="ZombiesNight" num="827" maxAlive="2"/></gamestage>
		<gamestage stage="836"><spawn group="hordeStageGS818" num="86" maxalive="8" duration="3"/><spawn group="hordeStageGS827" num="86" maxalive="8" duration="3"/><spawn group="hordeStageGS836" num="86" maxalive="8" duration="3"/><spawn group="ZombiesNight" num="836" maxAlive="2"/></gamestage>
		<gamestage stage="845"><spawn group="hordeStageGS827" num="86" maxalive="8" duration="3"/><spawn group="hordeStageGS836" num="86" maxalive="8" duration="3"/><spawn group="hordeStageGS845" num="86" maxalive="8" duration="3"/><spawn group="ZombiesNight" num="845" maxAlive="2"/></gamestage>
		<gamestage stage="854"><spawn group="hordeStageGS836" num="87" maxalive="8" duration="3" interval="39"/><spawn group="hordeStageGS845" num="87" maxalive="8" duration="3"/><spawn group="hordeStageGS854" num="87" maxalive="8" duration="3"/><spawn group="ZombiesNight" num="854" maxAlive="2"/></gamestage>
		<gamestage stage="863"><spawn group="hordeStageGS845" num="88" maxalive="8" duration="3"/><spawn group="hordeStageGS854" num="88" maxalive="8" duration="3"/><spawn group="hordeStageGS863" num="88" maxalive="8" duration="3"/><spawn group="ZombiesNight" num="863" maxAlive="2"/></gamestage>
		<gamestage stage="873"><spawn group="hordeStageGS854" num="89" maxalive="8" duration="3" interval="24"/><spawn group="hordeStageGS863" num="89" maxalive="8" duration="3"/><spawn group="hordeStageGS873" num="89" maxalive="8" duration="3"/><spawn group="ZombiesNight" num="873" maxAlive="2"/></gamestage>
		<gamestage stage="882"><spawn group="hordeStageGS863" num="90" maxalive="8" duration="3"/><spawn group="hordeStageGS873" num="90" maxalive="8" duration="3" interval="18"/><spawn group="hordeStageGS882" num="90" maxalive="8" duration="3"/><spawn group="ZombiesNight" num="882" maxAlive="2"/></gamestage>
		<gamestage stage="891"><spawn group="hordeStageGS873" num="90" maxalive="8" duration="3"/><spawn group="hordeStageGS882" num="90" maxalive="8" duration="3" interval="33"/><spawn group="hordeStageGS891" num="90" maxalive="8" duration="3"/><spawn group="ZombiesNight" num="891" maxAlive="2"/></gamestage>
		<gamestage stage="900"><spawn group="hordeStageGS882" num="91" maxalive="8" duration="3" interval="19"/><spawn group="hordeStageGS891" num="91" maxalive="8" duration="3"/><spawn group="hordeStageGS900" num="91" maxalive="8" duration="3"/><spawn group="ZombiesNight" num="900" maxAlive="2"/></gamestage>
		<gamestage stage="909"><spawn group="hordeStageGS891" num="92" maxalive="8" duration="3"/><spawn group="hordeStageGS900" num="92" maxalive="8" duration="3"/><spawn group="hordeStageGS909" num="92" maxalive="8" duration="3"/><spawn group="ZombiesNight" num="909" maxAlive="2"/></gamestage>
		<gamestage stage="919"><spawn group="hordeStageGS900" num="93" maxalive="8" duration="3"/><spawn group="hordeStageGS909" num="93" maxalive="8" duration="3"/><spawn group="hordeStageGS919" num="93" maxalive="8" duration="3"/><spawn group="ZombiesNight" num="919" maxAlive="2"/></gamestage>
		<gamestage stage="928"><spawn group="hordeStageGS909" num="93" maxalive="8" duration="3"/><spawn group="hordeStageGS919" num="93" maxalive="8" duration="3"/><spawn group="hordeStageGS928" num="93" maxalive="8" duration="3"/><spawn group="ZombiesNight" num="928" maxAlive="2"/></gamestage>
		<gamestage stage="937"><spawn group="hordeStageGS919" num="94" maxalive="8" duration="3"/><spawn group="hordeStageGS928" num="94" maxalive="8" duration="3" interval="6"/><spawn group="hordeStageGS937" num="94" maxalive="8" duration="3"/><spawn group="ZombiesNight" num="937" maxAlive="2"/></gamestage>
		<gamestage stage="947"><spawn group="hordeStageGS928" num="95" maxalive="8" duration="3" interval="16"/><spawn group="hordeStageGS937" num="95" maxalive="8" duration="3"/><spawn group="hordeStageGS947" num="95" maxalive="8" duration="3"/><spawn group="ZombiesNight" num="947" maxAlive="2"/></gamestage>
		<gamestage stage="956"><spawn group="hordeStageGS937" num="96" maxalive="8" duration="3"/><spawn group="hordeStageGS947" num="96" maxalive="8" duration="3" interval="26"/><spawn group="hordeStageGS956" num="96" maxalive="8" duration="3"/><spawn group="ZombiesNight" num="956" maxAlive="2"/></gamestage>
		<gamestage stage="966"><spawn group="hordeStageGS947" num="97" maxalive="8" duration="3"/><spawn group="hordeStageGS956" num="97" maxalive="8" duration="3"/><spawn group="hordeStageGS966" num="97" maxalive="8" duration="3"/><spawn group="ZombiesNight" num="966" maxAlive="2"/></gamestage>
		<gamestage stage="975"><spawn group="hordeStageGS956" num="97" maxalive="8" duration="3"/><spawn group="hordeStageGS966" num="97" maxalive="8" duration="3"/><spawn group="hordeStageGS975" num="97" maxalive="8" duration="3"/><spawn group="ZombiesNight" num="975" maxAlive="2"/></gamestage>
		<gamestage stage="984"><spawn group="hordeStageGS966" num="98" maxalive="8" duration="3"/><spawn group="hordeStageGS975" num="98" maxalive="8" duration="3" interval="26"/><spawn group="hordeStageGS984" num="98" maxalive="8" duration="3"/><spawn group="ZombiesNight" num="984" maxAlive="2"/></gamestage>
		<gamestage stage="994"><spawn group="hordeStageGS975" num="99" maxalive="8" duration="3"/><spawn group="hordeStageGS984" num="99" maxalive="8" duration="3"/><spawn group="hordeStageGS994" num="99" maxalive="8" duration="3"/><spawn group="ZombiesNight" num="994" maxAlive="2"/></gamestage>
		<gamestage stage="1004"><spawn group="hordeStageGS984" num="100" maxalive="8" duration="3" interval="5"/><spawn group="hordeStageGS994" num="100" maxalive="8" duration="3"/><spawn group="hordeStageGS1004" num="100" maxalive="8" duration="3"/><spawn group="ZombiesNight" num="1004" maxAlive="2"/></gamestage>
		<gamestage stage="1013"><spawn group="hordeStageGS994" num="101" maxalive="8" duration="3"/><spawn group="hordeStageGS1004" num="101" maxalive="8" duration="3"/><spawn group="hordeStageGS1013" num="101" maxalive="8" duration="3"/><spawn group="ZombiesNight" num="1013" maxAlive="2"/></gamestage>
		<gamestage stage="1023"><spawn group="hordeStageGS1004" num="101" maxalive="8" duration="3"/><spawn group="hordeStageGS1013" num="101" maxalive="8" duration="3"/><spawn group="hordeStageGS1023" num="101" maxalive="8" duration="3"/><spawn group="ZombiesNight" num="1023" maxAlive="2"/></gamestage>
		<gamestage stage="1032"><spawn group="hordeStageGS1013" num="102" maxalive="8" duration="3" interval="38"/><spawn group="hordeStageGS1023" num="102" maxalive="8" duration="3"/><spawn group="hordeStageGS1032" num="102" maxalive="8" duration="3"/><spawn group="ZombiesNight" num="1032" maxAlive="2"/></gamestage>
		<gamestage stage="1042"><spawn group="hordeStageGS1023" num="103" maxalive="8" duration="3"/><spawn group="hordeStageGS1032" num="103" maxalive="8" duration="3" interval="21"/><spawn group="hordeStageGS1042" num="103" maxalive="8" duration="3"/><spawn group="ZombiesNight" num="1042" maxAlive="2"/></gamestage>
		<gamestage stage="1052"><spawn group="hordeStageGS1032" num="104" maxalive="8" duration="3"/><spawn group="hordeStageGS1042" num="104" maxalive="8" duration="3"/><spawn group="hordeStageGS1052" num="104" maxalive="8" duration="3"/><spawn group="ZombiesNight" num="1052" maxAlive="2"/></gamestage>
		<gamestage stage="1061"><spawn group="hordeStageGS1042" num="105" maxalive="8" duration="3"/><spawn group="hordeStageGS1052" num="105" maxalive="8" duration="3" interval="28"/><spawn group="hordeStageGS1061" num="105" maxalive="8" duration="3"/><spawn group="ZombiesNight" num="1061" maxAlive="2"/></gamestage>
		<gamestage stage="1071"><spawn group="hordeStageGS1052" num="105" maxalive="8" duration="3"/><spawn group="hordeStageGS1061" num="105" maxalive="8" duration="3" interval="13"/><spawn group="hordeStageGS1071" num="105" maxalive="8" duration="3"/><spawn group="ZombiesNight" num="1071" maxAlive="2"/></gamestage>
		<gamestage stage="1081"><spawn group="hordeStageGS1061" num="106" maxalive="8" duration="3" interval="24"/><spawn group="hordeStageGS1071" num="106" maxalive="8" duration="3"/><spawn group="hordeStageGS1081" num="106" maxalive="8" duration="3"/><spawn group="ZombiesNight" num="1081" maxAlive="2"/></gamestage>
		<gamestage stage="1090"><spawn group="hordeStageGS1071" num="107" maxalive="8" duration="3"/><spawn group="hordeStageGS1081" num="107" maxalive="8" duration="3"/><spawn group="hordeStageGS1090" num="107" maxalive="8" duration="3"/><spawn group="ZombiesNight" num="1090" maxAlive="2"/></gamestage>
		<gamestage stage="1100"><spawn group="hordeStageGS1081" num="108" maxalive="8" duration="3" interval="16"/><spawn group="hordeStageGS1090" num="108" maxalive="8" duration="3"/><spawn group="hordeStageGS1100" num="108" maxalive="8" duration="3"/><spawn group="ZombiesNight" num="1100" maxAlive="2"/></gamestage>
		<gamestage stage="1110"><spawn group="hordeStageGS1090" num="109" maxalive="8" duration="3"/><spawn group="hordeStageGS1100" num="109" maxalive="8" duration="3"/><spawn group="hordeStageGS1110" num="109" maxalive="8" duration="3"/><spawn group="ZombiesNight" num="1110" maxAlive="2"/></gamestage>
		<gamestage stage="1120"><spawn group="hordeStageGS1100" num="110" maxalive="8" duration="3"/><spawn group="hordeStageGS1110" num="110" maxalive="8" duration="3"/><spawn group="hordeStageGS1120" num="110" maxalive="8" duration="3"/><spawn group="ZombiesNight" num="1120" maxAlive="2"/></gamestage>
		<gamestage stage="1130"><spawn group="hordeStageGS1110" num="110" maxalive="8" duration="3"/><spawn group="hordeStageGS1120" num="110" maxalive="8" duration="3"/><spawn group="hordeStageGS1130" num="110" maxalive="8" duration="3"/><spawn group="ZombiesNight" num="1130" maxAlive="2"/></gamestage>
		<gamestage stage="1139"><spawn group="hordeStageGS1120" num="111" maxalive="8" duration="3" interval="2"/><spawn group="hordeStageGS1130" num="111" maxalive="8" duration="3"/><spawn group="hordeStageGS1139" num="111" maxalive="8" duration="3"/><spawn group="ZombiesNight" num="1139" maxAlive="2"/></gamestage>
		<gamestage stage="1149"><spawn group="hordeStageGS1130" num="112" maxalive="8" duration="3" interval="16"/><spawn group="hordeStageGS1139" num="112" maxalive="8" duration="3" interval="11"/><spawn group="hordeStageGS1149" num="112" maxalive="8" duration="3"/><spawn group="ZombiesNight" num="1149" maxAlive="2"/></gamestage>
		<gamestage stage="1159"><spawn group="hordeStageGS1139" num="113" maxalive="8" duration="3"/><spawn group="hordeStageGS1149" num="113" maxalive="8" duration="3"/><spawn group="hordeStageGS1159" num="113" maxalive="8" duration="3"/><spawn group="ZombiesNight" num="1159" maxAlive="2"/></gamestage>
		<gamestage stage="1169"><spawn group="hordeStageGS1149" num="114" maxalive="8" duration="3"/><spawn group="hordeStageGS1159" num="114" maxalive="8" duration="3" interval="30"/><spawn group="hordeStageGS1169" num="114" maxalive="8" duration="3"/><spawn group="ZombiesNight" num="1169" maxAlive="2"/></gamestage>
		<gamestage stage="1179"><spawn group="hordeStageGS1159" num="115" maxalive="8" duration="3"/><spawn group="hordeStageGS1169" num="115" maxalive="8" duration="3"/><spawn group="hordeStageGS1179" num="115" maxalive="8" duration="3"/><spawn group="ZombiesNight" num="1179" maxAlive="2"/></gamestage>
		<gamestage stage="1189"><spawn group="hordeStageGS1169" num="115" maxalive="8" duration="3"/><spawn group="hordeStageGS1179" num="115" maxalive="8" duration="3"/><spawn group="hordeStageGS1189" num="115" maxalive="8" duration="3"/><spawn group="ZombiesNight" num="1189" maxAlive="2"/></gamestage>
		<gamestage stage="1199"><spawn group="hordeStageGS1179" num="116" maxalive="8" duration="3" interval="28"/><spawn group="hordeStageGS1189" num="116" maxalive="8" duration="3"/><spawn group="hordeStageGS1199" num="116" maxalive="8" duration="3"/><spawn group="ZombiesNight" num="1199" maxAlive="2"/></gamestage>
		<gamestage stage="1209"><spawn group="hordeStageGS1189" num="117" maxalive="8" duration="3"/><spawn group="hordeStageGS1199" num="117" maxalive="8" duration="3"/><spawn group="hordeStageGS1209" num="117" maxalive="8" duration="3"/><spawn group="ZombiesNight" num="1209" maxAlive="2"/></gamestage>
		<gamestage stage="1219"><spawn group="hordeStageGS1199" num="118" maxalive="8" duration="3"/><spawn group="hordeStageGS1209" num="118" maxalive="8" duration="3"/><spawn group="hordeStageGS1219" num="118" maxalive="8" duration="3"/><spawn group="ZombiesNight" num="1219" maxAlive="2"/></gamestage>
		<gamestage stage="1229"><spawn group="hordeStageGS1209" num="119" maxalive="8" duration="3"/><spawn group="hordeStageGS1219" num="119" maxalive="8" duration="3"/><spawn group="hordeStageGS1229" num="119" maxalive="8" duration="3"/><spawn group="ZombiesNight" num="1229" maxAlive="2"/></gamestage>
		<gamestage stage="1239"><spawn group="hordeStageGS1219" num="120" maxalive="8" duration="3"/><spawn group="hordeStageGS1229" num="120" maxalive="8" duration="3"/><spawn group="hordeStageGS1239" num="120" maxalive="8" duration="3"/><spawn group="ZombiesNight" num="1239" maxAlive="2"/></gamestage>
		<gamestage stage="1250"><spawn group="hordeStageGS1229" num="121" maxalive="8" duration="3"/><spawn group="hordeStageGS1239" num="121" maxalive="8" duration="3" interval="12"/><spawn group="hordeStageGS1250" num="121" maxalive="8" duration="3"/><spawn group="ZombiesNight" num="1250" maxAlive="2"/></gamestage>
		<gamestage stage="1260"><spawn group="hordeStageGS1239" num="121" maxalive="8" duration="3"/><spawn group="hordeStageGS1250" num="121" maxalive="8" duration="3" interval="8"/><spawn group="hordeStageGS1260" num="121" maxalive="8" duration="3"/><spawn group="ZombiesNight" num="1260" maxAlive="2"/></gamestage>
		<gamestage stage="1270"><spawn group="hordeStageGS1250" num="122" maxalive="8" duration="3"/><spawn group="hordeStageGS1260" num="122" maxalive="8" duration="3" interval="32"/><spawn group="hordeStageGS1270" num="122" maxalive="8" duration="3"/><spawn group="ZombiesNight" num="1270" maxAlive="2"/></gamestage>
		<gamestage stage="1280"><spawn group="hordeStageGS1260" num="123" maxalive="8" duration="3" interval="7"/><spawn group="hordeStageGS1270" num="123" maxalive="8" duration="3"/><spawn group="hordeStageGS1280" num="123" maxalive="8" duration="3"/><spawn group="ZombiesNight" num="1280" maxAlive="2"/></gamestage>
		<gamestage stage="1290"><spawn group="hordeStageGS1270" num="124" maxalive="8" duration="3"/><spawn group="hordeStageGS1280" num="124" maxalive="8" duration="3"/><spawn group="hordeStageGS1290" num="124" maxalive="8" duration="3"/><spawn group="ZombiesNight" num="1290" maxAlive="2"/></gamestage>
		<gamestage stage="1301"><spawn group="hordeStageGS1280" num="125" maxalive="8" duration="3"/><spawn group="hordeStageGS1290" num="125" maxalive="8" duration="3"/><spawn group="hordeStageGS1301" num="125" maxalive="8" duration="3"/><spawn group="ZombiesNight" num="1301" maxAlive="2"/></gamestage>
		<gamestage stage="1311"><spawn group="hordeStageGS1290" num="126" maxalive="8" duration="3"/><spawn group="hordeStageGS1301" num="126" maxalive="8" duration="3"/><spawn group="hordeStageGS1311" num="126" maxalive="8" duration="3"/><spawn group="ZombiesNight" num="1311" maxAlive="2"/></gamestage>
		<gamestage stage="1321"><spawn group="hordeStageGS1301" num="126" maxalive="8" duration="3" interval="15"/><spawn group="hordeStageGS1311" num="126" maxalive="8" duration="3"/><spawn group="hordeStageGS1321" num="126" maxalive="8" duration="3"/><spawn group="ZombiesNight" num="1321" maxAlive="2"/></gamestage>
		<gamestage stage="1331"><spawn group="hordeStageGS1311" num="127" maxalive="8" duration="3"/><spawn group="hordeStageGS1321" num="127" maxalive="8" duration="3"/><spawn group="hordeStageGS1331" num="127" maxalive="8" duration="3"/><spawn group="ZombiesNight" num="1331" maxAlive="2"/></gamestage>
		<gamestage stage="1342"><spawn group="hordeStageGS1321" num="128" maxalive="8" duration="3"/><spawn group="hordeStageGS1331" num="128" maxalive="8" duration="3"/><spawn group="hordeStageGS1342" num="128" maxalive="8" duration="3"/><spawn group="ZombiesNight" num="1342" maxAlive="2"/></gamestage>
		<gamestage stage="1352"><spawn group="hordeStageGS1331" num="129" maxalive="8" duration="3"/><spawn group="hordeStageGS1342" num="129" maxalive="8" duration="3"/><spawn group="hordeStageGS1352" num="129" maxalive="8" duration="3"/><spawn group="ZombiesNight" num="1352" maxAlive="2"/></gamestage>
		<gamestage stage="1362"><spawn group="hordeStageGS1342" num="130" maxalive="8" duration="3"/><spawn group="hordeStageGS1352" num="130" maxalive="8" duration="3"/><spawn group="hordeStageGS1362" num="130" maxalive="8" duration="3"/><spawn group="ZombiesNight" num="1362" maxAlive="2"/></gamestage>
		<gamestage stage="1373"><spawn group="hordeStageGS1352" num="131" maxalive="8" duration="3"/><spawn group="hordeStageGS1362" num="131" maxalive="8" duration="3" interval="22"/><spawn group="hordeStageGS1373" num="131" maxalive="8" duration="3"/><spawn group="ZombiesNight" num="1373" maxAlive="2"/></gamestage>
		<gamestage stage="1383"><spawn group="hordeStageGS1362" num="132" maxalive="8" duration="3"/><spawn group="hordeStageGS1373" num="132" maxalive="8" duration="3"/><spawn group="hordeStageGS1383" num="132" maxalive="8" duration="3"/><spawn group="ZombiesNight" num="1383" maxAlive="2"/></gamestage>
		<gamestage stage="1394"><spawn group="hordeStageGS1373" num="133" maxalive="8" duration="3"/><spawn group="hordeStageGS1383" num="133" maxalive="8" duration="3"/><spawn group="hordeStageGS1394" num="133" maxalive="8" duration="3"/><spawn group="ZombiesNight" num="1394" maxAlive="2"/></gamestage>
		<gamestage stage="1404"><spawn group="hordeStageGS1383" num="133" maxalive="8" duration="3"/><spawn group="hordeStageGS1394" num="133" maxalive="8" duration="3"/><spawn group="hordeStageGS1404" num="133" maxalive="8" duration="3"/><spawn group="ZombiesNight" num="1404" maxAlive="2"/></gamestage>
		<gamestage stage="1415"><spawn group="hordeStageGS1394" num="134" maxalive="8" duration="3"/><spawn group="hordeStageGS1404" num="134" maxalive="8" duration="3"/><spawn group="hordeStageGS1415" num="134" maxalive="8" duration="3"/><spawn group="ZombiesNight" num="1415" maxAlive="2"/></gamestage>
		<gamestage stage="1425"><spawn group="hordeStageGS1404" num="135" maxalive="8" duration="3"/><spawn group="hordeStageGS1415" num="135" maxalive="8" duration="3"/><spawn group="hordeStageGS1425" num="135" maxalive="8" duration="3"/><spawn group="ZombiesNight" num="1425" maxAlive="2"/></gamestage>
		<gamestage stage="1436"><spawn group="hordeStageGS1415" num="136" maxalive="8" duration="3"/><spawn group="hordeStageGS1425" num="136" maxalive="8" duration="3"/><spawn group="hordeStageGS1436" num="136" maxalive="8" duration="3"/><spawn group="ZombiesNight" num="1436" maxAlive="2"/></gamestage>
		<gamestage stage="1446"><spawn group="hordeStageGS1425" num="137" maxalive="8" duration="3"/><spawn group="hordeStageGS1436" num="137" maxalive="8" duration="3"/><spawn group="hordeStageGS1446" num="137" maxalive="8" duration="3"/><spawn group="ZombiesNight" num="1446" maxAlive="2"/></gamestage>
		<gamestage stage="1457"><spawn group="hordeStageGS1436" num="138" maxalive="8" duration="3"/><spawn group="hordeStageGS1446" num="138" maxalive="8" duration="3"/><spawn group="hordeStageGS1457" num="138" maxalive="8" duration="3"/><spawn group="ZombiesNight" num="1457" maxAlive="2"/></gamestage>
		<gamestage stage="1467"><spawn group="hordeStageGS1446" num="139" maxalive="8" duration="3"/><spawn group="hordeStageGS1457" num="139" maxalive="8" duration="3"/><spawn group="hordeStageGS1467" num="139" maxalive="8" duration="3"/><spawn group="ZombiesNight" num="1467" maxAlive="2"/></gamestage>
		<gamestage stage="1478"><spawn group="hordeStageGS1457" num="140" maxalive="8" duration="3" interval="6"/><spawn group="hordeStageGS1467" num="140" maxalive="8" duration="3" interval="17"/><spawn group="hordeStageGS1478" num="140" maxalive="8" duration="3"/><spawn group="ZombiesNight" num="1478" maxAlive="2"/></gamestage>
		<gamestage stage="1489"><spawn group="hordeStageGS1467" num="141" maxalive="8" duration="3"/><spawn group="hordeStageGS1478" num="141" maxalive="8" duration="3" interval="35"/><spawn group="hordeStageGS1489" num="141" maxalive="8" duration="3"/><spawn group="ZombiesNight" num="1489" maxAlive="2"/></gamestage>
		<gamestage stage="1499"><spawn group="hordeStageGS1478" num="141" maxalive="8" duration="3"/><spawn group="hordeStageGS1489" num="141" maxalive="8" duration="3"/><spawn group="hordeStageGS1499" num="141" maxalive="8" duration="3"/><spawn group="ZombiesNight" num="1499" maxAlive="2"/></gamestage>
		<gamestage stage="1510"><spawn group="hordeStageGS1489" num="142" maxalive="8" duration="3"/><spawn group="hordeStageGS1499" num="142" maxalive="8" duration="3"/><spawn group="hordeStageGS1510" num="142" maxalive="8" duration="3"/><spawn group="ZombiesNight" num="1510" maxAlive="2"/></gamestage>
		<gamestage stage="1521"><spawn group="hordeStageGS1499" num="143" maxalive="8" duration="3" interval="25"/><spawn group="hordeStageGS1510" num="143" maxalive="8" duration="3"/><spawn group="hordeStageGS1521" num="143" maxalive="8" duration="3"/><spawn group="ZombiesNight" num="1521" maxAlive="2"/></gamestage>
		<gamestage stage="1531"><spawn group="hordeStageGS1510" num="144" maxalive="8" duration="3"/><spawn group="hordeStageGS1521" num="144" maxalive="8" duration="3" interval="26"/><spawn group="hordeStageGS1531" num="144" maxalive="8" duration="3"/><spawn group="ZombiesNight" num="1531" maxAlive="2"/></gamestage>
		<gamestage stage="1542"><spawn group="hordeStageGS1521" num="145" maxalive="8" duration="3"/><spawn group="hordeStageGS1531" num="145" maxalive="8" duration="3"/><spawn group="hordeStageGS1542" num="145" maxalive="8" duration="3"/><spawn group="ZombiesNight" num="1542" maxAlive="2"/></gamestage>
		<gamestage stage="1553"><spawn group="hordeStageGS1531" num="146" maxalive="8" duration="3"/><spawn group="hordeStageGS1542" num="146" maxalive="8" duration="3" interval="9"/><spawn group="hordeStageGS1553" num="146" maxalive="8" duration="3"/><spawn group="ZombiesNight" num="1553" maxAlive="2"/></gamestage>
		<gamestage stage="1564"><spawn group="hordeStageGS1542" num="147" maxalive="8" duration="3" interval="14"/><spawn group="hordeStageGS1553" num="147" maxalive="8" duration="3"/><spawn group="hordeStageGS1564" num="147" maxalive="8" duration="3"/><spawn group="ZombiesNight" num="1564" maxAlive="2"/></gamestage>
		<gamestage stage="1575"><spawn group="hordeStageGS1553" num="148" maxalive="8" duration="3"/><spawn group="hordeStageGS1564" num="148" maxalive="8" duration="3"/><spawn group="hordeStageGS1575" num="148" maxalive="8" duration="3"/><spawn group="ZombiesNight" num="1575" maxAlive="2"/></gamestage>
		<gamestage stage="1585"><spawn group="hordeStageGS1564" num="149" maxalive="8" duration="3"/><spawn group="hordeStageGS1575" num="149" maxalive="8" duration="3"/><spawn group="hordeStageGS1585" num="149" maxalive="8" duration="3"/><spawn group="ZombiesNight" num="1585" maxAlive="2"/></gamestage>
		<gamestage stage="1596"><spawn group="hordeStageGS1575" num="150" maxalive="8" duration="3"/><spawn group="hordeStageGS1585" num="150" maxalive="8" duration="3"/><spawn group="hordeStageGS1596" num="150" maxalive="8" duration="3"/><spawn group="ZombiesNight" num="1596" maxAlive="2"/></gamestage>
		<gamestage stage="1607"><spawn group="hordeStageGS1585" num="150" maxalive="8" duration="3"/><spawn group="hordeStageGS1596" num="150" maxalive="8" duration="3"/><spawn group="hordeStageGS1607" num="150" maxalive="8" duration="3"/><spawn group="ZombiesNight" num="1607" maxAlive="2"/></gamestage>
		<gamestage stage="1618"><spawn group="hordeStageGS1596" num="151" maxalive="8" duration="3" interval="10"/><spawn group="hordeStageGS1607" num="151" maxalive="8" duration="3"/><spawn group="hordeStageGS1618" num="151" maxalive="8" duration="3"/><spawn group="ZombiesNight" num="1618" maxAlive="2"/></gamestage>
		<gamestage stage="1629"><spawn group="hordeStageGS1607" num="152" maxalive="8" duration="3"/><spawn group="hordeStageGS1618" num="152" maxalive="8" duration="3"/><spawn group="hordeStageGS1629" num="152" maxalive="8" duration="3"/><spawn group="ZombiesNight" num="1629" maxAlive="2"/></gamestage>
		<gamestage stage="1640"><spawn group="hordeStageGS1618" num="153" maxalive="8" duration="3"/><spawn group="hordeStageGS1629" num="153" maxalive="8" duration="3" interval="28"/><spawn group="hordeStageGS1640" num="153" maxalive="8" duration="3"/><spawn group="ZombiesNight" num="1640" maxAlive="2"/></gamestage>
		<gamestage stage="1651"><spawn group="hordeStageGS1629" num="154" maxalive="8" duration="3"/><spawn group="hordeStageGS1640" num="154" maxalive="8" duration="3"/><spawn group="hordeStageGS1651" num="154" maxalive="8" duration="3"/><spawn group="ZombiesNight" num="1651" maxAlive="2"/></gamestage>
		<gamestage stage="1662"><spawn group="hordeStageGS1640" num="155" maxalive="8" duration="3"/><spawn group="hordeStageGS1651" num="155" maxalive="8" duration="3"/><spawn group="hordeStageGS1662" num="155" maxalive="8" duration="3"/><spawn group="ZombiesNight" num="1662" maxAlive="2"/></gamestage>
		<gamestage stage="1673"><spawn group="hordeStageGS1651" num="156" maxalive="8" duration="3"/><spawn group="hordeStageGS1662" num="156" maxalive="8" duration="3"/><spawn group="hordeStageGS1673" num="156" maxalive="8" duration="3"/><spawn group="ZombiesNight" num="1673" maxAlive="2"/></gamestage>
		<gamestage stage="1684"><spawn group="hordeStageGS1662" num="157" maxalive="8" duration="3"/><spawn group="hordeStageGS1673" num="157" maxalive="8" duration="3"/><spawn group="hordeStageGS1684" num="157" maxalive="8" duration="3"/><spawn group="ZombiesNight" num="1684" maxAlive="2"/></gamestage>
		<gamestage stage="1695"><spawn group="hordeStageGS1673" num="158" maxalive="8" duration="3"/><spawn group="hordeStageGS1684" num="158" maxalive="8" duration="3"/><spawn group="hordeStageGS1695" num="158" maxalive="8" duration="3"/><spawn group="ZombiesNight" num="1695" maxAlive="2"/></gamestage>
		<gamestage stage="1706"><spawn group="hordeStageGS1684" num="159" maxalive="8" duration="3"/><spawn group="hordeStageGS1695" num="159" maxalive="8" duration="3"/><spawn group="hordeStageGS1706" num="159" maxalive="8" duration="3"/><spawn group="ZombiesNight" num="1706" maxAlive="2"/></gamestage>
		<gamestage stage="1717"><spawn group="hordeStageGS1695" num="160" maxalive="8" duration="3"/><spawn group="hordeStageGS1706" num="160" maxalive="8" duration="3"/><spawn group="hordeStageGS1717" num="160" maxalive="8" duration="3"/><spawn group="ZombiesNight" num="1717" maxAlive="2"/></gamestage>
		<gamestage stage="1728"><spawn group="hordeStageGS1706" num="161" maxalive="8" duration="3"/><spawn group="hordeStageGS1717" num="161" maxalive="8" duration="3"/><spawn group="hordeStageGS1728" num="161" maxalive="8" duration="3"/><spawn group="ZombiesNight" num="1728" maxAlive="2"/></gamestage>
		<gamestage stage="1739"><spawn group="hordeStageGS1717" num="162" maxalive="8" duration="3"/><spawn group="hordeStageGS1728" num="162" maxalive="8" duration="3"/><spawn group="hordeStageGS1739" num="162" maxalive="8" duration="3"/><spawn group="ZombiesNight" num="1739" maxAlive="2"/></gamestage>
		<gamestage stage="1750"><spawn group="hordeStageGS1728" num="163" maxalive="8" duration="3"/><spawn group="hordeStageGS1739" num="163" maxalive="8" duration="3"/><spawn group="hordeStageGS1750" num="163" maxalive="8" duration="3"/><spawn group="ZombiesNight" num="1750" maxAlive="2"/></gamestage>
		<gamestage stage="1761"><spawn group="hordeStageGS1739" num="163" maxalive="8" duration="3"/><spawn group="hordeStageGS1750" num="163" maxalive="8" duration="3"/><spawn group="hordeStageGS1761" num="163" maxalive="8" duration="3"/><spawn group="ZombiesNight" num="1761" maxAlive="2"/></gamestage>
		<gamestage stage="1772"><spawn group="hordeStageGS1750" num="164" maxalive="8" duration="3"/><spawn group="hordeStageGS1761" num="164" maxalive="8" duration="3" interval="15"/><spawn group="hordeStageGS1772" num="164" maxalive="8" duration="3"/><spawn group="ZombiesNight" num="1772" maxAlive="2"/></gamestage>
		<gamestage stage="1784"><spawn group="hordeStageGS1761" num="165" maxalive="8" duration="3"/><spawn group="hordeStageGS1772" num="165" maxalive="8" duration="3" interval="15"/><spawn group="hordeStageGS1784" num="165" maxalive="8" duration="3"/><spawn group="ZombiesNight" num="1784" maxAlive="2"/></gamestage>
		<gamestage stage="1795"><spawn group="hordeStageGS1772" num="166" maxalive="8" duration="3"/><spawn group="hordeStageGS1784" num="166" maxalive="8" duration="3"/><spawn group="hordeStageGS1795" num="166" maxalive="8" duration="3"/><spawn group="ZombiesNight" num="1795" maxAlive="2"/></gamestage>
		<gamestage stage="1806"><spawn group="hordeStageGS1784" num="167" maxalive="8" duration="3"/><spawn group="hordeStageGS1795" num="167" maxalive="8" duration="3"/><spawn group="hordeStageGS1806" num="167" maxalive="8" duration="3"/><spawn group="ZombiesNight" num="1806" maxAlive="2"/></gamestage>
		<gamestage stage="1817"><spawn group="hordeStageGS1795" num="168" maxalive="8" duration="3"/><spawn group="hordeStageGS1806" num="168" maxalive="8" duration="3"/><spawn group="hordeStageGS1817" num="168" maxalive="8" duration="3"/><spawn group="ZombiesNight" num="1817" maxAlive="2"/></gamestage>
		<gamestage stage="1829"><spawn group="hordeStageGS1806" num="169" maxalive="8" duration="3"/><spawn group="hordeStageGS1817" num="169" maxalive="8" duration="3"/><spawn group="hordeStageGS1829" num="169" maxalive="8" duration="3"/><spawn group="ZombiesNight" num="1829" maxAlive="2"/></gamestage>
		<gamestage stage="1840"><spawn group="hordeStageGS1817" num="170" maxalive="8" duration="3"/><spawn group="hordeStageGS1829" num="170" maxalive="8" duration="3" interval="9"/><spawn group="hordeStageGS1840" num="170" maxalive="8" duration="3"/><spawn group="ZombiesNight" num="1840" maxAlive="2"/></gamestage>
		<gamestage stage="1851"><spawn group="hordeStageGS1829" num="171" maxalive="8" duration="3"/><spawn group="hordeStageGS1840" num="171" maxalive="8" duration="3"/><spawn group="hordeStageGS1851" num="171" maxalive="8" duration="3"/><spawn group="ZombiesNight" num="1851" maxAlive="2"/></gamestage>
		<gamestage stage="1863"><spawn group="hordeStageGS1840" num="172" maxalive="8" duration="3" interval="32"/><spawn group="hordeStageGS1851" num="172" maxalive="8" duration="3"/><spawn group="hordeStageGS1863" num="172" maxalive="8" duration="3"/><spawn group="ZombiesNight" num="1863" maxAlive="2"/></gamestage>
		<gamestage stage="1874"><spawn group="hordeStageGS1851" num="173" maxalive="8" duration="3"/><spawn group="hordeStageGS1863" num="173" maxalive="8" duration="3"/><spawn group="hordeStageGS1874" num="173" maxalive="8" duration="3"/><spawn group="ZombiesNight" num="1874" maxAlive="2"/></gamestage>
		<gamestage stage="1885"><spawn group="hordeStageGS1863" num="174" maxalive="8" duration="3"/><spawn group="hordeStageGS1874" num="174" maxalive="8" duration="3"/><spawn group="hordeStageGS1885" num="174" maxalive="8" duration="3"/><spawn group="ZombiesNight" num="1885" maxAlive="2"/></gamestage>
		<gamestage stage="1897"><spawn group="hordeStageGS1874" num="175" maxalive="8" duration="3"/><spawn group="hordeStageGS1885" num="175" maxalive="8" duration="3"/><spawn group="hordeStageGS1897" num="175" maxalive="8" duration="3"/><spawn group="ZombiesNight" num="1897" maxAlive="2"/></gamestage>
		<gamestage stage="1908"><spawn group="hordeStageGS1885" num="176" maxalive="8" duration="3"/><spawn group="hordeStageGS1897" num="176" maxalive="8" duration="3"/><spawn group="hordeStageGS1908" num="176" maxalive="8" duration="3"/><spawn group="ZombiesNight" num="1908" maxAlive="2"/></gamestage>
		<gamestage stage="1919"><spawn group="hordeStageGS1897" num="177" maxalive="8" duration="3"/><spawn group="hordeStageGS1908" num="177" maxalive="8" duration="3"/><spawn group="hordeStageGS1919" num="177" maxalive="8" duration="3"/><spawn group="ZombiesNight" num="1919" maxAlive="2"/></gamestage>
		<gamestage stage="1931"><spawn group="hordeStageGS1908" num="178" maxalive="8" duration="3"/><spawn group="hordeStageGS1919" num="178" maxalive="8" duration="3"/><spawn group="hordeStageGS1931" num="178" maxalive="8" duration="3"/><spawn group="ZombiesNight" num="1931" maxAlive="2"/></gamestage>
		<gamestage stage="1942"><spawn group="hordeStageGS1919" num="179" maxalive="8" duration="3" interval="2"/><spawn group="hordeStageGS1931" num="179" maxalive="8" duration="3"/><spawn group="hordeStageGS1942" num="179" maxalive="8" duration="3"/><spawn group="ZombiesNight" num="1942" maxAlive="2"/></gamestage>
		<gamestage stage="1954"><spawn group="hordeStageGS1931" num="180" maxalive="8" duration="3"/><spawn group="hordeStageGS1942" num="180" maxalive="8" duration="3"/><spawn group="hordeStageGS1954" num="180" maxalive="8" duration="3"/><spawn group="ZombiesNight" num="1954" maxAlive="2"/></gamestage>
		<gamestage stage="1965"><spawn group="hordeStageGS1942" num="181" maxalive="8" duration="3"/><spawn group="hordeStageGS1954" num="181" maxalive="8" duration="3" interval="27"/><spawn group="hordeStageGS1965" num="181" maxalive="8" duration="3"/><spawn group="ZombiesNight" num="1965" maxAlive="2"/></gamestage>
		<gamestage stage="1977"><spawn group="hordeStageGS1954" num="182" maxalive="8" duration="3"/><spawn group="hordeStageGS1965" num="182" maxalive="8" duration="3" interval="36"/><spawn group="hordeStageGS1977" num="182" maxalive="8" duration="3"/><spawn group="ZombiesNight" num="1977" maxAlive="2"/></gamestage>
		<gamestage stage="1988"><spawn group="hordeStageGS1965" num="182" maxalive="8" duration="3" interval="37"/><spawn group="hordeStageGS1977" num="182" maxalive="8" duration="3"/><spawn group="hordeStageGS1988" num="182" maxalive="8" duration="3"/><spawn group="ZombiesNight" num="1988" maxAlive="2"/></gamestage>
		<gamestage stage="2000"><spawn group="hordeStageGS1977" num="184" maxalive="8" duration="3"/><spawn group="hordeStageGS1988" num="184" maxalive="8" duration="3"/><spawn group="hordeStageGS2000" num="184" maxalive="8" duration="3"/><spawn group="ZombiesNight" num="2000" maxAlive="2"/></gamestage>
		<gamestage stage="2011"><spawn group="hordeStageGS1988" num="184" maxalive="8" duration="3" interval="32"/><spawn group="hordeStageGS2000" num="184" maxalive="8" duration="3"/><spawn group="hordeStageGS2011" num="184" maxalive="8" duration="3"/><spawn group="ZombiesNight" num="2011" maxAlive="2"/></gamestage>
		<gamestage stage="2023"><spawn group="hordeStageGS2000" num="185" maxalive="8" duration="3"/><spawn group="hordeStageGS2011" num="185" maxalive="8" duration="3" interval="9"/><spawn group="hordeStageGS2023" num="185" maxalive="8" duration="3"/><spawn group="ZombiesNight" num="2023" maxAlive="2"/></gamestage>
		<!-- XXXXXXXXXXXXXXXXXXXXXXXXXXXX  end: auto generated horde stages  XXXXXXXXXXXXXXXXXXXXXXXXXXXX -->
	</spawner>
	
</gamestages>