<?xml version="1.0" encoding="UTF-8"?>
<prefab>
    <property name="CopyAirBlocks" value="True" />
    <property name="AllowTopSoilDecorations" value="True" />
    <property name="RotationToFaceNorth" value="2" />
    <property name="YOffset" value="-2" />
    <property name="Zoning" value="Residential" />
    <property name="AllowedTownships" value="rural,wilderness" />
    <property name="Age" value="Old" />
    <property name="Condition" value="Normal" />
    <property name="StaticSpawner.Class" value="Zombie_Soldier_Med_Territorial" />
    <property name="StaticSpawner.Size" value="32,2,32" />
    <property name="StaticSpawner.Trigger" value="64" />
</prefab>
