<?xml version="1.0" encoding="UTF-8"?>
<prefab>
    <property name="CopyAirBlocks" value="False" />
    <property name="AllowTopSoilDecorations" value="False" />
    <property name="RotationToFaceNorth" value="0" />
    <property name="YOffset" value="-1" />
    <property name="StaticSpawner.Class" value="SpawnMedium" />
    <property name="StaticSpawner.Trigger" value="30" />
    <property name="AllowedTownships" value="city,town,rural,wilderness,suburb" />
    <property name="AllowedBiomes" value="burnt_forest,snow,plains,pine_forest,forest,desert,wasteland_hub,wasteland" />
</prefab>
