<?xml version="1.0" encoding="UTF-8"?>
<prefab>
    <property name="CopyAirBlocks" value="True" />
    <property name="AllowTopSoilDecorations" value="True" />
    <property name="AllowedBiomes" value="forest,pine_forest,plains,snow" />
    <property name="Zoning" value="Residential" />
    <property name="RotationToFaceNorth" value="2" />
    <property name="AllowedTownships" value="rural,wilderness" />
    <property name="StaticSpawner.Class" value="SpawnSmall" />
    <property name="StaticSpawner.Size" value="32,2,32" />
    <property name="StaticSpawner.Trigger" value="160" />
</prefab>
