<?xml version="1.0" encoding="UTF-8"?>
<prefab>
    <property name="CopyAirBlocks" value="True" />
    <property name="AllowTopSoilDecorations" value="True" />
    <property name="YOffset" value="-5" />
    <property name="RotationToFaceNorth" value="0" />
    <property name="AllowedTownships" value="city,town,rural,wilderness,suburb" />
    <property name="AllowedBiomes" value="burnt_forest,snow,plains,pine_forest,forest,desert,wasteland_hub,wasteland" />
    <property name="StaticSpawner.Class" value="SpawnSmall" />
    <property name="StaticSpawner.Size" value="16,2,16" />
    <property name="StaticSpawner.Trigger" value="160" />
</prefab>
