<?xml version="1.0" encoding="UTF-8"?>
<prefab>
    <property name="CopyAirBlocks" value="True" />
    <property name="AllowTopSoilDecorations" value="False" />
    <property name="Zoning" value="Residential" />
    <property name="YOffset" value="-1" />
    <property name="RotationToFaceNorth" value="1" />
    <property name="AllowedTownships" value="town,rural" />
    <property name="AllowedBiomes" value="wasteland" />
    <property name="StaticSpawner.Class" value="Zombie_Utility_Worker_Med_Territorial" />
    <property name="StaticSpawner.Size" value="64,3,64" />
    <property name="StaticSpawner.Trigger" value="160" />
    <property name="TraderArea" value="False" />
</prefab>
