<?xml version="1.0" encoding="UTF-8"?>
<prefab>
    <property name="CopyAirBlocks" value="True" />
    <property name="AllowTopSoilDecorations" value="False" />
    <property name="Zoning" value="Residential" />
    <property name="RotationToFaceNorth" value="1" />
    <property name="YOffset" value="-1" />
    <property name="AllowedTownships" value="town,rural,wilderness" />
    <property name="Condition" value="Old" />
    <property name="AllowedBiomes" value="plains,forest,pine_forest,desert,snow" />
    <property name="StaticSpawner.Class" value="SpawnExtraSmall" />
    <property name="StaticSpawner.Size" value="20,2,20" />
    <property name="StaticSpawner.Trigger" value="120" />
</prefab>
