<?xml version="1.0" encoding="UTF-8"?>
<prefab>
    <property name="CopyAirBlocks" value="True" />
    <property name="AllowTopSoilDecorations" value="True" />
    <property name="Zoning" value="Residential" />
    <property name="RotationToFaceNorth" value="3" />
    <property name="YOffset" value="-4" />
    <property name="AllowedTownships" value="town,rural" />
    <property name="Condition" value="Old" />
    <property name="AllowedBiomes" value="plains,forest,pine_forest,desert" />
    <property name="StaticSpawner.Class" value="SpawnMedium" />
    <property name="StaticSpawner.Size" value="32,2,32" />
    <property name="StaticSpawner.Trigger" value="160" />
    <property name="TraderArea" value="False" />
</prefab>
