<?xml version="1.0" encoding="UTF-8"?>
<prefab>
  <property name="CopyAirBlocks" value="True" />
  <property name="AllowTopSoilDecorations" value="False" />
  <property name="YOffset" value="-2" />
  <property name="RotationToFaceNorth" value="2" />
  <property name="AllowedTownships" value="wilderness" />
  <property name="AllowedBiomes" value="desert" />
  <property name="Condition" value="Old" />
  <property name="StaticSpawner.Class" value="SpawnSmall" />
  <property name="StaticSpawner.Size" value="32,2,32" />
  <property name="StaticSpawner.Trigger" value="64" />
</prefab>