<?xml version="1.0" encoding="UTF-8"?>
<prefab>
    <property name="CopyAirBlocks" value="True" />
    <property name="AllowTopSoilDecorations" value="True" />
    <property name="Zoning" value="Industrial" />
    <property name="AllowedTownships" value="rural" />
    <property name="YOffset" value="-3" />
    <property name="AllowedBiomes" value="desert" />
    <property name="Condition" value="Old" />
    <property name="StaticSpawner.Class" value="SpawnMedium" />
    <property name="StaticSpawner.Size" value="32,2,32" />
    <property name="StaticSpawner.Trigger" value="160" />
    <property name="TraderArea" value="False" />
</prefab>
