<?xml version="1.0" encoding="UTF-8"?>
<prefab>
    <property name="Zoning" value="Commercial" />
    <property name="CopyAirBlocks" value="True" />
    <property name="AllowTopSoilDecorations" value="False" />
    <property name="YOffset" value="-12" />
    <property name="Condition" value="New" />
    <property name="RotationToFaceNorth" value="0" />
    <property name="StaticSpawner.Class" value="SpawnLarge" />
    <property name="StaticSpawner.Size" value="32,2,32" />
    <property name="StaticSpawner.Trigger" value="160" />
    <property name="AllowedTownships" value="city,town,rural,wilderness,suburb" />
    <property name="AllowedBiomes" value="burnt_forest,snow,plains,pine_forest,forest,desert,wasteland_hub,wasteland" />
</prefab>
