<archetype name="banditScout" male="true" hair_color="32,32,32" eye_color="28,62,14" skin_color="64,64,64" type="Zombie">
    <base_mesh_parts>
      <part slot="head" layer="base" mesh="male_base_face">
        <texture name="male_head" color="skin"/>
        <texture name="male_hair_overlay" color="hair"/>
        <texture name="male_eyebrow_angled" color="hair"/>
        <texture name="unisex_face_dirt_overlay" color="78,15,15,255"/>
      </part>
      <part slot="head" layer="inner" mesh="male_base_hair">
        <texture name="male_base_hair" color="hair"/>
      </part>
      <part slot="head" layer="outer" mesh="unisex_gear_kevlar_helmet">
        <texture name="unisex_gear_kevlar_helmet" color="32,32,32,255"/>
        <texture name="unisex_face_dirt_overlay" color="78,15,15,255"/>
      </part>
      <part slot="face" layer="inner" mesh="gear_nightvision_goggles">
        <texture name="gear_nightvision_goggles" color="32,32,32,255"/>
        <texture name="unisex_face_dirt_overlay" color="78,15,15,255"/>
      </part>
      <part slot="eyes" layer="base" mesh="male_base_eyes">
        <texture name="unisex_eye_shaded" color="255,255,255"/>
        <texture name="unisex_iris" color="eye"/>
      </part>
      <part slot="hands" layer="base" mesh="male_armor_heavy_bandit_gloves">
        <texture name="unisex_bandit_armor" color="32,32,32,255"/>
        <texture name="unisex_face_dirt_overlay" color="78,15,15,255"/>
      </part>
      <part slot="chest" layer="base" mesh="male_clothes_army_shirt">
        <texture name="unisex_clothes_army_shirt" color="32,32,32,255"/>
        <texture name="unisex_face_dirt_overlay" color="78,15,15,255"/>
      </part>
      <part slot="chest" layer="outer" mesh="male_armor_heavy_bandit_chest">
        <texture name="unisex_bandit_armor" color="32,32,32,255"/>
        <texture name="unisex_face_dirt_overlay" color="78,15,15,255"/>
      </part>
      <part slot="legs" layer="base" mesh="male_clothes_army_pants">
        <texture name="unisex_clothes_army_pants" color="32,32,32,255"/>
        <texture name="unisex_face_dirt_overlay" color="78,15,15,255"/>
      </part>
      <part slot="legs" layer="outer" mesh="male_armor_heavy_bandit_legarmor">
        <texture name="unisex_bandit_armor" color="32,32,32,255"/>
        <texture name="unisex_face_dirt_overlay" color="78,15,15,255"/>
      </part>
      <part slot="feet" layer="base" mesh="armor_heavy_bandit_feet">
        <texture name="unisex_bandit_armor" color="32,32,32,255"/>
        <texture name="unisex_face_dirt_overlay" color="78,15,15,255"/>
      </part>
    </base_mesh_parts>
    <preview_mesh_parts/>
		<expression blink="true" blink_duration="0.15" blink_min_delay="5" blink_max_delay="15" saccades="true">
			<gene name="neckUp_Down" value="0"/>
			<gene name="neckLeft_Right" value="0"/>
			<gene name="neckTiltLeft_Right" value="0"/>
			<gene name="headUp_Down" value="0"/>
			<gene name="headLeft_Right" value="0"/>
			<gene name="headTiltLeft_Right" value="0"/>
			<gene name="jawOpen_Close" value="0"/>
			<gene name="jawForward_Back" value="0"/>
			<gene name="jawLeft_Right" value="0"/>
			<gene name="mouthLeft_Right" value="0"/>
			<gene name="mouthUp_Down" value="0"/>
			<gene name="mouthNarrow_Pucker" value="0"/>
			<gene name="tongueOut" value="0"/>
			<gene name="tongueCurl" value="0"/>
			<gene name="tongueUp_Down" value="0"/>
			<gene name="tongueLeft_Right" value="0"/>
			<gene name="tongueWide_Narrow" value="0"/>
			<gene name="leftMouthSmile_Frown" value="0"/>
			<gene name="rightMouthSmile_Frown" value="0"/>
			<gene name="leftLowerLipUp_Down" value="0"/>
			<gene name="rightLowerLipUp_Down" value="0"/>
			<gene name="leftUpperLipUp_Down" value="0"/>
			<gene name="rightUpperLipUp_Down" value="0"/>
			<gene name="leftCheekPuff_Squint" value="0"/>
			<gene name="rightCheekPuff_Squint" value="0"/>
			<gene name="noseSneer" value="0"/>
			<gene name="leftEyeOpen_Close" value="0"/>
			<gene name="rightEyeOpen_Close" value="0"/>
			<gene name="leftEyeUp_Down" value="0"/>
			<gene name="rightEyeUp_Down" value="0"/>
			<gene name="leftEyeIn_Out" value="0"/>
			<gene name="rightEyeIn_Out" value="0"/>
			<gene name="browsIn" value="0"/>
			<gene name="leftBrowUp_Down" value="0"/>
			<gene name="rightBrowUp_Down" value="0"/>
			<gene name="midBrowUp_Down" value="0"/>
		</expression>
		<dna>
			<gene name="height" value="1"/>
			<gene name="headSize" value="0.76"/>
			<gene name="headWidth" value="0.57"/>
			<gene name="handsSize" value="0.275"/>
			<gene name="feetSize" value="0.6"/>
			<gene name="muscle" value="0.995"/>
			<gene name="weight" value="0.535"/>
			<gene name="gluteusSize" value="0.57"/>
			<gene name="earsSize" value="0.76"/>
			<gene name="earsPosition" value="0.545"/>
			<gene name="earsRotation" value="0.5"/>
			<gene name="noseSize" value="0.7"/>
			<gene name="noseCurve" value="0.53"/>
			<gene name="noseWidth" value="0.49"/>
			<gene name="noseInclination" value="0.13"/>
			<gene name="nosePosition" value="0"/>
			<gene name="nosePronounced" value="0.45"/>
			<gene name="noseFlatten" value="0.59"/>
			<gene name="chinSize" value="0.28"/>
			<gene name="chinPronounced" value="0.54"/>
			<gene name="chinPosition" value="0.5"/>
			<gene name="mandibleSize" value="0.46"/>
			<gene name="jawsSize" value="0.625"/>
			<gene name="jawsPosition" value="0.5"/>
			<gene name="cheekSize" value="0.995"/>
			<gene name="cheekPosition" value="1"/>
			<gene name="lowCheekPronounced" value="0.51"/>
			<gene name="lowCheekPosition" value="0.125"/>
			<gene name="foreheadSize" value="0"/>
			<gene name="foreheadPosition" value="0"/>
			<gene name="lipsSize" value="0"/>
			<gene name="mouthSize" value="0.115"/>
			<gene name="eyeRotation" value="0.31"/>
			<gene name="eyeSize" value="1"/>
			<gene name="breastSize" value="0"/>
		</dna>
	</archetype>