<!-- Bandits -->
<!-- Melee Weapons -->
<entity_class name="banditMelee">
	<!-- This one decides for scoring -->
	<property name="EntityType" value="Player" />
	<!-- Mesh and class properties -->
	<property name="Mesh" value="Player/Male/player_maleRagdoll" />
	<property name="AvatarController" value="AvatarUMAController" />
	<property name="ModelType" value="NpcUMA" />
	<property name="HasRagdoll" value="true" />
	<property name="Prefab" value="NPC" />
	<property name="Class" value="EntityNPC" />
	<property name="Parent" value="Players" />
	<property name="PhysicsBody" value="Player" />
	<property name="Archetype" value="BanditMelee"/>
	<!-- AI properties -->
	<property name="AITask-1" value="ApproachAndAttackTarget" param1="EntityEnemy" />
	<property name="AITask-2" value="ApproachAndAttackTarget" param1="EntityPlayer" />
	<property name="AITask-3" value="ApproachAndAttackTarget" param1="EntitySurvivor" />
	<property name="AITask-4" value="ApproachSpot" />
	<property name="AITask-5" value="Wander" />
	<property name="AITarget-1" value="SetAsTargetIfHurt" param1="EntityEnemy" />
	<property name="AITarget-2" value="SetAsTargetIfHurt" param1="EntityPlayer" />
	<property name="AITarget-3" value="SetAsTargetIfHurt" param1="EntitySurvivor" />
	<property name="AITarget-4" value="BlockingTargetTask" />
	<property name="AITarget-5" value="SetNearestEntityAsTarget" param1="EntityEnemy" />
	<property name="AITarget-6" value="SetNearestEntityAsTarget" param1="EntityPlayer" />
	<property name="AITarget-7" value="SetNearestEntityAsTarget" param1="EntitySurvivor" />
	<!--property name="AITarget-5" value="SetNearestEntityAsTarget" param1="EntityAnimalStag" /-->
	<!-- General entity properties -->
	<property name="ItemsOnEnterGame.GameModeSurvivalSP" value="banditfireaxeSteel" />
	<property name="ItemsOnEnterGame.GameModeSurvivalMP" value="banditfireaxeSteel" />
	<property name="MaxHealth" value="300" />
	<property name="MaxViewAngle" value="180" />
	<property name="Weight" value="70" />
	<property name="WanderSpeed" value="0.5" />
	<property name="ApproachSpeed" value="1" />
	<property name="NightWanderSpeed" value="0.5" />
	<property name="NightApproachSpeed" value="1" />
	<property name="PanicSpeed" value="1.15" />
	<property name="CanClimbLadders" value="true" />
	<property name="IsEnemyEntity" value="true" />
	<!-- This decides on the particle effect played on hit -->
	<property name="SurfaceCategory" value="organic" />
	<property name="WalkType" value="7" />
	<property name="ParticleOnDeath" value="blood_death" />
	<property name="SoundRandomTime" value="200.0" />
	<!-- It will play the roam every 60/30 seconds -->
	<property name="SoundRandom" value="malehateroam" />
	<property name="SoundAlert" value="malehatealert" />
	<property name="SoundSense" value="malehatesense" />
	<property name="SoundHurt" value="malehatepain" />
	<property name="SoundDeath" value="malehatedeath" />
	<property name="SoundAttack" value="malehateattack" />
	<property name="TimeStayAfterDeath" value="5" />
	<!-- in s -->
	<property name="CorpseBlock" value="cntcorpsebanditMelee"/>
	<property name="CorpseBlockChance" value="1"/>
	<property name="ExperienceGain" value="1500"/>
	<property name="DeadBodyHitPoints" value="20" />
	<property name="HasDeathAnim" value="true" />
</entity_class>

<entity_class name="Negan" extends="banditMelee">
<property name="MaxHealth" value="750" />
<property name="MaxViewAngle" value="180" />
	<property name="Weight" value="200" />
	<property name="Immunity" value="sickness;disease;bleeding;wellness" />
	<property name="ItemsOnEnterGame.GameModeSurvivalSP" value="banditclubSpiked" />
	<property name="ItemsOnEnterGame.GameModeSurvivalMP" value="banditclubSpiked" />	
	<property name="CorpseBlock" value="cntcorpseNegan"/>
	<property name="CorpseBlockChance" value="1"/>
	</entity_class>

	<entity_class name="banditSledger" extends="banditMelee">
	<property name="Archetype" value="BanditRanged"/>
	<property name="ItemsOnEnterGame.GameModeSurvivalSP" value="banditsledgehammer" />
	<property name="ItemsOnEnterGame.GameModeSurvivalMP" value="banditsledgehammer" />
	<property name="CorpseBlock" value="cntcorpsebanditSledger"/>
	<property name="CorpseBlockChance" value="1"/>
	</entity_class>

<entity_class name="banditSlasher" extends="banditMelee">
	<property name="Archetype" value="BanditFemaleMelee"/>
	<property name="ItemsOnEnterGame.GameModeSurvivalSP" value="banditmachete" />
	<property name="ItemsOnEnterGame.GameModeSurvivalMP" value="banditmachete" />
	<property name="CorpseBlock" value="cntcorpsebanditSlasher"/>
	<property name="CorpseBlockChance" value="1"/>
	</entity_class>

<entity_class name="banditClubber" extends="banditMelee">
	<property name="Archetype" value="BanditRanged"/>
	<property name="ItemsOnEnterGame.GameModeSurvivalSP" value="banditclubWood" />
	<property name="ItemsOnEnterGame.GameModeSurvivalMP" value="banditclubWood" />
	<property name="CorpseBlock" value="cntcorpsebanditClubber"/>
	<property name="CorpseBlockChance" value="1"/>
	</entity_class>	

<!-- Ranged Attack -->
	
<entity_class name="banditGrenadier" extends="zombie01"> <!--fatzombiecop-->
	<property name="Archetype" value="BanditRanged"/>
	<property name="HandItem" value="handGrenadier" />
	<!-- AI properties -->
	<property name="AITask-1" value="RangedAttackTarget" param1="0" param2="80"/>
	<property name="AITask-2" value="ApproachAndAttackTarget" param1="EntityEnemy" />
	<property name="AITask-3" value="ApproachAndAttackTarget" param1="EntityPlayer" />
	<property name="AITask-4" value="ApproachAndAttackTarget" param1="EntitySurvivor" />
	<property name="AITask-5" value="ApproachSpot" />
	<property name="AITask-6" value="Wander" />
	<property name="AITarget-1" value="SetAsTargetIfHurt" param1="EntityEnemy" />
	<property name="AITarget-2" value="SetAsTargetIfHurt" param1="EntityPlayer" />
	<property name="AITarget-3" value="SetAsTargetIfHurt" param1="EntitySurvivor" />
	<property name="AITarget-4" value="BlockingTargetTask" />
	<property name="AITarget-5" value="SetNearestEntityAsTarget" param1="EntityEnemy" />
	<property name="AITarget-6" value="SetNearestEntityAsTarget" param1="EntityPlayer" />
	<property name="AITarget-7" value="SetNearestEntityAsTarget" param1="EntitySurvivor" />
		<property name="MaxHealth" value="380" />
	<property name="MaxViewAngle" value="180" />
	<property name="Weight" value="90" />
	<property name="WanderSpeed" value="1" />
	<property name="ApproachSpeed" value="2" />
	<property name="NightWanderSpeed" value="1.5" />
	<property name="NightApproachSpeed" value="2.5" />
	<property name="PanicSpeed" value="3.15" />
	<property name="CanClimbLadders" value="true" />
	<property name="IsEnemyEntity" value="true" />
	<property name="WalkType" value="7" />
	<property name="LootListOnDeath" value="95" />
	<!--<property name="CorpseBlock" value="cntcorpsebanditGrenadier"/>
	<property name="CorpseBlockChance" value="1"/>-->
	</entity_class>

<entity_class name="banditBullseye" extends="banditMelee">
	<property name="ItemsOnEnterGame.GameModeSurvivalSP" value="banditwoodenBow,banditarrow" />
	<property name="ItemsOnEnterGame.GameModeSurvivalMP" value="banditwoodenBow,banditarrow" />	
	<!-- AI properties -->
	<property name="AITask-1" value="RangedAttackTarget" param1="0" param2="20"/>
	<property name="CorpseBlock" value="cntcorpsebanditBullseye"/>
	<property name="CorpseBlockChance" value="1"/>
</entity_class>

<entity_class name="banditBullseye3" extends="banditMelee">
	<property name="ItemsOnEnterGame.GameModeSurvivalSP" value="banditwoodenBow3,banditflamingArrow" />
	<property name="ItemsOnEnterGame.GameModeSurvivalMP" value="banditwoodenBow3,banditflamingArrow" />
	<!-- AI properties -->
	<property name="AITask-1" value="RangedAttackTarget" param1="0" param2="20"/>
	<property name="CorpseBlock" value="cntcorpsebanditBullseye3"/>
	<property name="CorpseBlockChance" value="1"/>
</entity_class>

<entity_class name="banditDeadAim" extends="banditMelee">
	<property name="Archetype" value="BanditFemaleMelee"/>
	<property name="ItemsOnEnterGame.GameModeSurvivalSP" value="banditcrossbow,banditCrossbowBolt" />
	<property name="ItemsOnEnterGame.GameModeSurvivalMP" value="banditcrossbow,banditCrossbowBolt" />
	<!-- AI properties -->
	<property name="AITask-1" value="RangedAttackTarget" param1="0" param2="20"/>
	<property name="CorpseBlock" value="cntcorpsebanditDeadAim"/>
	<property name="CorpseBlockChance" value="1"/>
</entity_class>

<entity_class name="banditDeadAim1" extends="banditMelee">
	<property name="Archetype" value="BanditRanged"/>
	<property name="ItemsOnEnterGame.GameModeSurvivalSP" value="banditcrossbow1,banditexplodingCrossbowBolt" />
	<property name="ItemsOnEnterGame.GameModeSurvivalMP" value="banditcrossbow1,banditexplodingCrossbowBolt" />
	<!-- AI properties -->
	<property name="AITask-1" value="RangedAttackTarget" param1="0" param2="20"/>
	<property name="CorpseBlock" value="cntcorpsebanditDeadAim1"/>
	<property name="CorpseBlockChance" value="1"/>
</entity_class>

<entity_class name="banditDeadAim2" extends="banditMelee">
	<property name="ItemsOnEnterGame.GameModeSurvivalSP" value="banditcrossbow2,banditsteelCrossbowBolt" />
	<property name="ItemsOnEnterGame.GameModeSurvivalMP" value="banditcrossbow2,banditsteelCrossbowBolt" />
	<!-- AI properties -->
	<property name="AITask-1" value="RangedAttackTarget" param1="0" param2="20"/>
	<property name="CorpseBlock" value="cntcorpsebanditDeadAim2"/>
	<property name="CorpseBlockChance" value="1"/>
</entity_class>

<!-- Ranged Attack2 -->

<entity_class name="banditLeader" extends="banditMelee">
	<property name="Archetype" value="banditLeader"/>
	<property name="ItemsOnEnterGame.GameModeSurvivalSP" value="banditgunAK47" />
	<property name="ItemsOnEnterGame.GameModeSurvivalMP" value="banditgunAK47" />
	<!-- in s -->
	<property name="AttackTimeoutDay" value="0.5" />
	<property name="AttackTimeoutNight" value="0.5" />
	<!-- AI properties -->
	<property name="AITask-1" value="RangedAttackTarget2" param1="0" param2="20"/>
	<property name="CorpseBlock" value="cntcorpsebanditLeader"/>
	<property name="CorpseBlockChance" value="1"/>
	</entity_class>
	
	<entity_class name="banditMusketeer" extends="banditMelee">
	<property name="Archetype" value="BanditRanged"/>
	<property name="ItemsOnEnterGame.GameModeSurvivalSP" value="banditblunderbuss" />
	<property name="ItemsOnEnterGame.GameModeSurvivalMP" value="banditblunderbuss" />
	<!-- AI properties -->
	<property name="AITask-1" value="RangedAttackTarget" param1="0" param2="20"/>
	<property name="CorpseBlock" value="cntcorpsebanditMusketeer"/>
	<property name="CorpseBlockChance" value="1"/>
	</entity_class>

<entity_class name="banditFixer" extends="banditMelee">
	<property name="Archetype" value="BanditRanged"/>
	<!-- AI properties -->
	<property name="AITask-1" value="RangedAttackTarget2" param1="0" param2="20"/>
	<property name="ItemsOnEnterGame.GameModeSurvivalSP" value="banditgunHuntingRifle" />
	<property name="ItemsOnEnterGame.GameModeSurvivalMP" value="banditgunHuntingRifle" />
	<property name="CorpseBlock" value="cntcorpsebanditFixer"/>
	<property name="CorpseBlockChance" value="1"/>
	</entity_class>

<entity_class name="banditRanged" extends="banditMelee">
	<property name="Archetype" value="BanditFemaleMelee"/>
	<!-- AI properties -->
	<property name="AITask-1" value="RangedAttackTarget2" param1="0" param2="20"/>
	<property name="ItemsOnEnterGame.GameModeSurvivalSP" value="banditgunPistol" />
	<property name="ItemsOnEnterGame.GameModeSurvivalMP" value="banditgunPistol" />
	<property name="CorpseBlock" value="cntcorpsebanditRanged"/>
	<property name="CorpseBlockChance" value="1"/>
	</entity_class>

<entity_class name="banditdestroyer" extends="banditMelee">
	<property name="Archetype" value="BanditRanged"/>
	<!-- AI properties -->
	<property name="AITask-1" value="RangedAttackTarget2" param1="0" param2="20"/>
	<property name="ItemsOnEnterGame.GameModeSurvivalSP" value="banditgunRocketLauncher" />
	<property name="ItemsOnEnterGame.GameModeSurvivalMP" value="banditgunRocketLauncher" />
	<property name="CorpseBlock" value="cntcorpsebanditdestroyer"/>
	<property name="CorpseBlockChance" value="1"/>
</entity_class>

<entity_class name="banditSniper" extends="banditMelee">
	<property name="Archetype" value="BanditRanged"/>
	<!-- AI properties -->
	<property name="AITask-1" value="RangedAttackTarget2" param1="0" param2="20"/>
	<property name="ItemsOnEnterGame.GameModeSurvivalSP" value="banditgunSniperRifle" />
	<property name="ItemsOnEnterGame.GameModeSurvivalMP" value="banditgunSniperRifle" />
	<property name="CorpseBlock" value="cntcorpsebanditSniper"/>
	<property name="CorpseBlockChance" value="1"/>
</entity_class>

<entity_class name="banditMassachist" extends="banditMelee">
	<property name="Archetype" value="BanditRanged"/>
	<!-- AI properties -->
	<property name="AITask-1" value="RangedAttackTarget2" param1="0" param2="20"/>
	<property name="ItemsOnEnterGame.GameModeSurvivalSP" value="banditchainsaw" />
	<property name="ItemsOnEnterGame.GameModeSurvivalMP" value="banditchainsaw" />
	<property name="CorpseBlock" value="cntcorpsebanditMassachist"/>
	<property name="CorpseBlockChance" value="1"/>
	</entity_class>
	
	<entity_class name="banditDestructor" extends="banditMelee">
	<property name="WalkType" value="1" />
	<property name="MaxHealth" value="1000" />
	<property name="MaxViewAngle" value="180" />
	<property name="Weight" value="180" />
	<property name="Immunity" value="sickness;disease;bleeding;wellness" />

	<property name="WanderSpeed" value="1" />
	<property name="ApproachSpeed" value="1.5" />
	<property name="NightWanderSpeed" value="2" />
	<property name="NightApproachSpeed" value="4" />
	<property name="PanicSpeed" value="5" />
	<property name="ItemsOnEnterGame.GameModeSurvivalSP" value="banditAuger" />
	<property name="ItemsOnEnterGame.GameModeSurvivalMP" value="banditAuger" />
	<!-- AI properties -->
	<property name="AITask-1" value="RangedAttackTarget2" param1="0" param2="20"/>
	<property name="AITask-2" value="BreakBlock" />
	<property name="AITask-3" value="BreakDoor" />
	<property name="CorpseBlock" value="cntcorpsebanditDestructor"/>
	<property name="CorpseBlockChance" value="1"/>
	<property name="Explosion.ParticleIndex" value="8" />
	<property name="Explosion.RadiusBlocks" value="15" />
	<property name="Explosion.RadiusEntities" value="60" />
	<property name="Explosion.BlockDamage" value="600" />
	<property name="Explosion.EntityDamage" value="250" />
	<property name="Explosion.DamageBonus.earth" value="100" />
	<property name="ExperienceGain" value="10000"/>
	<property name="HeadDismemberBonusChance" value="50"/>
	<property name="HeadDismemberThreshold" value="25"/> <!-- if the total damage exceeds that value, there is a chance for dismemberment /> -->
	<property name="LowerLegDismemberThreshold" value="0"/>
	<property name="UpperLegDismemberThreshold" value="0"/>
	<property name="LowerArmDismemberThreshold" value="0"/>
	<property name="UpperArmDismemberThreshold" value="0"/>
	<property name="LegCrawlerThreshold" value="0"/>
	<property name="LegCrippleThreshold" value="0"/>
	<property name="KnockdownProneDamageThreshold" value="20"/>
	<property name="KnockdownKneelDamageThreshold" value="20"/>
</entity_class>

<entity_class name="banditCop" extends="banditMelee">
	<property name="Archetype" value="BanditFemaleMelee"/>
	<!-- AI properties -->
	<property name="AITask-1" value="RangedAttackTarget2" param1="0" param2="20"/>
	<property name="ItemsOnEnterGame.GameModeSurvivalSP" value="banditgun44Magnum" />
	<property name="ItemsOnEnterGame.GameModeSurvivalMP" value="banditgun44Magnum" />
	<property name="CorpseBlock" value="cntcorpsebanditCop"/>
	<property name="CorpseBlockChance" value="1"/>
</entity_class>

<entity_class name="banditHeadshot" extends="banditMelee">
	<property name="Archetype" value="BanditRanged"/>
	<!-- AI properties -->
	<property name="AITask-1" value="RangedAttackTarget2" param1="0" param2="20"/>
	<property name="ItemsOnEnterGame.GameModeSurvivalSP" value="banditgunSawedOffPumpShotgun" />
	<property name="ItemsOnEnterGame.GameModeSurvivalMP" value="banditgunSawedOffPumpShotgun" />
	<property name="CorpseBlock" value="cntcorpsebanditHeadshot"/>
	<property name="CorpseBlockChance" value="1"/>
</entity_class>

<entity_class name="banditGunner" extends="banditMelee">
	<property name="Archetype" value="BanditFemaleMelee"/>
	<!-- AI properties -->
	<property name="AITask-1" value="RangedAttackTarget2" param1="0" param2="20"/>
	<property name="ItemsOnEnterGame.GameModeSurvivalSP" value="banditgunMP5" />
	<property name="ItemsOnEnterGame.GameModeSurvivalMP" value="banditgunMP5" />
	<property name="CorpseBlock" value="cntcorpsebanditGunner"/>
	<property name="CorpseBlockChance" value="1"/>
</entity_class>

<entity_class name="banditFighter" extends="banditMelee">
<property name="Archetype" value="BanditFemaleMelee"/>
<property name="AITask-1" value="RangedAttackTarget2" param1="0" param2="20"/>
	<property name="ItemsOnEnterGame.GameModeSurvivalSP" value="banditgunPumpShotgun" />
	<property name="ItemsOnEnterGame.GameModeSurvivalMP" value="banditgunPumpShotgun" />
	<property name="CorpseBlock" value="cntcorpsebanditFighter"/>
	<property name="CorpseBlockChance" value="1"/>
	</entity_class>

    <entity_class name="banditScout" extends="zombieUMA"> 
	<property name="Archetype" value="banditScout"/>
	 <property name="MaxHealth" value="250"/>
    <property name="WanderSpeed" value="0.45"/>
    <property name="ApproachSpeed" value="0.8"/>
    <property name="NightWanderSpeed" value="0.65"/>
    <property name="NightApproachSpeed" value="1.25"/>
    <property name="SoundRandom" value="Enemies/Spider_Zombie/spiderroam"/>
    <property name="SoundAlert" value="Enemies/Spider_Zombie/spideralert"/>
    <property name="SoundAttack" value="Enemies/Spider_Zombie/spiderattack"/>
    <property name="SoundDeath" value="Enemies/Spider_Zombie/spiderdeath"/>
    <property name="SoundHurt" value="Enemies/Spider_Zombie/spiderpain"/>
    <property name="SoundSense" value="Enemies/Spider_Zombie/spidersense"/>
    <property name="ExperienceGain" value="2000"/>
	<property name="HandItem" value="handStrongZombie" />
	<property name="LootListOnDeath" value="72" />
</entity_class>
<!-- Bandits -->