<!-- Bandits -->
<item id="2000" name="clubMaster1">
	<property name="IsDeveloper" value="true" />
	<property name="Meshfile" value="Items/Weapons/Melee/Club/Club_Wood_BranchPrefab" />
	<property name="Material" value="wood" />
	<property name="HoldType" value="2" />
 	<property name="SoundDestroy" value="wooddestroy1" />
	<property name="FuelValue" value="30" />
	<property name="EconomicValue" value="5" />
	<property name="EconomicBundleSize" value="1" />
	<property name="SellableToTrader" value="false" />
	<property class="Action0"> <!-- AttackAction -->
		<property name="Class" value="Melee" />
		<property name="Delay" value="1" />
		<property name="Range" value="1" />
		<property name="Sphere" value="0.2" />
		<property name="Sound_start" value="swoosh" />
		<property name="Stamina_usage" value="6" />
		<property name="DamageBonus.head" value="4" />
		<property name="DamageBonus.glass" value="25" /> <!-- These are multipliers and correspond to "damage_category" in materials.xml. -->
		<property name="ActionExp" value="2" />
		<property name="ActionExpBonusMultiplier" value="10" />
	</property>
	<property class="Attributes">
		<property name="EntityDamage" value="8,14" />
		<property name="BlockDamage" value="3,12" />
		<property name="DegradationMax" value="100,600" />
 		<property name="DegradationRate" value="3,1" />
	</property>
	<property name="CritChance" value=".10" />
	<property name="DescriptionKey" value="clubWoodDesc"/>
	<property name="Group" value="Ammo/Weapons" />
	<property name="ActionSkillGroup" value="Blunt Weapons"/>
	<property name="CraftingSkillGroup" value="Weapon Smithing"/>
	<property name="RepairExpMultiplier" value="5.5"/> <!-- 54 = about 250 points of crafting skill XP. This does not base off the crafting XP auto-calculation. It has a base value of 5 or so. -->
</item>

<item id="2001" name="banditchainsaw" >
		<property name="Extends" value="chainsaw" />
		<property class="Action0"> 
		<property name="Class" value="Ranged" />
		<property name="Delay" value="0.1" />
		<property name="Magazine_size" value="1" />
		<property name="Infinite_ammo" value="true" />
		<property name="Single_magazine_usage" value="false" />
		<property name="Magazine_items" value="banditgasCan" />
		<property name="Reload_time" value="0.1" />	
		</property>
		<property name="Candrop" value="false" />
		<property name="IsDeveloper" value="true" />
		</item>

<item id="2002" name="banditclubSpiked" >
	<property name="Extends" value="clubMaster1" />
	<property name="Candrop" value="false" />
	<property name="IsDeveloper" value="true" />
	</item>

<item id="2003" name="banditsledgehammer" >
<property name="Extends" value="sledgehammer" />
		<property class="Action0"> <!-- AttackAction -->
		<property name="Delay" value="1" />
		<property name="Range" value="2" />	
		</property>
		<property name="Candrop" value="false" />
		<property name="IsDeveloper" value="true" />
		</item>

<item id="2004" name="banditclubWood" >
<property name="Extends" value="clubWood" />
	<property name="Candrop" value="false" />
	<property name="IsDeveloper" value="true" />
	</item>

<item id="2005" name="banditfireaxeSteel" >
<property name="Extends" value="fireaxeSteel" />
	<property name="Candrop" value="false" />
	<property name="IsDeveloper" value="true" />
	</item>

<item id="2006" name="banditmachete" >
<property name="Extends" value="machete" />
	<property class="Action0"> <!-- AttackAction -->
		<property name="Delay" value="1" />
		</property>
		<property name="Candrop" value="false" />
		<property name="IsDeveloper" value="true" />
		</item>

<item id="2007" name="banditgunPistol" >
<property name="Extends" value="gunPistol" />
	<property class="Action0"> <!-- AttackAction -->
		<property name="Class" value="Ranged" />
		<property name="Delay" value="0.1" />
		<property name="Magazine_size" value="1" />
		<property name="Infinite_ammo" value="true" />
		<property name="Magazine_items" value="bandit9mmBullet" />
		<property name="Reload_time" value="0.1" />
		</property>
		<property name="Candrop" value="false" />
	<property name="IsDeveloper" value="true" />
	</item>

<item id="2008" name="banditgun44Magnum" >
<property name="Extends" value="gun44Magnum" />
	<property class="Action0"> <!-- AttackAction -->
		<property name="Class" value="Ranged" />
		<property name="Delay" value="0.1" />
		<property name="Magazine_size" value="1" />
		<property name="Infinite_ammo" value="true" />
		<property name="Magazine_items" value="bandit44MagBullet" />
		<property name="Reload_time" value="0.1" />
		</property>
		<property name="Candrop" value="false" />
	<property name="IsDeveloper" value="true" />
		</item>

<item id="2009" name="banditgunSawedOffPumpShotgun" >
<property name="Extends" value="gunSawedOffPumpShotgun" />
		<property class="Action0"> <!-- AttackAction -->
		<property name="Delay" value="0.1" />
		<property name="Magazine_size" value="1" />
		<property name="Infinite_ammo" value="true" />
		<property name="Magazine_items" value="banditshotgunShell" />
		<property name="Reload_time" value="0.1" />
		</property>
		<property name="Candrop" value="false" />
	<property name="IsDeveloper" value="true" />
		</item>

<item id="2010" name="banditgunMP5" >
<property name="Extends" value="gunMP5" />
		<property class="Action0"> <!-- AttackAction -->
		<property name="Delay" value="0.1" />
		<property name="Magazine_size" value="1" />
		<property name="Infinite_ammo" value="true" />
		<property name="Magazine_items" value="bandit10mmBullet" />
		<property name="Reload_time" value="0.1" />
		</property>
		<property name="Candrop" value="false" />
	<property name="IsDeveloper" value="true" />
		</item>

<item id="2011" name="banditgunAK47" >
<property name="Extends" value="gunAK47" />
	<property class="Action0"> <!-- AttackAction -->
		<property name="Delay" value="0.1" />
		<property name="Magazine_size" value="1" />
		<property name="Infinite_ammo" value="true" />
		<property name="Magazine_items" value="bandit762mmBullet" />
		<property name="Reload_time" value="0.1" />
</property>
		<property name="Candrop" value="false" />
	<property name="IsDeveloper" value="true" />
		</item>

<item id="2012" name="banditgunHuntingRifle" >
<property name="Extends" value="gunHuntingRifle" />
		<property class="Action0"> <!-- AttackAction -->
		<property name="Delay" value="0.1" />
		<property name="Magazine_size" value="1" />
		<property name="Infinite_ammo" value="true" />
		<property name="Magazine_items" value="bandit762mmBullet" />
		<property name="Reload_time" value="0.1" />
		</property>
		<property name="Candrop" value="false" />
	<property name="IsDeveloper" value="true" />
		</item>

<item id="2013" name="banditgunSniperRifle" >
<property name="Extends" value="gunSniperRifle" />
				<property class="Action0"> <!-- AttackAction -->
		<property name="Delay" value="0.1" />
		<property name="Magazine_size" value="1" />
		<property name="Infinite_ammo" value="true" />
		<property name="Magazine_items" value="bandit762mmBullet" />
		<property name="Reload_time" value="0.1" />
		</property>
		<property name="Candrop" value="false" />
	<property name="IsDeveloper" value="true" />
		</item>		

<item id="2014" name="banditgunRocketLauncher" >
<property name="Extends" value="gunRocketLauncher" />
		<property class="Action0"> <!-- AttackAction -->
		<property name="Delay" value="0.1" />
		<property name="Magazine_size" value="1" />
		<property name="Infinite_ammo" value="true" />
		<property name="Magazine_items" value="banditrocket" />
		<property name="Reload_time" value="0.1" />
		</property>
		<property name="Candrop" value="false" />
		<property name="IsDeveloper" value="true" />
		</item>

<item id="2015" name="banditblunderbuss" >
<property name="Extends" value="banditgunSawedOffPumpShotgun" />
	<property name="Meshfile" value="Items/Weapons/Ranged/blunderbuss/blunderbussPrefab" />
	<property name="Material" value="metal" />
	<property name="RepairTools" value="repairKit" />
	<property name="EconomicValue" value="460" />
	<property name="HoldType" value="39" />
	<property name="Candrop" value="false" />
		<property name="IsDeveloper" value="true" />
 	<property name="DegradationBreaksAfter" value="false" />
	<property name="SoundJammed" value="Weapons/weapon_jam" />
	<property class="Action0"> <!-- AttackAction -->
		<property name="Class" value="Ranged" />
		<property name="Delay" value="2" />
		<property name="Range" value="40" />
		<property name="Crosshair_min_distance" value="30" />
		<property name="Crosshair_max_distance" value="50" />
		<property name="Magazine_size" value="1" />
		<property name="Infinite_ammo" value="true" />
		<property name="Magazine_items" value="banditblunderbussAmmo" />
		<property name="Magazine_item_ray_counts" value="10" />
		<property name="Magazine_item_ray_spreads" value="0.96" />
		<property name="Reload_time" value="2" />
		<property name="Bullet_icon" value="uzi" />
		<property name="Sound_start" value="Weapons/Ranged/Blunderbuss/blunderbuss_fire" />
		<property name="Sound_repeat" value="" />
		<property name="Sound_end" value="" />
		<property name="Sound_empty" value="Weapons/weapon_empty" />
		<property name="Sound_reload" value="Weapons/Ranged/Blunderbuss/blunderbuss_reload" />
		<property name="Particles_muzzle_fire" value="nozzleflash_shotgun" />
		<property name="Particles_muzzle_smoke" value="nozzlesmokeuzi" />
		<property name="DamageBonus.head" value="3" />
		<property name="DamageBonus.wood" value="2.5" />
		<property name="DamageBonus.glass" value="25" />
		<property name="DamageBonus.earth" value=".2" />
		<property name="Buff" value="shotgunWound" />
		<property name="Buff_chance" value=".8" />
	</property>
	<property class="Action1"> <!-- UseAction -->
		<property name="Class" value="Zoom" />
		<property name="Zoom_max_out" value="40" />
		<property name="Zoom_max_in" value="40" />
	</property>
	<property name="Group" value="Ammo/Weapons" />
	<property class="Attributes">
		<property name="EntityDamage" value="6,9.4" />
		<property name="BlockDamage" value="1.6,5" />
		<property name="Accuracy" value="1,0.1" />
		<property name="DegradationMax" value="800,3200" />
		<property name="DegradationRate" value="10,10" />
	</property>
	<property name="Group" value="Ammo/Weapons" />
	<property name="ActionSkillGroup" value="Shotguns"/>
	<property name="CraftingSkillGroup" value="Weapon Smithing"/> <!-- 15.0 workaround. Should be Gun Smithing -->
	<property name="RepairExpMultiplier" value="10.8"/>
</item>

<item id="2016" name="banditwoodenBow" >
<property name="Extends" value="banditblunderbuss" />
	<property name="Meshfile" value="Items/Weapons/Ranged/Bows/WoodenBow/WoodenBowPrefab" />
 	<property name="Material" value="wood" />
	<property name="RepairTools" value="wood" />
	<property name="HoldType" value="27" />
	<property name="FuelValue" value="36" />
	<property name="Candrop" value="false" />
		<property name="IsDeveloper" value="true" />
	<property name="DegradationBreaksAfter" value="false" />
	<property name="SoundJammed" value="ItemNeedsRepair" />
 	<property name="SoundDestroy" value="wooddestroy1" />
	<property name="CrosshairOnAim" value="true" />
	<property name="CrosshairUpAfterShot" value="false" />
	<property class="Action0"> <!-- AttackAction -->
		<property name="Class" value="Ranged" />
		<!-- Catapult might not be the best name for it but it can also be used for a slingshot -->
		<property name="Hitmask_override" value="Arrow" />
		<property name="Delay" value="1" />
		<property name="Magazine_size" value="1" />
		<property name="Infinite_ammo" value="true" />
		<property name="Magazine_items" value="banditarrow" />
		<property name="Rays_spread" value="0.017" />
		<property name="Reload_time" value="0" />
		<property name="Bullet_icon" value="uzi" />
		<property name="Sound_start" value="Weapons/Ranged/Bows/Bow/bow_fire" />
		<property name="Sound_repeat" value="" />
		<property name="Sound_end" value="" />
		<property name="Sound_empty" value="Weapons/weapon_empty" />
		<property name="Sound_reload" value="Weapons/Ranged/Bows/Bow/bow_reload" />
		<property name="Sound_draw" value="Weapons/Ranged/Bows/Bow/bow_draw" />
		<property name="Sound_cancel" value="Weapons/Ranged/Bows/Bow/bow_fire_cancel" />
		<property name="Particles_muzzle_fire" value="nozzleflashuzi" />
		<property name="Particles_muzzle_smoke" value="nozzlesmokeuzi" />
		<property name="Max_strain_time" value=".5" />
		<!-- ammunition can override Exp values 
		<property name="ActionExp" value="3" />
		<property name="ActionExpBonusMultiplier" value="3" />-->
	</property>
	<property class="Action1"> <!-- UseAction -->
		<property name="Class" value="Zoom" />
		<property name="Zoom_max_out" value="35" />
		<property name="Zoom_max_in" value="35" />
	</property>
	<property name="Group" value="Ammo/Weapons,Basics" />
	<property class="Attributes">
		<property name="DegradationRate" value="1,1" />
		<property name="DegradationMax" value="50,600" />
	</property>
	<property name="DescriptionKey" value="woodenBowDesc"/>
	<property name="ActionSkillGroup" value="Archery"/>
	<property name="CraftingSkillGroup" value="Weapon Smithing"/>
	<property name="RepairExpMultiplier" value="5.5"/>
	<property name="PickupJournalEntry" value="alternateAmmoTip" />
</item>
	
<item id="2017" name="banditAuger" >
	<property name="Extends" value="banditchainsaw" />
	<property name="Meshfile" value="Items/Tools/augerPrefab" />
	<property name="Material" value="metal" />
	<property name="RepairTools" value="repairKit" />
	<property name="HoldType" value="20" />
 	<property name="SoundIdle" value="Weapons/Motorized/Auger/auger_idle" />
	<property name="Particles_muzzle_smoke" value="nozzlesmoke_chainsaw" />
	<property class="Parts">
		<property name="Stock" value="partsAuger_parts" />
		<property name="Receiver" value="smallEngine" />
		<property name="Pump" value="partsHandlebars" /> <!-- DegradationRate -->
		<property name="Barrel" value="partsAuger_blade" />
	</property>
	<property class="Action0"> <!-- AttackAction -->
		<property name="Class" value="Ranged" />
		<property name="Auto_fire" value="true" />
		<property name="Hitmask_override" value="Melee" />
		<property name="Delay" value="0.1" />
		<property name="Crosshair_min_distance" value="5" />
		<property name="Crosshair_max_distance" value="30" />
		<property name="Magazine_size" value="1" />
		<property name="Infinite_ammo" value="true" />
		<property name="Magazine_items" value="banditgasCan" />
		<property name="Magazine_item_ray_counts" value="1" />
		<property name="Magazine_item_ray_spreads" value="0" />
		<property name="Bullet_material" value="metal" />
		<property name="Reload_time" value="0.1" />
		<property name="Range" value="2.1" />
		<property name="Block_range" value="3" />
		<property name="Sound_start" value="Weapons/Motorized/Auger/auger_fire_start" />
		<property name="Sound_repeat" value="Weapons/Motorized/Auger/auger_fire_lp" />
		<property name="Sound_end" value="Weapons/Motorized/Auger/auger_fire_end" />
		<property name="Sound_empty" value="Weapons/Motorized/Auger/auger_empty" />
		<property name="Sound_reload" value="Weapons/Motorized/Auger/auger_reload" />
		<property name="Horde_meter_rate" value=".275" />
		<property name="Horde_meter_distance" value="20" />
		<property name="Particles_muzzle_smoke" value="nozzlesmoke_chainsaw" />
		<property name="DamageBonus.head" value="0" />
		<property name="DamageBonus.glass" value="2500" />
		<property name="DamageBonus.wood" value="1000" />
		<property name="DamageBonus.metal" value="5000" />
		<property name="DamageBonus.earth" value="750" />
		<property name="DamageBonus.organic" value="100" />
		<property name="EntityDamage" value="4,10" />
		<property name="BlockDamage" value="150,2600" />
		<property name="SupportHarvesting" value="true" />
		<property name="UseMeleeCrosshair" value="true" />
		<property name="ActionExp" value="1" />
	</property>
	<property name="Candrop" value="false" />
		<property name="IsDeveloper" value="true" />
		</item>		

	<item id="2018" name="banditgunPumpShotgun">
	<property name="Extends" value="gunPumpShotgun" />
		<property class="Action0"> <!-- AttackAction -->
		<property name="Delay" value="1" />
		<property name="Magazine_size" value="1" />
		<property name="Infinite_ammo" value="true" />
		<property name="Magazine_items" value="banditShotgunSlug" />
		<property name="Magazine_item_ray_counts" value="2, 1" />
		<property name="Magazine_item_ray_spreads" value="0.75, 0.25" />
		<property name="Reload_time" value="2.6" />
				</property>
		<property name="Candrop" value="false" />
		<property name="IsDeveloper" value="true" />
		</item>	

<item id="2019" name="banditcrossbow" >
<property name="Extends" value="banditblunderbuss" />
		<property name="Meshfile" value="Items/Weapons/Ranged/Bows/Crossbow/crossbowPrefab" />
		<property name="Material" value="metal" />
		<property name="RepairTools" value="repairKit" />
		<property name="HoldType" value="26" />
		<property name="Candrop" value="false" />
		<property name="IsDeveloper" value="true" />
		<property name="DegradationBreaksAfter" value="false" />
		<property name="SoundJammed" value="Weapons/weapon_jam" />
		<property name="SoundDestroy" value="wooddestroy1" />
		<property name="Attachments" value="flashlight02" />
		<property class="Action0"> <!-- AttackAction -->
		<property name="Class" value="Ranged" />
		<property name="Hitmask_override" value="Arrow" />
		<property name="Crosshair_min_distance" value="5" />
		<property name="Crosshair_max_distance" value="50" />
		<!--<property name="Range" value="200" />-->
		<property name="Delay" value="1.5" />
		<property name="Magazine_size" value="1" />
		<property name="Infinite_ammo" value="true" />
		<property name="Magazine_items" value="banditCrossbowBolt" />
		<property name="Reload_time" value="0.9" />
		<property name="Bullet_icon" value="uzi" />
		<property name="Sound_start" value="Weapons/Ranged/Bows/Crossbow/crossbow_fire" />
		<property name="Sound_repeat" value="" />
		<property name="Sound_end" value="" />
		<property name="Sound_empty" value="Weapons/weapon_empty" />
		<property name="Sound_reload" value="Weapons/Ranged/Bows/Crossbow/crossbow_reload" />
		</property>
		<property class="Action1"> <!-- UseAction -->
		<property name="Class" value="Zoom" />
		<property name="Zoom_max_out" value="45" />
		<property name="Zoom_max_in" value="45" />
		</property>
		<property name="LightSource" value="lightSource" /> <!-- Start: Needed for the attachment flashlight -->
		<property name="ActivateObject" value="Attachments/flashlight/lightSource" />
		<property name="AttachmentFlashlight" value="flashlight02" /> <!-- End: Needed for the attachment flashlight -->
		<property name="Group" value="Ammo/Weapons" />
		<property name="ActionSkillGroup" value="Shotguns"/>
		<property name="CraftingSkillGroup" value="Gun Smithing"/>
		<property name="RepairExpMultiplier" value="10.8"/>
		<property name="PickupJournalEntry" value="gunAssemblyTip,augmentGunsTip" />
		</item>

<item id="2020" name="banditcrossbow1" >
<property name="Extends" value="banditcrossbow" />
		<property name="Magazine_items" value="banditexplodingCrossbowBolt" />
	</item>

<item id="2021" name="banditcrossbow2" >
<property name="Extends" value="banditcrossbow" />
		<property name="Magazine_items" value="banditsteelCrossbowBolt" />
	</item>	

	<item id="2022" name="bandit9mmBullet" >
	<property name="Extends" value="9mmBullet" />
	<property name="Candrop" value="false" />
	<property name="IsDeveloper" value="true" />
	</item>

<item id="2023" name="bandit10mmBullet" >
<property name="Extends" value="10mmBullet" />
	<property name="Candrop" value="false" />
	<property name="IsDeveloper" value="true" />
	</item>

<item id="2024" name="bandit44MagBullet" >
<property name="Extends" value="44MagBullet" />
	<property name="Candrop" value="false" />
	<property name="IsDeveloper" value="true" />
	</item>

<item id="2025" name="bandit762mmBullet" >
<property name="Extends" value="762mmBullet" />
	<property name="Candrop" value="false" />
	<property name="IsDeveloper" value="true" />
	</item>

<item id="2026" name="banditshotgunShell" >
<property name="Extends" value="shotgunShell" />
	<property name="Candrop" value="false" />
	<property name="IsDeveloper" value="true" />
	</item>

<item id="2027" name="banditrocket" >
<property name="Extends" value="rocket" />
	<property name="Candrop" value="false" />
	<property name="IsDeveloper" value="true" />
	</item>

<item id="2028" name="banditblunderbussAmmo" >
<property name="Extends" value="blunderbussAmmo" />
	<property name="Candrop" value="false" />
	<property name="IsDeveloper" value="true" />
	</item>

<item id="2029" name="banditgasCan" >
<property name="Extends" value="gasCan" />
		<property name="Candrop" value="false" />
	<property name="IsDeveloper" value="true" />
	</item>

<item id="2030" name="banditCrossbowBolt" > 
<property name="Extends" value="ironCrossbowBolt" />
<property name="Candrop" value="false" />
<property name="IsDeveloper" value="true" />
</item>

<item id="2031" name="banditsteelCrossbowBolt" >
<property name="Extends" value="banditCrossbowBolt" />
	<property name="Candrop" value="false" />
	<property name="IsDeveloper" value="true" />
	</item>

<item id="2032" name="banditexplodingCrossbowBolt" >
<property name="Extends" value="explodingCrossbowBolt" />
	<property name="Candrop" value="false" />
	<property name="IsDeveloper" value="true" />
	</item>

<item id="2033" name="banditarrow" >
<property name="Extends" value="arrow" />
	<property name="Candrop" value="false" />
	<property name="IsDeveloper" value="true" />
	</item>

<item id="2034" name="banditShotgunSlug">
	<property name="Extends" value="shotgunSlug" />
	<property name="Candrop" value="false" />
	<property name="IsDeveloper" value="true" />	
	</item>
	
	<item id="2035" name="banditPipeBomb">
		<property name="Extends" value="pipeBomb" />
	<property name="EconomicValue" value="41" />
	<property name="Explosion.BlockDamage" value="150" />
	<property name="Explosion.EntityDamage" value="90" />
	<property name="Explosion.ParticleIndex" value="1" />
	<property name="Explosion.RadiusBlocks" value="30" />
	<property name="Explosion.RadiusEntities" value="15" />
	<property name="Explosion.DamageBonus.stone" value="25" />
	<property name="Explosion.DamageBonus.metal" value="25" />
	<property name="Explosion.DamageBonus.earth" value="25" /> <!-- should work? -->
	<property name="Explosion.DamageBonus.wood" value="25" />
	<property name="Explosion.DamageBonus.water" value="0" />
	<property name="Explosion.DamageBonus.glass" value="25" />
	<property name="FuseTime" value="1" /> <!-- End: Needed for  time in sec, max 6 -->
	<property name="DropScale" value="2" />
	<property class="Action0"> <!-- AttackAction -->
		<property name="Class" value="ThrowAway" />
		<!-- <property name="Hitmask_override" value="Arrow" /> unfortunately this cannot work without a serious rewrite of the hitmask system -->
		<property name="Delay" value="2" />
		<property name="Throw_strength_default" value="20" />
		<property name="Throw_strength_max" value="45" />
		<property name="Max_strain_time" value="2" />
		</property>
	<property class="Action1"> <!-- UseAction -->
		<property name="Class" value="Activate" />
		<property name="Delay" value="1" />
	</property>
	<property name="ThrowableDecoy" value="false" />
	<property name="Group" value="Ammo/Weapons" />
		</item>
	
	<item id="2036" name="handGrenadier">
	<property name="Extends" value="handCopZombie" />
	<property class="Action0"> <!-- AttackAction -->
		<property name="Range" value="10" />
		<property name="DamageEntity" value="80" />
		<property name="DamageBlock" value="250" />
		<property name="Buff" value="bleeding,infection,stunned" />
		<property name="Buff_chance" value="0.2,0.2,0.4" />
	</property>
	<property class="Action1"> <!-- UseAction -->
		<property name="Class" value="Vomit" />
		<property name="Delay" value="0.35" />
		<property name="Range" value="200" />
		<property name="Auto_fire" value="true" />
		<property name="Infinite_ammo" value="true" />
		<property name="Magazine_items" value="PipeBombProjectile" />
		<property name="Rays_spread" value="1" />
 		</property>
</item>

<item id="2037" name="PipeBombProjectile">
	<property name="Extends" value="banditPipeBomb" />
	<property name="Meshfile" value="Items/Weapons/Ranged/PipeBomb/PipeBombPrefab" />
	<property name="Material" value="metal" />
	<property name="IsDeveloper" value="true" />
	<property class="Action1">
		<property name="Class" value="Projectile" />
		<property name="DamageEntity" value="10" />
		<property name="DamageBlock" value="150" />
		<property name="Explosion.ParticleIndex" value="7" />
		<property name="Velocity" value="20" />
		<property name="FlyTime" value=".50" />
		<property name="LifeTime" value="4" />
		<property name="CollisionRadius" value="0.5" />
	</property>
</item>

<!-- Bandits -->