<stallionsden>

<!-- <remove xpath="/items/item[starts-with(@name, 'meleeHand')]"/>
<remove xpath="/items/item[starts-with(@name, 'handPl')]"/>
<remove xpath="/items/item[starts-with(@name, 'ammoProjectile')]"/> -->

<remove xpath="/items/item[@name='meleeHandMaster']"/>
<remove xpath="/items/item[@name='meleeHandPlayer']"/>
<remove xpath="/items/item[@name='handPlayer']"/>
<remove xpath="/items/item[@name='meleeHandZombie01']"/>
<remove xpath="/items/item[@name='meleeHandZombie02']"/>
<remove xpath="/items/item[@name='meleeHandZombieBurning']"/>
<remove xpath="/items/item[@name='meleeHandZombieCop']"/>
<remove xpath="/items/item[@name='ammoProjectileZombieVomit']"/>
<remove xpath="/items/item[@name='meleeHandAnimalZombieDog']"/>
<remove xpath="/items/item[@name='meleeHandZombieStrong']"/>
<remove xpath="/items/item[@name='meleeHandAnimalBear']"/>
<remove xpath="/items/item[@name='meleeHandAnimalZombieBear']"/>
<remove xpath="/items/item[@name='meleeHandZombieHazMat']"/>
<remove xpath="/items/item[@name='meleeHandZombieWorker']"/>
<remove xpath="/items/item[@name='meleeHandZombieFootballPlayer']"/>
<remove xpath="/items/item[@name='meleeHandZombieStripper']"/>
<remove xpath="/items/item[@name='meleeHandZombieBurningCrawler']"/>
<remove xpath="/items/item[@name='meleeHandZombieFeral']"/>
<remove xpath="/items/item[@name='meleeHandZombie02Feral']"/>
<remove xpath="/items/item[@name='meleeHandZombieBurningFeral']"/>
<remove xpath="/items/item[@name='meleeHandZombieCopFeral']"/>
<remove xpath="/items/item[@name='ammoProjectileZombieVomitFeral']"/>
<remove xpath="/items/item[@name='meleeHandZombieCopRadiated']"/>
<remove xpath="/items/item[@name='ammoProjectileZombieVomitRadiated']"/>
<remove xpath="/items/item[@name='meleeHandZombieStrongFeral']"/>
<remove xpath="/items/item[@name='meleeHandAnimalZombieBearFeral']"/>
<remove xpath="/items/item[@name='meleeHandZombieHazMatFeral']"/>
<remove xpath="/items/item[@name='meleeHandZombieWorkerFeral']"/>
<remove xpath="/items/item[@name='meleeHandZombieFootballPlayerFeral']"/>
<remove xpath="/items/item[@name='meleeHandZombieStripperFeral']"/>
<remove xpath="/items/item[@name='meleeHandZombieBehemoth']"/>
<remove xpath="/items/item[@name='meleeHandAnimalCoyote']"/>
<remove xpath="/items/item[@name='meleeHandAnimalZombieVulture']"/>
<remove xpath="/items/item[@name='ammoProjectileVultureVomit']"/>
<remove xpath="/items/item[@name='meleeHandAnimalSnake']"/>
<remove xpath="/items/item[@name='meleeHandAnimalWolf']"/>
<remove xpath="/items/item[@name='meleeHandAnimalDireWolf']"/>
<remove xpath="/items/item[@name='meleeHandBossGrace']"/>

<insertAfter xpath="/items/item[@name='gunJunkTurret']" >
<item name="meleeHandMaster">
	<property name="Tags" value="blunt,melee,light"/>
	<property name="CreativeMode" value="None"/>
	<property name="HoldType" value="9"/>
	<property name="Material" value="Morganic"/>
	<property name="Canhold" value="false"/>
	<property name="Stacknumber" value="1"/>
	<property name="Candrop" value="false"/>
	<property class="Action0"><!-- AttackAction -->
		<property name="Class" value="Melee"/>
		<property name="Delay" value="0.8"/> <!-- obsolete if rounds per minute exists -->
		<property name="Range" value="1.65"/> <!-- This not what "clientside melee combat" means. =) This is the adjustment afterwards due to code changes. -->
		<property name="Sphere" value="0.1"/>
		<property name="Block_range" value="2.5"/>
		<property name="DamageEntity" value="10"/>
		<property name="DamageBlock" value="16"/>
		<property name="Sound_start" value="swoosh"/>
	</property>
		<effect_group name="meleeHandMaster" tiered="false">
		<passive_effect name="DamageFalloffRange" operation="base_set" value="1.65"/>
	</effect_group>
</item>
</insertAfter>
<insertAfter xpath="/items/item[@name='meleeHandMaster']" >
<item name="meleeHandMaster1">
	<property name="Tags" value="blunt,melee,light"/>
	<property name="CreativeMode" value="None"/>
	<property name="HoldType" value="9"/>
	<property name="Material" value="Morganic"/>
	<property name="Canhold" value="false"/>
	<property name="Stacknumber" value="1"/>
	<property name="Candrop" value="false"/>
	<property class="Action0"><!-- AttackAction -->
		<property name="Class" value="Melee"/>
		<property name="Delay" value="0.8"/> <!-- obsolete if rounds per minute exists -->
		<property name="Range" value="1.65"/> <!-- This not what "clientside melee combat" means. =) This is the adjustment afterwards due to code changes. -->
		<property name="Sphere" value="0.1"/>
		<property name="Block_range" value="2.5"/>
		<property name="DamageEntity" value="10"/>
		<property name="Sound_start" value="swoosh"/>
	</property>
		<effect_group name="meleeHandMaster" tiered="false">
		<passive_effect name="DamageFalloffRange" operation="base_set" value="1.65"/>
	</effect_group>
</item>
</insertAfter>
<insertAfter xpath="/items/item[@name='meleeHandMaster1']" >
<item name="meleeHandPlayer"> <!-- T1 brawling -->
	<property name="Extends" value="meleeHandMaster"/>
	<property name="Tags" value="blunt,melee,grunting,light,attFortitude,perkBrawler"/>
	<property name="CreativeMode" value="None"/>
	<property name="HoldType" value="0"/>
	<property class="Action0">
		<property name="Class" value="DynamicMelee"/>
		<property name="Sphere" value=".15"/>
		<property name="Damage_type" value="Bashing"/>

		<property name="GrazeStart" value=".3"/>
		<property name="GrazeEnd" value=".5"/>
		<property name="SwingDegrees" value="5"/>
		<property name="UseGrazingHits" value="true"/>
		<property name="SwingAngle" value="-90"/>

	</property>
	<property class="Action1"> <!-- UseAction -->
		<property name="Class" value="DynamicMelee"/>
		<property name="Sphere" value=".15"/>   <!-- limit to 0.15, else the sphere cast can overlap the target already -->
		<property name="UsePowerAttackAnimation" value="true"/>

		<property name="GrazeStart" value=".3"/>
		<property name="GrazeEnd" value=".4"/>
		<property name="SwingDegrees" value="65"/>
		<property name="UseGrazingHits" value="true"/>
		<property name="SwingAngle" value="90"/>
	</property>
	<effect_group name="meleeHandPlayer" tiered="false">
		<passive_effect name="EntityDamage" operation="base_set" value="7"/>
		<passive_effect name="BlockDamage" operation="base_set" value="2.5"/>
		<passive_effect name="DamageModifier" operation="perc_add" value="-.5" tags="earth"/>
		<passive_effect name="DamageModifier" operation="perc_add" value="-.5" tags="stone"/>
		<passive_effect name="DamageModifier" operation="perc_add" value="-.5" tags="metal"/>
		<passive_effect name="AttacksPerMinute" operation="base_set" value="80"/>
		<passive_effect name="StaminaLoss" operation="base_set" value="8.6" tags="primary"/>

		<passive_effect name="MaxRange" operation="base_set" value="2.0"/>
		<passive_effect name="BlockRange" operation="base_set" value="2.6"/>
	</effect_group>
	<effect_group name="Power Attack" tiered="false">
		<passive_effect name="EntityDamage" operation="perc_add" value="1" tags="secondary"/>
		<passive_effect name="BlockDamage" operation="perc_add" value="1" tags="secondary"/>
		<passive_effect name="AttacksPerMinute" operation="perc_add" value="-.3" tags="secondary"/>
		<passive_effect name="StaminaLoss" operation="base_add" value="13" tags="secondary"/>
	</effect_group>
	<!--use_action class="LiftUpTerrain" delay="1" use_time="..." gain_health="-5"gain_stamina="-20" gain_food="0" gain_water="10" gain_sickness="15" condition_raycast_block="77,78,79,80" sound_start="player_drinking" /-->
</item>
</insertAfter>
<insertAfter xpath="/items/item[@name='meleeHandPlayer']" >
<item name="handPlayer"> <!-- deprecated can now delete -->
	<property name="Extends" value="meleeHandMaster"/>
	<property name="CreativeMode" value="None"/>
	<property name="HoldType" value="0"/>
	<property class="Action0">
		<property name="Class" value="DynamicMelee"/>
		<property name="Sphere" value=".15"/>
		<property name="ToolCategory.harvestingTools" value="1" param1="1"/>
	</property>
	<property class="Action1"> <!-- UseAction -->
		<property name="Class" value="DynamicMelee"/>
		<property name="Sphere" value=".15"/>   <!-- limit to 0.15, else the sphere cast can overlap the target already -->
		<property name="ToolCategory.harvestingTools" value="1" param1="1"/>
		<property name="UsePowerAttackAnimation" value="true"/>
	</property>
	<effect_group name="handPlayer" tiered="false">
		<passive_effect name="EntityDamage" operation="base_set" value="5"/>
		<passive_effect name="BlockDamage" operation="base_set" value="2"/>
		<passive_effect name="StaminaLoss" operation="base_set" value="8" tags="primary"/>

		<passive_effect name="AttacksPerMinute" operation="base_set" value="60"/>

		<passive_effect name="MaxRange" operation="base_set" value="1.85"/>
		<passive_effect name="BlockRange" operation="base_set" value="3"/>
		<passive_effect name="DamageFalloffRange" operation="base_set" value="1.5"/>
		<passive_effect name="ModSlots" operation="base_set" value="0"/>
	</effect_group>
	<effect_group name="Power Attack" tiered="false">
		<passive_effect name="EntityDamage" operation="perc_add" value="1" tags="secondary"/>
		<passive_effect name="BlockDamage" operation="perc_add" value="1" tags="secondary"/>
		<passive_effect name="AttacksPerMinute" operation="perc_add" value="-.3" tags="secondary"/>
		<passive_effect name="StaminaLoss" operation="base_add" value="12" tags="secondary"/>
	</effect_group>
	<!--use_action class="LiftUpTerrain" delay="1" use_time="..." gain_health="-5"gain_stamina="-20" gain_food="0" gain_water="10" gain_sickness="15" condition_raycast_block="77,78,79,80" sound_start="player_drinking" /-->
</item>
</insertAfter>
<insertAfter xpath="/items/item[@name='handPlayer']" >
<item name="meleeHandZombie01">
	<property name="Extends" value="meleeHandMaster1"/>
	<property name="CreativeMode" value="None"/>
	<property class="Action0">
		<property name="Buff" value="buffInjuryBleedingZombie,buffInfectionCatch,buffInjuryStunned01"/>
	</property>
	<effect_group name="meleeHandZombie01" tiered="false">
		<passive_effect name="ModSlots" operation="base_set" value="0"/>
		<passive_effect name="EntityDamage" operation="base_set" value="10"/> <!-- this passive is ignored so using the old notation! -->
		<!--<passive_effect name="AttacksPerMinute" operation="base_set" value="75"/>  A16 .8 -->
		<passive_effect name="BuffProcChance" operation="base_set" value=".15" tags="buffInjuryBleedingZombie"/>
		<passive_effect name="BuffProcChance" operation="base_set" value=".10" tags="buffInfectionCatch"/>
		<passive_effect name="BuffProcChance" operation="base_set" value=".15" tags="buffInjuryStunned01"/>

		<!-- If the  buffInfectionCatch  buff makes it past buff resistance, this value is added to the  infectionCounter,  increasing infection level -->
		<!-- Buckets are: -->
		<!--InfectionRegular--><!--InfectionFeral--><!--InfectionRadiated--><!--InfectionSpecial-->
		<triggered_effect trigger="onSelfDamagedOther" action="ModifyCVar" target="other" cvar="infectionZombieHit" operation="set" value="30"/><!--InfectionRegular-->
	</effect_group>
</item>
</insertAfter>
<insertAfter xpath="/items/item[@name='meleeHandZombie01']" >
<item name="meleeHandZombieFeral">
	<property name="Extends" value="meleeHandZombie01"/>
	<property name="CreativeMode" value="None"/>
	<property class="Action0">
		<property name="DamageEntity" value="20"/>
		</property>
	<effect_group name="meleeHandZombieFeral" tiered="false">
		<passive_effect name="ModSlots" operation="base_set" value="0"/>
		<!--<passive_effect name="AttacksPerMinute" operation="base_set" value="75"/>  A16 .8 -->
		<passive_effect name="BuffProcChance" operation="base_set" value=".30" tags="buffInjuryBleedingZombie"/>
		<passive_effect name="BuffProcChance" operation="base_set" value=".20" tags="buffInfectionCatch"/>
		<passive_effect name="BuffProcChance" operation="base_set" value=".25" tags="buffInjuryStunned01"/>
		<triggered_effect trigger="onSelfDamagedOther" action="ModifyCVar" target="other" cvar="infectionZombieHit" operation="set" value="45"/><!--InfectionFeral-->
	</effect_group>
</item>
</insertAfter>
<insertAfter xpath="/items/item[@name='meleeHandZombieFeral']" >
<item name="meleeHandZombie02"> <!-- crawler. This hand item is automatically used (hardcoded) if a zombie turns into a crawler. Can be overridden in entityclasses. See zombieBurnt. -->
	<property name="Extends" value="meleeHandMaster1"/>
	<property name="CreativeMode" value="None"/>
	<property name="HoldType" value="24"/>
	<property class="Action0">
		<property name="Delay" value="2.0"/> <!-- obsolete if rounds per minute exists -->
		<property name="Buff" value="buffLegSprained,buffIllInfection0"/>
	</property>
	<effect_group name="meleeHandZombie02" tiered="false">
		<passive_effect name="ModSlots" operation="base_set" value="0"/>
		<!--<passive_effect name="AttacksPerMinute" operation="base_set" value="30"/>  A16 2 -->
		<triggered_effect trigger="onSelfAttackedOther" action="AddBuff" target="other" target_tags="walker,player" buff="buffLegSprained">
			<requirement name="HitLocation" body_parts="LeftUpperLeg,RightUpperLeg,LeftLowerLeg,RightLowerLeg"/>
			<requirement name="RandomRoll" seed_type="Random" min_max="0,100" operation="LTE" value="15"/>
		</triggered_effect>
		<passive_effect name="BuffProcChance" operation="base_set" value=".10" tags="buffInfectionCatch"/>
		<triggered_effect trigger="onSelfDamagedOther" action="ModifyCVar" target="other" cvar="infectionZombieHit" operation="set" value="30"/><!--InfectionRegular-->
	</effect_group>
</item>
</insertAfter>
<insertAfter xpath="/items/item[@name='meleeHandZombie02']" >
<item name="meleeHandZombie02Feral">
	<property name="Extends" value="meleeHandZombie02"/>
	<property name="CreativeMode" value="None"/>
	<property class="Action0">
		<property name="DamageEntity" value="20"/>
		</property>
	<effect_group name="meleeHandZombie02Feral" tiered="false">
		<passive_effect name="ModSlots" operation="base_set" value="0"/>
		<!--<passive_effect name="AttacksPerMinute" operation="base_set" value="30"/>  A16 2 -->
		<triggered_effect trigger="onSelfAttackedOther" action="AddBuff" target="other" target_tags="walker,player" buff="buffLegSprained">
			<requirement name="HitLocation" body_parts="LeftUpperLeg,RightUpperLeg,LeftLowerLeg,RightLowerLeg"/>
			<requirement name="RandomRoll" seed_type="Random" min_max="0,100" operation="LTE" value="30"/>
		</triggered_effect>
		<passive_effect name="BuffProcChance" operation="base_set" value=".20" tags="buffInfectionCatch"/>
		<triggered_effect trigger="onSelfDamagedOther" action="ModifyCVar" target="other" cvar="infectionZombieHit" operation="set" value="45"/><!--InfectionFeral-->
	</effect_group>
</item>
</insertAfter>
<insertAfter xpath="/items/item[@name='meleeHandZombie02Feral']" >
<item name="meleeHandZombieBurning">
	<property name="Extends" value="meleeHandMaster1"/>
	<property name="CreativeMode" value="None"/>
	<property class="Action0">
		<property name="Class" value="Melee"/>
		<property name="Sphere" value="0.4"/>
		<property name="DamageEntity" value="12"/>
		<property name="Buff" value="buffBurningElement,buffIllInfection0,buffInjuryStunned1"/>
	</property>
	<effect_group name="meleeHandZombieBurning" tiered="false">
		<passive_effect name="ModSlots" operation="base_set" value="0"/>
		<!--<passive_effect name="AttacksPerMinute" operation="base_set" value="75"/>  A16 .8 -->
		<passive_effect name="BuffProcChance" operation="base_set" value=".25" tags="buffBurningZombie"/>
		<passive_effect name="BuffProcChance" operation="base_set" value=".10" tags="buffInfectionCatch"/>
		<passive_effect name="BuffProcChance" operation="base_set" value=".15" tags="buffInjuryStunned01"/>
		<triggered_effect trigger="onSelfDamagedOther" action="ModifyCVar" target="other" cvar="infectionZombieHit" operation="set" value="30"/><!--InfectionRegular-->
	</effect_group>
</item>
</insertAfter>
<insertAfter xpath="/items/item[@name='meleeHandZombieBurning']" >
<item name="meleeHandZombieBurningFeral">
	<property name="Extends" value="meleeHandZombieBurning"/>
	<property name="CreativeMode" value="None"/>
	<property class="Action0">
		<property name="DamageEntity" value="24"/>
		</property>
	<effect_group name="meleeHandZombieBurningFeral" tiered="false">
		<passive_effect name="ModSlots" operation="base_set" value="0"/>
		<!--<passive_effect name="AttacksPerMinute" operation="base_set" value="75"/>  A16 .8 -->
		<passive_effect name="BuffProcChance" operation="base_set" value=".40" tags="buffBurningZombie"/>
		<passive_effect name="BuffProcChance" operation="base_set" value=".20" tags="buffInfectionCatch"/>
		<passive_effect name="BuffProcChance" operation="base_set" value=".15" tags="buffInjuryStunned01"/>
		<triggered_effect trigger="onSelfDamagedOther" action="ModifyCVar" target="other" cvar="infectionZombieHit" operation="set" value="45"/><!--InfectionFeral-->
	</effect_group>
</item>
</insertAfter>
<insertAfter xpath="/items/item[@name='meleeHandZombieBurningFeral']" >
<item name="meleeHandZombieBurningCrawler">
	<property name="Extends" value="meleeHandMaster1"/>
	<property name="CreativeMode" value="None"/>
	<property name="HoldType" value="24"/>
	<property class="Action0">
		<property name="DamageEntity" value="8"/>
		<property name="Delay" value="2.0"/> <!-- obsolete if rounds per minute exists -->
		<property name="Buff" value="buffLegSprained,buffIllInfection0,buffBurningElement"/>
	</property>
	<effect_group name="meleeHandZombieBurningCrawler" tiered="false">
		<passive_effect name="ModSlots" operation="base_set" value="0"/>
		<!--<passive_effect name="AttacksPerMinute" operation="base_set" value="30"/>  A16 2 -->
		<triggered_effect trigger="onSelfAttackedOther" action="AddBuff" target="other" target_tags="walker,player" buff="buffLegSprained">
			<requirement name="HitLocation" body_parts="LeftUpperLeg,RightUpperLeg,LeftLowerLeg,RightLowerLeg"/>
			<requirement name="RandomRoll" seed_type="Random" min_max="0,100" operation="LTE" value="20"/>
		</triggered_effect>
		<passive_effect name="BuffProcChance" operation="base_set" value=".10" tags="buffInfectionCatch"/>
		<passive_effect name="BuffProcChance" operation="base_set" value=".30" tags="buffBurningZombie"/>
		<triggered_effect trigger="onSelfDamagedOther" action="ModifyCVar" target="other" cvar="infectionZombieHit" operation="set" value="30"/><!--InfectionRegular-->
	</effect_group>
</item>
</insertAfter>
<insertAfter xpath="/items/item[@name='meleeHandZombieBurningCrawler']" >
<item name="meleeHandZombieCop">
	<property name="Extends" value="meleeHandMaster1"/>
	<property name="CreativeMode" value="None"/>
	<property name="Degradation" value="99999" param1="true"/>
	<property class="Action0">
		<property name="Range" value="1.75"/>
		<property name="DamageEntity" value="20"/>
		<property name="Buff" value="buffInjuryBleeding,buffIllInfection0,buffInjuryStunned1"/>
	</property>
	<property class="Action1"> <!-- UseAction -->
		<property name="Class" value="Vomit"/>
		<property name="Delay" value="0.3"/> <!-- obsolete if rounds per minute exists -->
		<property name="Range" value="200"/>
		<property name="Infinite_ammo" value="true"/>
		<property name="Magazine_items" value="ammoProjectileZombieVomit"/>
		<property name="Sound_warning" value="hulkvomitwarning"/>
		<property name="Sound_start" value="hulkvomitattack"/>
		<property name="Sound_repeat" value=""/>
		<property name="Sound_end" value=""/>
		<property name="Sound_empty" value=""/>
		<property name="Sound_reload" value=""/>
		<property name="Buff" value="buffIllInfection0"/>
	</property>
	<effect_group name="meleeHandZombieCop" tiered="false">
		<passive_effect name="ModSlots" operation="base_set" value="0"/>
		<!--<passive_effect name="AttacksPerMinute" operation="base_set" value="75"/>  A16 .8 -->
		<passive_effect name="DamageFalloffRange" operation="base_set" value="50"/>
		<passive_effect name="MaxRange" operation="base_set" value="100"/>
		<passive_effect name="MagazineSize" operation="base_set" value="1"/>
		<passive_effect name="BurstRoundCount" operation="base_set" value="1"/>
		<passive_effect name="SpreadDegreesVertical" operation="base_set" value="2"/>
		<passive_effect name="SpreadDegreesHorizontal" operation="base_set" value="4"/>
		<passive_effect name="SpreadMultiplierIdle" operation="base_set" value="1"/>
		<passive_effect name="BuffProcChance" operation="base_set" value=".20" tags="buffInjuryBleedingZombie"/>
		<passive_effect name="BuffProcChance" operation="base_set" value=".20" tags="buffInfectionCatch"/>
		<passive_effect name="BuffProcChance" operation="base_set" value=".25" tags="buffInjuryStunned01"/>
		<triggered_effect trigger="onSelfDamagedOther" action="ModifyCVar" target="other" cvar="infectionZombieHit" operation="set" value="30"/><!--InfectionRegular-->
	</effect_group>
</item>
</insertAfter>
<insertAfter xpath="/items/item[@name='meleeHandZombieCop']" >
<item name="ammoProjectileZombieVomit">
	<property name="Meshfile" value="Items/Weapons/Ranged/Vomit/vomitBulbPrefab"/>
	<property name="Material" value="Morganic"/>
	<property name="CreativeMode" value="None"/>
	<property class="Action1">
		<property name="Class" value="Projectile"/>
		<property name="DamageEntity" value="10"/>
		<property name="Explosion.ParticleIndex" value="7"/>
		<property name="Velocity" value="18"/>
		<property name="FlyTime" value="2"/>
		<property name="LifeTime" value="4"/>
		<property name="CollisionRadius" value="0.5"/>
		<property name="DamageBonus.earth" value="0"/>
		<property name="Buff" value="buffIllInfection0"/>
	</property>
	<effect_group name="ammoProjectileZombieVomit" tiered="false">
		<passive_effect name="ModSlots" operation="base_set" value="0"/>
		<passive_effect name="DamageModifier" operation="perc_set" value="0" tags="earth"/>
		<passive_effect name="DamageModifier" operation="perc_set" value="0.5" tags="stone"/>
		<passive_effect name="DamageModifier" operation="perc_add" value="1.2" tags="metal"/>
		<passive_effect name="BuffProcChance" operation="base_set" value=".30" tags="buffInfectionCatch"/>
		<triggered_effect trigger="onSelfDamagedOther" action="ModifyCVar" target="other" cvar="infectionZombieHit" operation="set" value="30"/><!--InfectionRegular-->
	</effect_group>
	</item>
</insertAfter>
<insertAfter xpath="/items/item[@name='ammoProjectileZombieVomit']" >
<item name="meleeHandZombieCopFeral">
	<property name="Extends" value="meleeHandZombieCop"/>
	<property name="CreativeMode" value="None"/>
	<property class="Action0">
		<property name="DamageEntity" value="40"/>
	</property>
	<property class="Action1"> <!-- Fire action -->
		<property name="Magazine_items" value="ammoProjectileZombieVomitFeral"/>
	</property>
	<effect_group name="meleeHandZombieCopFeral" tiered="false">
		<!--<passive_effect name="AttacksPerMinute" operation="base_set" value="75"/>  A16 .8 -->
		<passive_effect name="MagazineSize" operation="base_set" value="1"/>
		<passive_effect name="BurstRoundCount" operation="base_set" value="3"/>
		<passive_effect name="SpreadDegreesVertical" operation="base_set" value="4"/>
		<passive_effect name="SpreadDegreesHorizontal" operation="base_set" value="10"/>
		<passive_effect name="BuffProcChance" operation="base_set" value=".35" tags="buffInjuryBleedingZombie"/>
		<passive_effect name="BuffProcChance" operation="base_set" value=".25" tags="buffInfectionCatch"/>
		<passive_effect name="BuffProcChance" operation="base_set" value=".35" tags="buffInjuryStunned01"/>
		<triggered_effect trigger="onSelfDamagedOther" action="ModifyCVar" target="other" cvar="infectionZombieHit" operation="set" value="45"/><!--InfectionFeral-->
	</effect_group>
</item>
</insertAfter>
<insertAfter xpath="/items/item[@name='meleeHandZombieCopFeral']" >
<item name="ammoProjectileZombieVomitFeral">
	<property name="Extends" value="ammoProjectileZombieVomit"/>
	<property name="CreativeMode" value="None"/>
	<property class="Action1">
		<property name="DamageEntity" value="20"/>
		<property name="Velocity" value="18"/>
		<property name="FlyTime" value="2"/>
		<property name="LifeTime" value="4"/>
		<property name="Explosion.ParticleIndex" value="7"/>
		<property name="Explosion.RadiusBlocks" value="0"/>
		<property name="Explosion.BlockDamage" value="0"/>
		<property name="Explosion.RadiusEntities" value="1"/>
		<property name="Explosion.EntityDamage" value="1"/>
		<property name="Explosion.DamageBonus.water" value="0"/>
		<property name="Explosion.DamageBonus.earth" value="0"/>
	</property>
	<effect_group name="ammoProjectileZombieVomitFeral" tiered="false">
		<passive_effect name="DamageModifier" operation="perc_set" value="0" tags="earth"/>
		<passive_effect name="DamageModifier" operation="perc_set" value="0.5" tags="stone"/>
		<passive_effect name="DamageModifier" operation="perc_add" value="1.2" tags="metal"/>
		<passive_effect name="BuffProcChance" operation="base_set" value=".40" tags="buffInfectionCatch"/>
		<passive_effect name="BlockDamage" operation="base_set" value="0"/>
		<passive_effect name="EntityDamage" operation="base_set" value="1"/>
		<triggered_effect trigger="onSelfDamagedOther" action="ModifyCVar" target="other" cvar="infectionZombieHit" operation="set" value="45"/><!--InfectionFeral-->
	</effect_group>
</item>
</insertAfter>
<insertAfter xpath="/items/item[@name='ammoProjectileZombieVomitFeral']" >
<item name="meleeHandZombieCopRadiated">
	<property name="Extends" value="meleeHandZombieCopFeral"/>
	<property name="CreativeMode" value="None"/>
	<property class="Action1">
		<property name="Magazine_items" value="ammoProjectileZombieVomitRadiated"/>
	</property>
	<effect_group name="meleeHandZombieCopRadiated" tiered="false">
		<!--<passive_effect name="AttacksPerMinute" operation="base_set" value="75"/>  A16 .8 -->
		<passive_effect name="MagazineSize" operation="base_set" value="1"/>
		<passive_effect name="BurstRoundCount" operation="base_set" value="6"/>
		<passive_effect name="SpreadDegreesVertical" operation="base_set" value="10"/>
		<passive_effect name="SpreadDegreesHorizontal" operation="base_set" value="40"/>
		<passive_effect name="BuffProcChance" operation="base_set" value=".35" tags="buffInjuryBleedingZombie"/>
		<passive_effect name="BuffProcChance" operation="base_set" value=".25" tags="buffInfectionCatch"/>
		<passive_effect name="BuffProcChance" operation="base_set" value=".35" tags="buffInjuryStunned01"/>
		<triggered_effect trigger="onSelfDamagedOther" action="ModifyCVar" target="other" cvar="infectionZombieHit" operation="set" value="60"/><!--InfectionRadiated-->
	</effect_group>
</item>
</insertAfter>
<insertAfter xpath="/items/item[@name='meleeHandZombieCopRadiated']" >
<item name="ammoProjectileZombieVomitRadiated">
	<property name="Extends" value="ammoProjectileZombieVomit"/>
	<property name="CreativeMode" value="None"/>
	<property class="Action1">
		<property name="DamageEntity" value="25"/>
		<property name="Velocity" value="18"/>
		<property name="FlyTime" value="2"/>
		<property name="LifeTime" value="4"/>
		<property name="Explosion.ParticleIndex" value="7"/>
		<property name="Explosion.RadiusBlocks" value="2"/>
		<property name="Explosion.BlockDamage" value="145"/>
		<property name="Explosion.RadiusEntities" value="1"/>
		<property name="Explosion.EntityDamage" value="1"/>
		<property name="Explosion.DamageBonus.water" value="0"/>
		<property name="Explosion.DamageBonus.earth" value="0"/>
	</property>
	<effect_group name="ammoProjectileZombieVomitRadiated" tiered="false">
		<passive_effect name="DamageModifier" operation="perc_set" value="0" tags="earth"/>
		<passive_effect name="DamageModifier" operation="perc_set" value="0.5" tags="stone"/>
		<passive_effect name="DamageModifier" operation="perc_add" value="1.2" tags="metal"/>
		<passive_effect name="BuffProcChance" operation="base_set" value=".40" tags="buffInfectionCatch"/>
		<passive_effect name="BlockDamage" operation="base_set" value="145"/>
		<passive_effect name="EntityDamage" operation="base_set" value="1"/>
		<triggered_effect trigger="onSelfDamagedOther" action="ModifyCVar" target="other" cvar="infectionZombieHit" operation="set" value="60"/><!--InfectionRadiated-->
	</effect_group>
</item>
</insertAfter>
<insertAfter xpath="/items/item[@name='ammoProjectileZombieVomitRadiated']" >
<item name="meleeHandAnimalZombieDog">
	<property name="Extends" value="meleeHandMaster1"/>
	<property name="CreativeMode" value="None"/>
	<property name="HoldType" value="35"/>
	<property class="Action0">
		<property name="Delay" value="0.7"/> <!-- obsolete if rounds per minute exists -->
		<property name="DamageEntity" value="8"/>
		<property name="Buff" value="buffInjuryBleeding,buffIllInfection0"/>
	</property>
	<effect_group name="Base Effects">
		<passive_effect name="ModSlots" operation="base_set" value="0"/>
		<!--<passive_effect name="AttacksPerMinute" operation="base_set" value="85"/>  A16 .7 -->
		<passive_effect name="DamageModifier" operation="perc_add" value="3" tags="earth" match_all_tags="true"/>
		<passive_effect name="BuffProcChance" operation="base_set" value="0.50" tags="buffInjuryBleeding"/>
		<passive_effect name="BuffProcChance" operation="base_set" value="0.15" tags="buffIllInfection0"/>
	</effect_group>
</item>
</insertAfter>
<insertAfter xpath="/items/item[@name='meleeHandAnimalZombieDog']" >
<item name="meleeHandAnimalZombieDogFeral">
	<property name="Extends" value="meleeHandAnimalZombieDog"/>
	<property name="CreativeMode" value="None"/>
	<property class="Action0">
		<property name="DamageEntity" value="16"/>
		</property>
	<effect_group name="meleeHandAnimalZombieDog" tiered="false">
		<passive_effect name="ModSlots" operation="base_set" value="0"/>
		<!--<passive_effect name="AttacksPerMinute" operation="base_set" value="85"/>  A16 .7 -->
		<passive_effect name="DamageModifier" operation="perc_add" value="3" tags="earth"/>
		<passive_effect name="BuffProcChance" operation="base_set" value=".50" tags="buffInjuryBleedingZombie"/>
		<passive_effect name="BuffProcChance" operation="base_set" value=".15" tags="buffInfectionCatch"/>
		<triggered_effect trigger="onSelfDamagedOther" action="ModifyCVar" target="other" cvar="infectionZombieHit" operation="set" value="30"/><!--InfectionRegular-->
	</effect_group>
</item>
</insertAfter>
<insertAfter xpath="/items/item[@name='meleeHandAnimalZombieDogFeral']" >
<item name="meleeHandZombieStrong">
	<property name="Extends" value="meleeHandMaster1"/>
	<property name="CreativeMode" value="None"/>
	<property class="Action0">
		<property name="DamageEntity" value="20"/>
		<property name="Buff" value="buffInjuryBleeding,buffIllInfection0,buffInjuryStunned1"/>
	</property>
	<effect_group name="meleeHandZombieStrong" tiered="false">
		<passive_effect name="ModSlots" operation="base_set" value="0"/>
		<!--<passive_effect name="AttacksPerMinute" operation="base_set" value="75"/>  A16 .8 -->
		<passive_effect name="BuffProcChance" operation="base_set" value=".75" tags="buffInjuryStunned01"/>
		<passive_effect name="BuffProcChance" operation="base_set" value=".20" tags="buffInjuryBleedingZombie"/>
		<passive_effect name="BuffProcChance" operation="base_set" value=".10" tags="buffInfectionCatch"/>
		<passive_effect name="BuffProcChance" operation="base_set" value=".20" tags="buffInjuryStunned01"/>
		<triggered_effect trigger="onSelfDamagedOther" action="ModifyCVar" target="other" cvar="infectionZombieHit" operation="set" value="30"/><!--InfectionRegular-->
	</effect_group>
</item>
</insertAfter>
<insertAfter xpath="/items/item[@name='meleeHandZombieStrong']" >
<item name="meleeHandZombieDemolition">
	<property name="Extends" value="meleeHandMaster"/>
	<property name="CreativeMode" value="None"/>
	<property class="Action0">
		<property name="DamageEntity" value="20"/>
		<property name="DamageBlock" value="0"/>
		<property name="Buff" value="buffInjuryBleedingZombie,buffInfectionCatch,buffInjuryStunned01"/>
	</property>
	<effect_group name="meleeHandZombieStrong" tiered="false">
		<passive_effect name="ModSlots" operation="base_set" value="0"/>
		<!--<passive_effect name="AttacksPerMinute" operation="base_set" value="75"/>  A16 .8 -->
		<passive_effect name="BuffProcChance" operation="base_set" value=".75" tags="buffInjuryStunned01"/>

		<passive_effect name="BuffProcChance" operation="base_set" value=".20" tags="buffInjuryBleedingZombie"/>
		<passive_effect name="BuffProcChance" operation="base_set" value=".10" tags="buffInfectionCatch"/>
		<passive_effect name="BuffProcChance" operation="base_set" value=".20" tags="buffInjuryStunned01"/>
	</effect_group>
</item>
</insertAfter>
<insertAfter xpath="/items/item[@name='meleeHandZombieDemolition']" >
<item name="meleeHandZombieStrongFeral">
	<property name="Extends" value="meleeHandZombieStrong"/>
	<property name="CreativeMode" value="None"/>
	<property class="Action0">
		<property name="DamageEntity" value="40"/>
		</property>
	<effect_group name="meleeHandZombieStrongFeral" tiered="false">
		<passive_effect name="ModSlots" operation="base_set" value="0"/>
		<!--<passive_effect name="AttacksPerMinute" operation="base_set" value="75"/>  A16 .8 -->
		<passive_effect name="BuffProcChance" operation="base_set" value=".30" tags="buffInjuryBleedingZombie"/>
		<passive_effect name="BuffProcChance" operation="base_set" value=".20" tags="buffInfectionCatch"/>
		<passive_effect name="BuffProcChance" operation="base_set" value=".30" tags="buffInjuryStunned01"/>
		<triggered_effect trigger="onSelfDamagedOther" action="ModifyCVar" target="other" cvar="infectionZombieHit" operation="set" value="45"/><!--InfectionFeral-->
	</effect_group>
</item>
</insertAfter>
<insertAfter xpath="/items/item[@name='meleeHandZombieStrongFeral']" >
<item name="meleeHandAnimalBear">
	<property name="Extends" value="meleeHandMaster1"/>
	<property name="CreativeMode" value="None"/>
	<property name="HoldType" value="46"/>
	<property class="Action0">
		<property name="Delay" value="1.5"/> <!-- obsolete if rounds per minute exists -->
		<property name="Range" value="3.75"/>
		<property name="Sphere" value="0.4"/>
		<property name="DamageEntity" value="30"/>
		<property name="Buff" value="buffInjuryBleeding,buffInjuryStunned1"/>
	</property>
	<effect_group name="meleeHandAnimalBear" tiered="false">
		<passive_effect name="ModSlots" operation="base_set" value="0"/>
		<!--<passive_effect name="AttacksPerMinute" operation="base_set" value="40"/>  A16 1.5 -->
		<passive_effect name="BuffProcChance" operation="base_set" value=".75" tags="buffInjuryBleedingZombie"/>
		<passive_effect name="BuffProcChance" operation="base_set" value=".4" tags="buffInjuryStunned01"/>
	</effect_group>
</item>
</insertAfter>
<insertAfter xpath="/items/item[@name='meleeHandAnimalBear']" >
<item name="meleeHandAnimalZombieBear">
	<property name="Extends" value="meleeHandAnimalBear"/>
	<property name="CreativeMode" value="None"/>
	<property class="Action0">
		<property name="Range" value="2.75"/>
		<property name="DamageEntity" value="50"/>
		<property name="Buff" value="buffInjuryBleeding,buffInjuryStunned1,buffIllInfection0"/>
	</property>
	<effect_group name="meleeHandAnimalZombieBear" tiered="false">
		<passive_effect name="ModSlots" operation="base_set" value="0"/>
		<!--<passive_effect name="AttacksPerMinute" operation="base_set" value="40"/>  A16 1.5 -->
		<passive_effect name="BuffProcChance" operation="base_set" value=".75" tags="buffInjuryBleedingZombie"/>
		<passive_effect name="BuffProcChance" operation="base_set" value=".20" tags="buffInfectionCatch"/>
		<passive_effect name="BuffProcChance" operation="base_set" value=".40" tags="buffInjuryStunned01"/>
		<triggered_effect trigger="onSelfDamagedOther" action="ModifyCVar" target="other" cvar="infectionZombieHit" operation="set" value="30"/><!--InfectionRegular-->
	</effect_group>
</item>
</insertAfter>
<insertAfter xpath="/items/item[@name='meleeHandAnimalZombieBear']" >
<item name="meleeHandAnimalZombieBearFeral">
	<property name="Extends" value="meleeHandAnimalZombieBear"/>
	<property name="CreativeMode" value="None"/>
	<property class="Action0">
		<property name="DamageEntity" value="70"/>
		</property>
	<effect_group name="meleeHandAnimalZombieBearFeral" tiered="false">
		<passive_effect name="ModSlots" operation="base_set" value="0"/>
		<!--<passive_effect name="AttacksPerMinute" operation="base_set" value="40"/>  A16 1.5 -->
		<passive_effect name="BuffProcChance" operation="base_set" value=".75" tags="buffInjuryBleedingZombie"/>
		<passive_effect name="BuffProcChance" operation="base_set" value=".20" tags="buffInfectionCatch"/>
		<passive_effect name="BuffProcChance" operation="base_set" value=".40" tags="buffInjuryStunned01"/>
		<triggered_effect trigger="onSelfDamagedOther" action="ModifyCVar" target="other" cvar="infectionZombieHit" operation="set" value="45"/><!--InfectionFeral-->
	</effect_group>
</item>
</insertAfter>
<insertAfter xpath="/items/item[@name='meleeHandAnimalZombieBearFeral']" >
<item name="meleeHandZombieHazMat">
	<property name="Extends" value="meleeHandMaster1"/>
	<property name="CreativeMode" value="None"/>
	<property name="HoldType" value="9"/>
	<property class="Action0">
		<property name="Buff" value="buffInjuryBleeding,buffIllInfection0,buffInjuryStunned1"/>
	</property>
	<effect_group name="meleeHandZombieHazMat" tiered="false">
		<passive_effect name="ModSlots" operation="base_set" value="0"/>
		<!--<passive_effect name="AttacksPerMinute" operation="base_set" value="75"/>  A16 .8 -->
		<passive_effect name="BuffProcChance" operation="base_set" value=".15" tags="buffInjuryBleedingZombie"/>
		<passive_effect name="BuffProcChance" operation="base_set" value="1" tags="buffInfectionCatch"/>
		<passive_effect name="BuffProcChance" operation="base_set" value=".15" tags="buffInjuryStunned01"/>
		<triggered_effect trigger="onSelfDamagedOther" action="ModifyCVar" target="other" cvar="infectionZombieHit" operation="set" value="150"/><!--InfectionSpecial-->
	</effect_group>
</item>
</insertAfter>
<insertAfter xpath="/items/item[@name='meleeHandZombieHazMat']" >
<item name="meleeHandZombieHazMatFeral">
	<property name="Extends" value="meleeHandZombieHazMat"/>
	<property name="CreativeMode" value="None"/>
	<property name="HoldType" value="9"/>
	<property class="Action0">
		<property name="DamageEntity" value="20"/>
		</property>
	<effect_group name="meleeHandZombieHazMatFeral" tiered="false">
		<passive_effect name="ModSlots" operation="base_set" value="0"/>
		<!--<passive_effect name="AttacksPerMinute" operation="base_set" value="75"/>  A16 .8 -->
		<passive_effect name="BuffProcChance" operation="base_set" value=".25" tags="buffInjuryBleedingZombie"/>
		<passive_effect name="BuffProcChance" operation="base_set" value="1" tags="buffInfectionCatch"/>
		<passive_effect name="BuffProcChance" operation="base_set" value=".25" tags="buffInjuryStunned01"/>
		<triggered_effect trigger="onSelfDamagedOther" action="ModifyCVar" target="other" cvar="infectionZombieHit" operation="set" value="200"/><!--InfectionSpecial-->
	</effect_group>
</item>
</insertAfter>
<insertAfter xpath="/items/item[@name='meleeHandZombieHazMatFeral']" >
<item name="meleeHandZombieWorker">
	<property name="Extends" value="meleeHandMaster1"/>
	<property name="CreativeMode" value="None"/>
	<property name="HoldType" value="9"/>
	<property class="Action0">
		<property name="DamageEntity" value="50"/>
	</property>
	<effect_group name="meleeHandZombieWorker" tiered="false">
		<passive_effect name="ModSlots" operation="base_set" value="0"/>
		<!--<passive_effect name="AttacksPerMinute" operation="base_set" value="75"/>  A16 .8 -->
		<passive_effect name="BuffProcChance" operation="base_set" value=".15" tags="buffInjuryBleedingZombie"/>
		<passive_effect name="BuffProcChance" operation="base_set" value=".10" tags="buffInfectionCatch"/>
		<passive_effect name="BuffProcChance" operation="base_set" value=".15" tags="buffInjuryStunned01"/>
		<triggered_effect trigger="onSelfDamagedOther" action="ModifyCVar" target="other" cvar="infectionZombieHit" operation="set" value="30"/><!--InfectionRegular-->
	</effect_group>
</item>
</insertAfter>
<insertAfter xpath="/items/item[@name='meleeHandZombieWorker']" >
<item name="meleeHandZombieWorkerFeral">
	<property name="Extends" value="meleeHandZombieWorker"/>
	<property name="CreativeMode" value="None"/>
	<property name="HoldType" value="9"/>
	<property class="Action0">
		<property name="DamageEntity" value="20"/>
		</property>
	<effect_group name="meleeHandZombieWorkerFeral" tiered="false">
		<passive_effect name="ModSlots" operation="base_set" value="0"/>
		<!--<passive_effect name="AttacksPerMinute" operation="base_set" value="75"/>  A16 .8 -->
		<passive_effect name="BuffProcChance" operation="base_set" value=".25" tags="buffInjuryBleedingZombie"/>
		<passive_effect name="BuffProcChance" operation="base_set" value=".20" tags="buffInfectionCatch"/>
		<passive_effect name="BuffProcChance" operation="base_set" value=".25" tags="buffInjuryStunned01"/>
		<triggered_effect trigger="onSelfDamagedOther" action="ModifyCVar" target="other" cvar="infectionZombieHit" operation="set" value="45"/><!--InfectionFeral-->
	</effect_group>
</item>
</insertAfter>
<insertAfter xpath="/items/item[@name='meleeHandZombieWorkerFeral']" >
<item name="meleeHandZombieFootballPlayer">
	<property name="Extends" value="meleeHandMaster1"/>
	<property name="CreativeMode" value="None"/>
	<property name="HoldType" value="9"/>
	<property class="Action0">
		<property name="Buff" value="buffInjuryBleeding,buffIllInfection0,buffInjuryStunned1"/>
	</property>
	<effect_group name="meleeHandZombieFootballPlayer" tiered="false">
		<passive_effect name="ModSlots" operation="base_set" value="0"/>
		<!--<passive_effect name="AttacksPerMinute" operation="base_set" value="75"/>  A16 .8 -->
		<passive_effect name="BuffProcChance" operation="base_set" value=".10" tags="buffInjuryBleedingZombie"/>
		<passive_effect name="BuffProcChance" operation="base_set" value=".04" tags="buffInfectionCatch"/>
		<passive_effect name="BuffProcChance" operation="base_set" value=".60" tags="buffInjuryStunned01"/>
		<triggered_effect trigger="onSelfDamagedOther" action="ModifyCVar" target="other" cvar="infectionZombieHit" operation="set" value="30"/><!--InfectionRegular-->
	</effect_group>
</item>
</insertAfter>
<insertAfter xpath="/items/item[@name='meleeHandZombieFootballPlayer']" >
<item name="meleeHandZombieFootballPlayerFeral">
	<property name="Extends" value="meleeHandZombieFootballPlayer"/>
	<property name="CreativeMode" value="None"/>
	<property name="HoldType" value="9"/>
	<property class="Action0">
		<property name="DamageEntity" value="20"/>
		</property>
	<effect_group name="meleeHandZombieFootballPlayerFeral" tiered="false">
		<passive_effect name="ModSlots" operation="base_set" value="0"/>
		<!--<passive_effect name="AttacksPerMinute" operation="base_set" value="75"/>  A16 .8 -->
		<passive_effect name="BuffProcChance" operation="base_set" value=".20" tags="buffInjuryBleedingZombie"/>
		<passive_effect name="BuffProcChance" operation="base_set" value=".1" tags="buffInfectionCatch"/>
		<passive_effect name="BuffProcChance" operation="base_set" value=".70" tags="buffInjuryStunned01"/>
		<triggered_effect trigger="onSelfDamagedOther" action="ModifyCVar" target="other" cvar="infectionZombieHit" operation="set" value="45"/><!--InfectionFeral-->
	</effect_group>
</item>
</insertAfter>
<insertAfter xpath="/items/item[@name='meleeHandZombieFootballPlayerFeral']" >
<item name="meleeHandZombieStripper">
	<property name="Extends" value="meleeHandMaster1"/>
	<property name="CreativeMode" value="None"/>
	<property class="Action0">
		<property name="DamageEntity" value="8"/>
		<property name="Buff" value="buffInjuryBleeding,buffIllInfection0,buffInjuryStunned1"/>
	</property>
	<effect_group name="meleeHandZombieStripper" tiered="false">
		<passive_effect name="ModSlots" operation="base_set" value="0"/>
		<!--<passive_effect name="AttacksPerMinute" operation="base_set" value="75"/>  A16 .8 -->
		<passive_effect name="BuffProcChance" operation="base_set" value=".10" tags="buffInjuryBleedingZombie"/>
		<passive_effect name="BuffProcChance" operation="base_set" value=".40" tags="buffInfectionCatch"/>
		<passive_effect name="BuffProcChance" operation="base_set" value=".10" tags="buffInjuryStunned01"/>
		<triggered_effect trigger="onSelfDamagedOther" action="ModifyCVar" target="other" cvar="infectionZombieHit" operation="set" value="30"/><!--InfectionRegular-->
	</effect_group>
</item>
</insertAfter>
<insertAfter xpath="/items/item[@name='meleeHandZombieStripper']" >
<item name="meleeHandZombieStripperFeral">
	<property name="Extends" value="meleeHandZombieStripper"/>
	<property name="CreativeMode" value="None"/>
	<property class="Action0">
		<property name="DamageEntity" value="16"/>
		</property>
	<effect_group name="meleeHandZombieStripperFeral" tiered="false">
		<passive_effect name="ModSlots" operation="base_set" value="0"/>
		<!--<passive_effect name="AttacksPerMinute" operation="base_set" value="75"/>  A16 .8 -->
		<passive_effect name="BuffProcChance" operation="base_set" value=".15" tags="buffInjuryBleedingZombie"/>
		<passive_effect name="BuffProcChance" operation="base_set" value=".60" tags="buffInfectionCatch"/>
		<passive_effect name="BuffProcChance" operation="base_set" value=".15" tags="buffInjuryStunned01"/>
		<triggered_effect trigger="onSelfDamagedOther" action="ModifyCVar" target="other" cvar="infectionZombieHit" operation="set" value="45"/><!--InfectionFeral-->
	</effect_group>
</item>
</insertAfter>
<insertAfter xpath="/items/item[@name='meleeHandZombieStripperFeral']" >
<item name="meleeHandZombieBehemoth">
	<property name="Extends" value="meleeHandZombieStripper"/>
	<property name="CreativeMode" value="None"/>
	<property class="Action0">
		<property name="DamageEntity" value="500"/>
		<property name="Range" value="4"/>
		<property name="Sphere" value="2"/>
		<property name="Block_range" value="5"/>
	</property>
	<effect_group name="meleeHandZombieBehemoth" tiered="false">
		<passive_effect name="ModSlots" operation="base_set" value="0"/>
		<!--<passive_effect name="AttacksPerMinute" operation="base_set" value="40"/>  A16 1.5 -->
		<passive_effect name="BuffProcChance" operation="base_set" value=".50" tags="buffInjuryBleedingZombie"/>
		<passive_effect name="BuffProcChance" operation="base_set" value=".40" tags="buffInfectionCatch"/>
		<passive_effect name="BuffProcChance" operation="base_set" value=".50" tags="buffInjuryStunned01"/>
		<triggered_effect trigger="onSelfDamagedOther" action="ModifyCVar" target="other" cvar="infectionZombieHit" operation="set" value="150"/><!--InfectionSpecial-->
	</effect_group>
</item>
</insertAfter>
<insertAfter xpath="/items/item[@name='meleeHandZombieBehemoth']" >
<item name="meleeHandAnimalCoyote">
	<property name="Extends" value="meleeHandMaster"/>
	<property name="CreativeMode" value="None"/>
	<property name="HoldType" value="35"/>
	<property class="Action0">
		<property name="Delay" value=".7"/> <!-- obsolete if rounds per minute exists -->
		<property name="Range" value="1.4"/>
		<property name="DamageEntity" value="10"/>
		<property name="Buff" value="buffInjuryBleedingZombie"/>
	</property>
	<effect_group name="meleeHandAnimalCoyote" tiered="false">
		<passive_effect name="ModSlots" operation="base_set" value="0"/>
		<!--<passive_effect name="AttacksPerMinute" operation="base_set" value="85"/>  A16 .7 -->
		<passive_effect name="DamageModifier" operation="perc_add" value="3" tags="earth"/>
		<passive_effect name="BuffProcChance" operation="base_set" value=".30" tags="buffInjuryBleedingZombie"/>
	</effect_group>
</item>
</insertAfter>
<insertAfter xpath="/items/item[@name='meleeHandAnimalCoyote']" >
<item name="meleeHandAnimalZombieVulture">
	<property name="Extends" value="meleeHandMaster1"/>
	<property name="CreativeMode" value="None"/>
	<property name="HoldType" value="35"/>
	<property class="Action0">
		<property name="Delay" value="0.7"/> <!-- obsolete if rounds per minute exists -->
		<property name="DamageEntity" value="8"/>
		<property name="Buff" value="buffInjuryBleeding,buffIllInfection0"/>
	</property>
	<property class="Action1">
		<property name="Class" value="Vomit"/>
		<property name="Delay" value="0.5"/>
		<property name="Infinite_ammo" value="true"/>
		<property name="Magazine_items" value="ammoProjectileVultureVomit"/>
		<property name="Sound_warning" value="hulkvomitwarning"/>
		<property name="Sound_start" value="hulkvomitattack"/>
		<property name="Sound_repeat" value=""/>
		<property name="Sound_end" value=""/>
		<property name="Sound_empty" value=""/>
		<property name="Sound_reload" value=""/>
	</property>
	<effect_group name="meleeHandAnimalZombieVulture" tiered="false">
		<passive_effect name="ModSlots" operation="base_set" value="0"/>
		<!--<passive_effect name="AttacksPerMinute" operation="base_set" value="55"/>  A16 .7,  50=1.2 -->
		<passive_effect name="MagazineSize" operation="base_set" value="1"/>
		<passive_effect name="BurstRoundCount" operation="base_set" value="2"/>
		<passive_effect name="SpreadDegreesVertical" operation="base_set" value="6"/>
		<passive_effect name="SpreadDegreesHorizontal" operation="base_set" value="15"/>
		<passive_effect name="SpreadMultiplierIdle" operation="base_set" value="1"/>
		<passive_effect name="DamageFalloffRange" operation="base_set" value="50"/>
		<passive_effect name="MaxRange" operation="base_set" value="50"/>

		<passive_effect name="BuffProcChance" operation="base_set" value=".10" tags="buffInjuryBleedingZombie"/>
		<passive_effect name="BuffProcChance" operation="base_set" value=".20" tags="buffInfectionCatch"/>
		<triggered_effect trigger="onSelfDamagedOther" action="ModifyCVar" target="other" cvar="infectionZombieHit" operation="set" value="60"/><!--InfectionRadiated-->
	</effect_group>
</item>
</insertAfter>
<insertAfter xpath="/items/item[@name='meleeHandAnimalZombieVulture']" >
<item name="ammoProjectileVultureVomit">
	<property name="Meshfile" value="Items/Weapons/Ranged/Vomit/vomitBulbPrefab"/>
	<property name="Material" value="Morganic"/>
	<property name="CreativeMode" value="None"/>
	<property class="Action1">
		<property name="Class" value="Projectile"/>
		<property name="DamageEntity" value="15"/>
		<property name="Explosion.ParticleIndex" value="7"/>
		<property name="Velocity" value="13"/>
		<property name="FlyTime" value="6"/>
		<property name="LifeTime" value="8"/>
		<property name="CollisionRadius" value="0.5"/>
		<property name="Buff" value="buffIllInfection0"/>
	</property>
	<effect_group name="ammoProjectileVultureVomit" tiered="false">
		<passive_effect name="DamageModifier" operation="perc_set" value="0" tags="earth"/>
		<passive_effect name="DamageModifier" operation="perc_set" value="0.5" tags="stone"/>
		<passive_effect name="DamageModifier" operation="perc_add" value="1.2" tags="metal"/>
		<passive_effect name="BuffProcChance" operation="base_set" value=".20" tags="buffInfectionCatch"/>
		<triggered_effect trigger="onSelfDamagedOther" action="ModifyCVar" target="other" cvar="infectionZombieHit" operation="set" value="60"/><!--InfectionRadiated-->
	</effect_group>
</item>
</insertAfter>
<insertAfter xpath="/items/item[@name='ammoProjectileVultureVomit']" >
<item name="meleeHandAnimalSnake">
	<property name="Extends" value="meleeHandMaster1"/>
	<property name="CreativeMode" value="None"/>
	<property name="HoldType" value="55"/>
	<property class="Action0">
		<property name="Delay" value="2.5"/>
		<property name="Range" value="1.2"/>
		<property name="DamageEntity" value="10"/>
		<property name="Buff" value="buffInjuryBleeding"/>
		<property name="Buff_chance" value="0.4,0.2"/>
	</property>
	<effect_group name="meleeHandAnimalSnake" tiered="false">
		<passive_effect name="ModSlots" operation="base_set" value="0"/>
		<!--<passive_effect name="AttacksPerMinute" operation="base_set" value="75"/>  A16 .8 -->
		<passive_effect name="BuffProcChance" operation="base_set" value=".05" tags="buffInjuryBleedingZombie"/>
	</effect_group>
</item>
</insertAfter>
<insertAfter xpath="/items/item[@name='meleeHandAnimalSnake']" >
<item name="meleeHandAnimalWolf">
	<property name="Extends" value="meleeHandMaster1"/>
	<property name="CreativeMode" value="None"/>
	<property name="HoldType" value="35"/>
	<property class="Action0">
		<property name="Delay" value="0.7"/> <!-- obsolete if rounds per minute exists -->
		<property name="Range" value="2"/>
		<property name="DamageEntity" value="22"/>
		<property name="Buff" value="buffInjuryBleeding"/>
	</property>
	<effect_group name="meleeHandAnimalWolf" tiered="false">
		<passive_effect name="ModSlots" operation="base_set" value="0"/>
		<!--<passive_effect name="AttacksPerMinute" operation="base_set" value="85"/>  A16 .7 -->
		<passive_effect name="DamageModifier" operation="perc_add" value="3" tags="earth"/>
		<passive_effect name="BuffProcChance" operation="base_set" value=".4" tags="buffInjuryBleedingZombie"/>
	</effect_group>
</item>
</insertAfter> 
<insertAfter xpath="/items/item[@name='meleeHandAnimalWolf']" >
<item name="meleeHandAnimalDireWolf">
	<property name="Extends" value="meleeHandAnimalWolf"/>
	<property name="CreativeMode" value="None"/>
	<property class="Action0">
		<property name="Delay" value=".8"/> <!-- obsolete if rounds per minute exists -->
		<property name="Range" value="2.2"/>
		<property name="DamageEntity" value="22"/>
		</property>
	<effect_group name="meleeHandAnimalWolf" tiered="false">
		<passive_effect name="ModSlots" operation="base_set" value="0"/>
		<passive_effect name="BuffProcChance" operation="base_set" value=".5" tags="buffInjuryBleedingZombie"/>
	</effect_group>
</item>
</insertAfter>
<insertAfter xpath="/items/item[@name='meleeHandAnimalDireWolf']" >
<item name="meleeHandBossGrace">
	<property name="Extends" value="meleeHandMaster"/>
	<property name="CreativeMode" value="None"/>
	<property name="HoldType" value="35"/>
	<property class="Action0">
		<property name="Delay" value=".85"/>
		<property name="Range" value="3.4"/>
		<property name="Sphere" value=".2"/>
		<property name="DamageEntity" value="35"/>
		<property name="Buff" value="buffInjuryBleedingZombie,buffInjuryStunned01"/>
	</property>
	<effect_group name="meleeHandAnimalBear" tiered="false">
		<passive_effect name="ModSlots" operation="base_set" value="0"/>
		<passive_effect name="BuffProcChance" operation="base_set" value=".3" tags="buffInjuryBleedingZombie"/>
		<passive_effect name="BuffProcChance" operation="base_set" value=".25" tags="buffInjuryStunned01"/>
	</effect_group>
</item>
</insertAfter>
<insertAfter xpath="/items/item[@name='meleeHandBossGrace']" >
 <item name="handZombieBurningFire">
	<property name="Extends" value="meleeHandZombieCop"/>
	<property name="CreativeMode" value="None"/>
	<property class="Action1">
		<property name="Magazine_items" value="vomitZombieProjectileFire"/>
	</property>
</item>
</insertAfter>
<insertAfter xpath="/items/item[@name='handZombieBurningFire']" >
<item name="vomitZombieProjectileFire">
	<property name="Extends" value="ammoProjectileZombieVomit"/>
	<property name="CreativeMode" value="None"/>
	<property name="Meshfile" value="ParticleEffects/p_signal_flareprefab"/>
</item>
</insertAfter>
</stallionsden>