<stallionsden>
	<!-- Looting window -->
	<append xpath="/windows">
		<window name="S420windowLooting" width="378" height="378" controller="LootWindow" panel="Left" anchor_side="bottomright" visible="false" cursor_area="true" >
			<panel name="header" height="43" depth="0" disableautobackground="true">
				<sprite depth="1" name="headerbackground" sprite="ui_game_panel_header"/>
				<button depth="3" name="btnSort" style="icon32px, press, hover" pivot="center" pos="21,-21" sprite="ui_game_symbol_loot_sack" tooltip_key="lblSortContainer" sound="[paging_click]" />
				<label depth="2" name="lootName" pos="39,-6" width="172" height="32" text="LOOT" text_key="xuiLoot" font_size="32" />

				<label depth="2" name="takeAllLabel" width="32" height="30" font_size="30" color="[mediumGrey]" justify="left" pos="260,-8"/>

				<sprite depth="2" name="takeAllIcon" style="icon32px" sprite="ui_game_symbol_hand" color="[mediumGrey]" pos="220, -4"/>
			</panel>
			<sprite depth="0" name="gridBackground" color="255,255,255,1" type="sliced" pos="0, 0" globalopacity="true" on_press="true" />
			<rect name="content" pos="3,-49" >
				<grid depth="12" name="queue" rows="35" cols="12" cell_width="75" cell_height="75" repeat_content="true" controller="LootContainer">
					<item_stack name="0"/>
				</grid>
			</rect>
		</window>
	</append>
	
	 <!-- update the overall backpack size -->
    <set xpath="/windows/window[@name='windowBackpack']/@width">1008</set>
    <set xpath="/windows/window[@name='windowBackpack']/@height">550</set>
    
    <!-- increase the panel size -->
    <set xpath="/windows/window[@name='windowBackpack']/panel[@name='content']/@height">330</set>
    
    <!-- adjust the rows, heights, and their cell equivalent -->
    <set xpath="/windows/window[@name='windowBackpack']/panel[@name='content']/grid[@name='inventory']/@rows">15</set>
    <set xpath="/windows/window[@name='windowBackpack']/panel[@name='content']/grid[@name='inventory']/@cols">25</set>
    <set xpath="/windows/window[@name='windowBackpack']/panel[@name='content']/grid[@name='inventory']/@cell_height">50</set>
    <set xpath="/windows/window[@name='windowBackpack']/panel[@name='content']/grid[@name='inventory']/@cell_width">50</set>
    <set xpath="/windows/window[@name='windowBackpack']/panel[@name='content']/sprite[@name='backgroundMain']/@width">1008</set>
    <set xpath="/windows/window[@name='windowBackpack']/panel[@name='content']/sprite[@name='backgroundMain']/@height">537</set>
	
	<!-- adjust windowlooting to match the size of the new player dropped backpack container -->
    <set xpath="/windows/window[@name='windowLooting']/rect[@name='content']/grid[@name='queue']/@rows">15</set>
    <set xpath="/windows/window[@name='windowLooting']/rect[@name='content']/grid[@name='queue']/@cols">25</set>

	<remove xpath="/windows/window[@name='windowBackpack']/panel[@name='content']/grid[@name='inventory']/backpack_item_stack"></remove>
	
	<append xpath="/windows/window[@name='windowBackpack']/panel[@name='content']/grid[@name='inventory']">
       <kh60_backpack_item_stack name="0"/>
	</append>
	<!-- Player backpack window -->
	<!-- <set xpath="/windows/window[@name='windowBackpack']/@width">1008</set>
	<set xpath="/windows/window[@name='windowBackpack']/@height">550</set>
	<set xpath="/windows/window[@name='windowBackpack']/panel[@name='content']/@height">504</set>
	<set xpath="/windows/window[@name='windowBackpack']/panel[@name='content']/sprite[@name='backgroundMain']/@width">1008</set>
	<set xpath="/windows/window[@name='windowBackpack']/panel[@name='content']/sprite[@name='backgroundMain']/@height">537</set>
	<set xpath="/windows/window[@name='windowBackpack']/panel[@name='content']/grid[@name='inventory']/@rows">15</set>
	<set xpath="/windows/window[@name='windowBackpack']/panel[@name='content']/grid[@name='inventory']/@cols">25</set>
	<append xpath="/windows"> -->
	
	<append xpath="/windows">
		<window name="KHHUDLeftStatBars">
			<rect name="hud" pos="9,187" rows="3" cols="1" width="168" side="right">
				<rect width="171" height="43" controller="HUDStatBar" stat_type="Stealth" visible="{statvisible}">
					<sprite depth="1" name="border" color="0,0,0,150" height="43" type="sliced" />
					<sprite depth="2" name="background" color="0,0,0,140" type="sliced" />

					<filledsprite depth="3" name="background" color="110,110,110,128" type="filled" fill="1" />

					<filledsprite depth="4" name="BarContent" color="{stealthcolor}" type="filled" fill="0" />
					<sprite depth="5" name="Icon" atlas="{staticonatlas|once}" sprite="{staticon|once}" size="32,32" pos="8,-6" foregroundlayer="true"/>
					<label depth="6" name="TextContent" pos="0,-8" font_size="28" color="[white]" justify="center" pivot="topleft" text="{statcurrent}" height="30"/>

					<sprite depth="8" name="border" color="0,0,0,255" height="43" type="sliced" fillcenter="false"/>
					<filledsprite depth="8" name="background" color="0,0,0,255" width="171" fillcenter="false" type="filled" fill="1" />
					<filledsprite depth="3" name="background" color="0,0,0,255" width="170" fillcenter="false" type="filled" fill="1" />
				</rect>

				<rect width="171" height="43" pos="0,-47" controller="HUDStatBar" stat_type="Stamina" visible="{statvisible}">
					<sprite depth="1" name="border" color="0,0,0,128" type="sliced"/>
					<sprite depth="2" name="background" color="0,0,0,140" type="sliced" />

					<filledsprite depth="3" name="background" color="110,110,110,128" width="169" type="filled" fill="{statmodifiedmax}" />

					<filledsprite depth="5" name="BarContent" color="0,54,255,128" width="169" type="filled" fill="0"  />
					<sprite depth="6" name="Icon" atlas="{staticonatlas|once}" sprite="ui_game_symbol_agility" size="32,32" pos="8,-6" foregroundlayer="true"/>
					<label depth="7" name="TextContent" pos="0,-8" font_size="28" color="[white]" justify="center" pivot="topleft" text="{statcurrentwithmax}" height="30"/>

					<sprite depth="8" name="border" color="0,0,0,255" type="sliced" fillcenter="false"/>
					<filledsprite depth="8" name="background" color="0,0,0,255" width="171" fillcenter="false" type="filled" fill="{statmodifiedmax}" />
					<filledsprite depth="3" name="background" color="0,0,0,255" width="170" fillcenter="false" type="filled" fill="{statmodifiedmax}" />
				</rect>

				<rect width="171" height="43" pos="0,-94" controller="HUDStatBar" stat_type="Health" visible="{statvisible}">
					<sprite depth="1" name="border" color="0,0,0,128" type="sliced"/>

					<sprite depth="2" name="background" color="0,0,0,140" type="sliced" />
					<filledsprite depth="3" name="background" color="110,110,110,128" width="169" type="filled" fill="{statmodifiedmax}" />

					<filledsprite depth="5" name="BarContent" color="255,0,0,128" width="169" type="filled" fill="0" />
					<sprite depth="6" name="Icon" atlas="{staticonatlas|once}" sprite="{staticon|once}" size="32,32" pos="8,-6" foregroundlayer="true"/>
					<label depth="7" name="TextContent" pos="0,-8" font_size="28" color="[white]" justify="center" pivot="topleft" text="{statcurrentwithmax}" height="30"/>

					<sprite depth="8" name="border" color="0,0,0,255" type="sliced" fillcenter="false"/>
					<filledsprite depth="8" name="background" color="0,0,0,255" width="171" fillcenter="false" type="filled" fill="{statmodifiedmax}" />
					<filledsprite depth="3" name="background" color="0,0,0,255" width="170" fillcenter="false" type="filled" fill="{statmodifiedmax}" />
				</rect>

				<grid name="hud" pos="-2,-139" rows="1" cols="2" width="171" cell_width="94" cell_height="46" repeat_content="false" side="left" >
					<rect width="93" height="85" controller="PlayerStatsWindow" stat_type="Food" visible="{statvisible}">
						<sprite depth="1" name="border" color="0,0,0,100" height="43" type="sliced"/>
						<sprite depth="2" pos="3,-3"  name="background" height="37" width="90" color="64,64,64,100" type="sliced" />
						<sprite depth="3" pos="3,-3"  color="0,128,0,150" type="filled" height="37" width="87" fill="{playerfoodfill}" controller="PlayerStatsWindow" />
						<sprite depth="4" name="Icon" sprite="ui_game_symbol_hunger" size="32,32" pos="4,-6" foregroundlayer="true"/>
						<label depth="6" name="TextContent" pos="15,-8" font_size="28" color="[white]" justify="center" pivot="topleft" text="{playerfood}%" height="30"/>
					</rect>
	
					<rect width="93" height="85" controller="PlayerStatsWindow" stat_type="Water" visible="{statvisible}">
						<sprite depth="1" name="border" color="0,0,0,100" height="43" type="sliced" />
						<sprite depth="2" pos="3,-3"  name="background" height="37" width="90" color="64,64,64,100" type="sliced" />
						<sprite depth="3" pos="3,-3"  color="64,164,223,150" type="filled" height="37" width="87" fill="{playerwaterfill}" controller="PlayerStatsWindow" />
						<sprite depth="4" name="Icon" sprite="ui_game_symbol_water" size="32,32" pos="4,-6" foregroundlayer="true"/>
						<label depth="6" name="TextContent" pos="15,-8" font_size="28" color="[white]" justify="center" pivot="topleft" text="{playerwater}%" height="30"/>
					</rect>
				</grid>
			</rect>

			<rect name="hud" pos="90,165" side="left" controller="BuffPopoutList" pivot="BottomLeft" >
				<panel width="168" height="43" name="item" visible="false" pivot="right" disableautobackground="true" pos="70, 0" >
					<sprite depth="3" pos="0,0"  name="Background" sprite="ui_game_popup" height="43" width="162" pivot="center" flip="Horizontally" color="[transparent]" />
					<sprite depth="4" name="Icon" size="36,32" pos="-58,0" pivot="center" color="[transparent]"/>
					<label depth="6" name="TextContent" pos="0,0" font_size="28" color="[white]" justify="center" height="30" pivot="center"/>
				</panel>
			</rect>
		</window>
	</append>	
	
		<!-- <window name="KHHUDLeftStatBars">
			<rect name="hud" pos="9,187" rows="3" cols="1" width="168" side="right">
				<rect width="171" height="43" controller="HUDStatBar" stat_type="Stealth" visible="{statvisible}">
					<sprite depth="1" name="border" color="0,0,0,150" height="43" type="sliced" />
					<sprite depth="2" name="background" color="0,0,0,140" type="sliced" />

					<filledsprite depth="3" name="background" color="110,110,110,128" type="filled" fill="1" />

					<filledsprite depth="4" name="BarContent" color="{stealthcolor}" type="filled" fill="0" />
					<sprite depth="5" name="Icon" atlas="{staticonatlas|once}" sprite="{staticon|once}" size="32,32" pos="8,-6" foregroundlayer="true"/>
					<label depth="6" name="TextContent" pos="0,-8" font_size="28" color="[white]" justify="center" pivot="topleft" text="{statcurrent}" height="30"/>

					<sprite depth="8" name="border" color="0,0,0,255" height="43" type="sliced" fillcenter="false"/>
					<filledsprite depth="8" name="background" color="0,0,0,255" width="171" fillcenter="false" type="filled" fill="1" />
					<filledsprite depth="3" name="background" color="0,0,0,255" width="170" fillcenter="false" type="filled" fill="1" />
				</rect>

				<rect width="171" height="43" pos="0,-47" controller="HUDStatBar" stat_type="Stamina" visible="{statvisible}">
					<sprite depth="1" name="border" color="0,0,0,128" type="sliced"/>
					<sprite depth="2" name="background" color="0,0,0,140" type="sliced" />

					<filledsprite depth="3" name="background" color="110,110,110,128" width="169" type="filled" fill="{statmodifiedmax}" />

					<filledsprite depth="5" name="BarContent" color="0,54,255,128" width="169" type="filled" fill="0"  />
					<sprite depth="6" name="Icon" atlas="{staticonatlas|once}" sprite="ui_game_symbol_agility" size="32,32" pos="8,-6" foregroundlayer="true"/>
					<label depth="7" name="TextContent" pos="0,-8" font_size="28" color="[white]" justify="center" pivot="topleft" text="{statcurrentwithmax}" height="30"/>

					<sprite depth="8" name="border" color="0,0,0,255" type="sliced" fillcenter="false"/>
					<filledsprite depth="8" name="background" color="0,0,0,255" width="171" fillcenter="false" type="filled" fill="{statmodifiedmax}" />
					<filledsprite depth="3" name="background" color="0,0,0,255" width="170" fillcenter="false" type="filled" fill="{statmodifiedmax}" />
				</rect>

				<rect width="171" height="43" pos="0,-94" controller="HUDStatBar" stat_type="Health" visible="{statvisible}">
					<sprite depth="1" name="border" color="0,0,0,128" type="sliced"/>

					<sprite depth="2" name="background" color="0,0,0,140" type="sliced" />
					<filledsprite depth="3" name="background" color="110,110,110,128" width="169" type="filled" fill="{statmodifiedmax}" />

					<filledsprite depth="5" name="BarContent" color="255,0,0,128" width="169" type="filled" fill="0" />
					<sprite depth="6" name="Icon" atlas="{staticonatlas|once}" sprite="{staticon|once}" size="32,32" pos="8,-6" foregroundlayer="true"/>
					<label depth="7" name="TextContent" pos="0,-8" font_size="28" color="[white]" justify="center" pivot="topleft" text="{statcurrentwithmax}" height="30"/>

					<sprite depth="8" name="border" color="0,0,0,255" type="sliced" fillcenter="false"/>
					<filledsprite depth="8" name="background" color="0,0,0,255" width="171" fillcenter="false" type="filled" fill="{statmodifiedmax}" />
					<filledsprite depth="3" name="background" color="0,0,0,255" width="170" fillcenter="false" type="filled" fill="{statmodifiedmax}" />
				</rect>

				<grid name="hud" pos="-2,-139" rows="1" cols="2" width="171" cell_width="94" cell_height="46" repeat_content="false" side="left" >
					<rect width="93" height="85" controller="PlayerStatsWindow" stat_type="Food" visible="{statvisible}">
						<sprite depth="1" name="border" color="0,0,0,100" height="43" type="sliced"/>
						<sprite depth="2" pos="3,-3"  name="background" height="37" width="90" color="64,64,64,100" type="sliced" />
						<sprite depth="3" pos="3,-3"  color="0,128,0,150" type="filled" height="37" width="87" fill="{playerfoodfill}" controller="PlayerStatsWindow" />
						<sprite depth="4" name="Icon" sprite="ui_game_symbol_hunger" size="32,32" pos="4,-6" foregroundlayer="true"/>
						<label depth="6" name="TextContent" pos="15,-8" font_size="28" color="[white]" justify="center" pivot="topleft" text="{playerfood}%" height="30"/>
					</rect>
	
					<rect width="93" height="85" controller="PlayerStatsWindow" stat_type="Water" visible="{statvisible}">
						<sprite depth="1" name="border" color="0,0,0,100" height="43" type="sliced" />
						<sprite depth="2" pos="3,-3"  name="background" height="37" width="90" color="64,64,64,100" type="sliced" />
						<sprite depth="3" pos="3,-3"  color="64,164,223,150" type="filled" height="37" width="87" fill="{playerwaterfill}" controller="PlayerStatsWindow" />
						<sprite depth="4" name="Icon" sprite="ui_game_symbol_water" size="32,32" pos="4,-6" foregroundlayer="true"/>
						<label depth="6" name="TextContent" pos="15,-8" font_size="28" color="[white]" justify="center" pivot="topleft" text="{playerwater}%" height="30"/>
					</rect>
				</grid>
			</rect>

			<rect name="hud" pos="90,165" side="left" controller="BuffPopoutList" pivot="BottomLeft" >
				<panel width="168" height="43" name="item" visible="false" pivot="right" disableautobackground="true" pos="70, 0" >
					<sprite depth="3" pos="0,0"  name="Background" sprite="ui_game_popup" height="43" width="162" pivot="center" flip="Horizontally" color="[transparent]" />
					<sprite depth="4" name="Icon" size="36,32" pos="-58,0" pivot="center" color="[transparent]"/>
					<label depth="6" name="TextContent" pos="0,0" font_size="28" color="[white]" justify="center" height="30" pivot="center"/>
				</panel>
			</rect>
		</window>
	</append>	-->
	
	<remove xpath="/windows/window[@name='windowCraftingQueue']" />
	 <remove xpath="/windows/window[@name='windowToolsForge']"/>
<remove xpath="/windows/window[@name='windowForgeInput']"/>
<remove xpath="/windows/window[@name='windowOutput']"/>
<insertAfter xpath="/windows/window[@name='windowBackpack']" >
	<window name="windowToolsForge" width="228" height="121" panel="LeftTop" cursor_area="true" >
	<!--#$-IGS END.-$#-->
		<panel style="header.panel">
			<sprite style="header.icon" sprite="ui_game_symbol_wrench"/>
			<label style="header.name" text="TOOLS" text_key="xuiTools" />
		</panel>

		<rect name="content" depth="0" pos="-250,80" height="75" disablefallthrough="true" on_press="true">

			<grid name="inventory" rows="1" cols="3" pos="3,-3" cell_width="75" cell_height="75" controller="WorkstationToolGrid" repeat_content="true" allow_sort_order="false"
			required_tools="toolAnvil,toolForgeCrucible,toolAndDieSet" required_tools_only="true">
				<required_item_stack name="0"/>
			</grid>

			<!-- <grid name="slot_preview" depth="1" rows="1" cols="3" pos="3,-3" cell_width="75" cell_height="75" controller="SlotPreview">
				<rect>
					<sprite name="slot" depth="2" width="70" height="50" foregroundlayer="true" color="[white_quarter_alpha]" sprite="toolAnvil" atlas="ItemIconAtlasGreyscale" pos="35,-30" pivot="center"/>
				</rect>
				<rect>
					<sprite name="slot" depth="2" width="70" height="50" foregroundlayer="true" color="[white_quarter_alpha]" sprite="toolForgeCrucible" atlas="ItemIconAtlasGreyscale" pos="35,-30" pivot="center"/>
				</rect>
				<rect>
					<sprite name="slot" depth="2" width="70" height="50" foregroundlayer="true" color="[white_quarter_alpha]" sprite="toolAndDieSet" atlas="ItemIconAtlasGreyscale" pos="35,-30" pivot="center"/>
				</rect>
			</grid> -->
		</rect>

	</window>
</insertAfter>	
<insertAfter xpath="/windows/window[@name='windowInput']" >
	<window name="windowForgeInput" width="228" height="204" panel="LeftTop"
		controller="WorkstationMaterialInputWindow" materials_accepted="iron,brass,lead,glass,stone,clay" valid_materials_color="[green]" invalid_materials_color="[red]" cursor_area="true" >
	<!--#$-IGS END.-$#-->
		<panel style="header.panel">
			<sprite style="header.icon" sprite="ui_game_symbol_forge"/>
			<label style="header.name" text="INPUT" text_key="xuiSmelting" />
		</panel>

		<sprite depth="2" name="backgroundMain" sprite="menu_empty3px" pos="0,-46" height="153" color="[black]" type="sliced" fillcenter="false" on_press="true" />
		<rect name="content" depth="1" pos="0,-46" height="153">

			<grid depth="7" rows="2" cols="1" pos="3,-3" cell_width="75" cell_height="75" controller="WorkstationMaterialInputGrid" repeat_content="true">
				<item_stack name="0"/>
			</grid>

		</rect>

		<rect name="content2" depth="0" pos="78, -49" width="147" height="148">
			<sprite depth="1" color="[mediumGrey]" type="sliced" on_press="true"/>
			<grid rows="6" cols="1" pos="3,-3" cell_width="147" cell_height="24"  repeat_content="true">
				<forge_material name="0"/>
			</grid>
		</rect>
	</window>
</insertAfter>
<insertAfter xpath="/windows/window[@name='windowForgeInput']" >
	<window name="windowOutput" width="228" height="198" anchor="Left" panel="Left" cursor_area="true" >
	<!--#$-IGS END.-$#-->
		<panel style="header.panel">
			<sprite style="header.icon" sprite="ui_game_symbol_loot_sack"/>
			<label style="header.name" text="OUTPUT" text_key="xuiOutput" />
		</panel>


		<rect name="content" depth="0" pos="0,-46" height="150" disablefallthrough="true" on_press="true">
			<sprite depth="2" name="backgroundMain" sprite="menu_empty3px" height="150" color="[black]" type="sliced" fillcenter="false" on_press="true" />
				<grid name="inventory" rows="2" cols="3" pos="3,-3" cell_width="75" cell_height="75" controller="WorkstationOutputGrid" repeat_content="true">
					<item_stack name="0"/>
				</grid>
		</rect>
	</window>
</insertAfter>
<insertAfter xpath="/windows/window[@name='windowCraftingList']" >
<window name="windowCraftingQueue" width="1203" height="605" panel="Left" cursor_area="true" >
			<rect depth="0" pos="19,0" width="378" controller="CraftingQueue">
				<grid name="queue" rows="8" cols="16" pos="-40,-2" cell_width="75" cell_height="75" repeat_content="true">
					<recipe_stack name="0"/>
				</grid>
			</rect>
		</window>
</insertAfter>
<append xpath="/windows">
		<window name="windowCombine" width="228" height="224" panel="Right" cursor_area="true" > 
		 <panel style="header.panel"> 
		 <sprite style="header.icon" sprite="ui_game_symbol_add"/> 
		<label style="header.name" text="COMBINE" text_key="xuiCombine"/> 
		</panel> 
		<rect pos="0, -46" height="230" width="228" controller="CombineGrid"> 
		 <sprite depth="2" name="backgroundMain" sprite="menu_empty3px" pos="0,1" width="228" height="230" color="[black]" type="sliced" fillcenter="false" /> 
		 <sprite name="background" color="[darkGrey]" pos="0,1" type="sliced"/> 
		 <grid name="parts" rows="3" cols="1" pos="3,-2" cell_width="150" cell_height="76" repeat_content="true" > 
		 <required_item_stack /> 
		</grid> 
			<label depth="3" pos="90,-25" text="Item A" text_key="xuiCombineItemA" /> 
			 <label depth="3" pos="90,-100" text="Item B" text_key="xuiCombineItemB"/>
			 <label depth="3" pos="90,-175" text="Result" text_key="xuiResult"/> 
		 </rect> 
	 </window> 
	</append>		
</stallionsden>