<stallionsden>
<remove xpath="/entitygroups/entitygroup/entity[starts-with(@name, 'invisibleAnimal')]"/>

<insertAfter xpath="/entitygroups/entitygroup[@name='AnimalsAll']" >
	<entitygroup name="FriendlyAnimalsAll" >
		<entity name="animalRabbit"  prob="0.9"/>
		<entity name="animalChicken"  prob="0.9"/>
		<entity name="animalStag"  prob="0.9" />
		<entity name="animalDoe"  prob="0.9" />
		<entity name="Moose"  prob="0.9" />
		<entity name="deer"  prob="0.9" />
		<entity name="Hare"  prob="0.9" />
		<entity name="Hen"  prob="0.9"/>
		<entity name="pig"  prob="0.9" />
		<entity name="python"  prob="0.9" />
	</entitygroup>
</insertAfter>

<append xpath="/entitygroups/entitygroup[@name='AnimalsSmall']" ><entity name="Moose" prob="0.9" /></append> 
<append xpath="/entitygroups/entitygroup[@name='AnimalsSmall']" ><entity name="deer" prob="0.9" /></append> 
<append xpath="/entitygroups/entitygroup[@name='AnimalsSmall']" ><entity name="Hare" prob="0.9" /></append> 
<append xpath="/entitygroups/entitygroup[@name='AnimalsSmall']" ><entity name="Hen" prob="0.9" /></append> 
<append xpath="/entitygroups/entitygroup[@name='AnimalsSmall']" ><entity name="pig" prob="0.9" /></append> 
<append xpath="/entitygroups/entitygroup[@name='AnimalsSmall']" ><entity name="python" prob="0.9" /></append> 

<append xpath="/entitygroups/entitygroup[@name='AnimalsFarm']" ><entity name="Moose" prob="0.9" /></append> 
<append xpath="/entitygroups/entitygroup[@name='AnimalsFarm']" ><entity name="deer" prob="0.9" /></append> 
<append xpath="/entitygroups/entitygroup[@name='AnimalsFarm']" ><entity name="Hare" prob="0.9" /></append> 
<append xpath="/entitygroups/entitygroup[@name='AnimalsFarm']" ><entity name="Hen" prob="0.9" /></append> 
<append xpath="/entitygroups/entitygroup[@name='AnimalsFarm']" ><entity name="pig" prob="0.9" /></append> 
<append xpath="/entitygroups/entitygroup[@name='AnimalsFarm']" ><entity name="python" prob="0.9" /></append> 

<append xpath="/entitygroups/entitygroup[@name='AnimalsDesert']" ><entity name="Moose" prob="0.9" /></append> 
<append xpath="/entitygroups/entitygroup[@name='AnimalsDesert']" ><entity name="deer" prob="0.9" /></append> 
<append xpath="/entitygroups/entitygroup[@name='AnimalsDesert']" ><entity name="Hare" prob="0.90" /></append> 
<append xpath="/entitygroups/entitygroup[@name='AnimalsDesert']" ><entity name="Hen" prob="0.90" /></append> 
<append xpath="/entitygroups/entitygroup[@name='AnimalsDesert']" ><entity name="pig" prob="0.9" /></append> 
<append xpath="/entitygroups/entitygroup[@name='AnimalsDesert']" ><entity name="python" prob="0.9" /></append> 

<append xpath="/entitygroups/entitygroup[@name='FriendlyAnimalsDesert']" ><entity name="Moose" prob="0.9" /></append> 
<append xpath="/entitygroups/entitygroup[@name='FriendlyAnimalsDesert']" ><entity name="deer" prob="0.9" /></append> 
<append xpath="/entitygroups/entitygroup[@name='FriendlyAnimalsDesert']" ><entity name="Hare" prob="0.90" /></append> 
<append xpath="/entitygroups/entitygroup[@name='FriendlyAnimalsDesert']" ><entity name="Hen" prob="0.90" /></append>
<append xpath="/entitygroups/entitygroup[@name='FriendlyAnimalsDesert']" ><entity name="pig" prob="0.9" /></append>
<append xpath="/entitygroups/entitygroup[@name='FriendlyAnimalsDesert']" ><entity name="python" prob="0.9" /></append> 

<append xpath="/entitygroups/entitygroup[@name='FriendlyAnimalsSnow']" ><entity name="Moose" prob="0.9" /></append> 
<append xpath="/entitygroups/entitygroup[@name='FriendlyAnimalsSnow']" ><entity name="deer" prob="0.9" /></append> 
<append xpath="/entitygroups/entitygroup[@name='FriendlyAnimalsSnow']" ><entity name="Hare" prob="0.90" /></append> 
<append xpath="/entitygroups/entitygroup[@name='FriendlyAnimalsSnow']" ><entity name="Hen" prob="0.90" /></append> 
<append xpath="/entitygroups/entitygroup[@name='FriendlyAnimalsSnow']" ><entity name="pig" prob="0.9" /></append>
<append xpath="/entitygroups/entitygroup[@name='FriendlyAnimalsSnow']" ><entity name="python" prob="0.9" /></append> 
 
<append xpath="/entitygroups/entitygroup[@name='FriendlyAnimalsForest']" ><entity name="Moose" prob="0.9" /></append> 
<append xpath="/entitygroups/entitygroup[@name='FriendlyAnimalsForest']" ><entity name="deer" prob="0.9" /></append> 
<append xpath="/entitygroups/entitygroup[@name='FriendlyAnimalsForest']" ><entity name="Hare" prob="0.90" /></append> 
<append xpath="/entitygroups/entitygroup[@name='FriendlyAnimalsForest']" ><entity name="Hen" prob="0.9" /></append> 
<append xpath="/entitygroups/entitygroup[@name='FriendlyAnimalsForest']" ><entity name="pig" prob="0.9" /></append> 
<append xpath="/entitygroups/entitygroup[@name='FriendlyAnimalsForest']" ><entity name="python" prob="0.9" /></append> 

<append xpath="/entitygroups/entitygroup[@name='FriendlyAnimalsBurntForest']" ><entity name="Moose" prob="0.9" /></append> 
<append xpath="/entitygroups/entitygroup[@name='FriendlyAnimalsBurntForest']" ><entity name="deer" prob="0.9" /></append> 
<append xpath="/entitygroups/entitygroup[@name='FriendlyAnimalsBurntForest']" ><entity name="Hare" prob="0.90" /></append> 
<append xpath="/entitygroups/entitygroup[@name='FriendlyAnimalsBurntForest']" ><entity name="Hen" prob="0.90" /></append> 
<append xpath="/entitygroups/entitygroup[@name='FriendlyAnimalsBurntForest']" ><entity name="pig" prob="0.9" /></append>
<append xpath="/entitygroups/entitygroup[@name='FriendlyAnimalsBurntForest']" ><entity name="python" prob="0.9" /></append> 
 
<append xpath="/entitygroups/entitygroup[@name='FriendlyAnimalsPlains']" ><entity name="Moose" prob="0.9" /></append> 
<append xpath="/entitygroups/entitygroup[@name='FriendlyAnimalsPlains']" ><entity name="deer" prob="0.9" /></append> 
<append xpath="/entitygroups/entitygroup[@name='FriendlyAnimalsPlains']" ><entity name="Hare" prob="0.90" /></append> 
<append xpath="/entitygroups/entitygroup[@name='FriendlyAnimalsPlains']" ><entity name="Hen" prob="0.90" /></append> 
<append xpath="/entitygroups/entitygroup[@name='FriendlyAnimalsPlains']" ><entity name="pig" prob="0.9" /></append> 
<append xpath="/entitygroups/entitygroup[@name='FriendlyAnimalsPlains']" ><entity name="python" prob="0.9" /></append> 
 
<append xpath="/entitygroups/entitygroup[@name='AnimalsAll']" ><entity name="Moose" prob="0.9" /></append> 
<append xpath="/entitygroups/entitygroup[@name='AnimalsAll']" ><entity name="deer" prob="0.9" /></append> 
<append xpath="/entitygroups/entitygroup[@name='AnimalsAll']" ><entity name="Hare" prob="0.9" /></append> 
<append xpath="/entitygroups/entitygroup[@name='AnimalsAll']" ><entity name="Hen" prob="0.9" /></append> 
<append xpath="/entitygroups/entitygroup[@name='AnimalsAll']" ><entity name="pig" prob="0.9" /></append> 
<append xpath="/entitygroups/entitygroup[@name='AnimalsAll']" ><entity name="python" prob="0.9" /></append> 

<append xpath="/entitygroups/entitygroup/entity[@name='animalStag']" >prob="0.9"</append> 

<append xpath="/entitygroups/entitygroup/entity[@name='animalDoe']" >prob="0.9"</append> 

<append xpath="/entitygroups/entitygroup/entity[@name='animalChicken']" >prob="0.9"</append> 

<append xpath="/entitygroups/entitygroup/entity[@name='animalRabbit']" >prob="0.9"</append> 

<append xpath="/entitygroups/entitygroup/entity[@name='animalBoar']" >prob="0.03"</append>

<set xpath="/entitygroups/entitygroup/entity[@name 'animalZombieDog']" >prob="0.0001"</set> 

<set xpath="/entitygroups/entitygroup/entity[@name 'animalDireWolf']" >prob="0.00001"</set> 

<set xpath="/entitygroups/entitygroup/entity[@name 'animalMountainLion']" >prob="0.001"</set> 

<set xpath="/entitygroups/entitygroup/entity[@name 'animalWolf']" >prob="0.001"</set> 

<set xpath="/entitygroups/entitygroup/entity[@name 'animalSnake']" >prob="0.001"</set> 

<set xpath="/entitygroups/entitygroup/entity[@name 'animalBear']" >prob="0.001"</set> 

<set xpath="/entitygroups/entitygroup/entity[@name 'animalZombieBear']" >prob="0.0001"</set>

<set xpath="/entitygroups/entitygroup/entity[@name 'animalZombieVulture']" >prob="0.0001"</set> 

<set xpath="/entitygroups/entitygroup/entity[@name 'animalZombieVultureRadiated']" >prob="0.00001"</set> 

<set xpath="/entitygroups/entitygroup/entity[@name 'animalCoyote']" >prob="0.001"</set> 



</stallionsden>

