<configs>

<insertAfter xpath="/entity_classes/entity_class[@name='npcTraderTest']" >
<!-- Bandits -->
<!-- Melee Weapons -->
<entity_class name="Negan">
	<!-- This one decides for scoring -->
	<property name="EntityType" value="Player" />
	<!-- Mesh and class properties -->
	<property name="Mesh" value="Player/Male/player_maleRagdoll" />
	<property name="AvatarController" value="AvatarUMAController"/>
	<property name="LocalAvatarController" value="AvatarLocalPlayerController" />
	<property name="ModelType" value="NpcUMA" />
	<property name="HasRagdoll" value="true" />
	<property name="Prefab" value="NPC" />
	<property name="Class" value="EntityNPC" />
	<property name="Parent" value="Players" />
	<property name="PhysicsBody" value="Player" />
	<property name="IsEnemyEntity" value="true"/>
	<property name="Archetype" value="Negan"/>
	<property name="Faction" value="bandits"/>
	<!-- <property name="AIPackages" value="Human Basic, Human Melee"/> -->
	<!-- AI properties -->
	<property name="AITask-1" value="ApproachAndAttackTarget" param1="EntityZombie" />
	<property name="AITask-2" value="ApproachAndAttackTarget" param1="EntityPlayer" />
	<!-- <property name="AITask-3" value="ApproachAndAttackTarget" param1="EntitySurvivor" /> -->
	<property name="AITask-3" value="ApproachAndAttackTarget" param1="EntityZombieDog" />
	<property name="AITask-4" value="ApproachAndAttackTarget" param1="EntityZombieCop" />
	<property name="AITask-5" value="BreakBlock" />
	<property name="AITask-6" value="ApproachSpot" />
	<property name="AITask-7" value="Wander" />
	<property name="AITarget-1" value="SetAsTargetIfHurt" param1="EntityZombie" />
	<property name="AITarget-2" value="SetAsTargetIfHurt" param1="EntityPlayer" />
	<!-- <property name="AITarget-3" value="SetAsTargetIfHurt" param1="EntitySurvivor" /> -->
	<property name="AITarget-3" value="SetAsTargetIfHurt" param1="EntityZombieDog" />
	<property name="AITarget-4" value="SetAsTargetIfHurt" param1="EntityZombieCop" />
	<property name="AITarget-5" value="BlockingTargetTask" />
	<property name="AITarget-6" value="SetNearestEntityAsTarget" param1="EntityZombie" />
	<property name="AITarget-7" value="SetNearestEntityAsTarget" param1="EntityPlayer" />
	<property name="AITarget-8" value="SetNearestEntityAsTarget" param1="EntityZombieDog" />
	<property name="AITarget-9" value="SetNearestEntityAsTarget" param1="EntityZombieCop" />
	<!--property name="AITarget-5" value="SetNearestEntityAsTarget" param1="EntityAnimalStag" /-->
	<!-- General entity properties -->
	<property name="HandItem" value="meleeHandZombieHazMatFeral"/>
	<property name="MaxHealth" value="750" />
	<property name="MaxViewAngle" value="180" />
	<property name="Weight" value="200" />
	<property name="WanderSpeed" value="0.3" />
	<property name="ApproachSpeed" value="0.8" />
	<property name="NightWanderSpeed" value="0.5" />
	<property name="NightApproachSpeed" value="1" />
	<property name="PanicSpeed" value="1.25" />
	<property name="CanClimbLadders" value="true" />
	<property name="IsEnemyEntity" value="true" />
	<!-- This decides on the particle effect played on hit -->
	<property name="SurfaceCategory" value="organic" />
	<property name="WalkType" value="7" />
	<property name="ParticleOnDeath" value="blood_death" />
	<property name="SoundRandomTime" value="200.0" />
	<!-- It will play the roam every 60/30 seconds -->
	<property name="SoundRandom" value="malehateroam" />
	<property name="SoundAlert" value="malehatealert" />
	<property name="SoundSense" value="malehatesense" />
	<property name="SoundHurt" value="malehatepain" />
	<property name="SoundDeath" value="malehatedeath" />
	<property name="SoundAttack" value="malehateattack" />
	<property name="TimeStayAfterDeath" value="5" />
	<!-- in s -->
	<property name="LootDropProb" value="3"/> <!-- Feral -->
	<property name="LootDropEntityClass" value="BanditContainerLegendary"/>
	<property name="ExperienceGain" value="1500"/>
	<property name="DeadBodyHitPoints" value="20" />
	<property name="HasDeathAnim" value="true" />
	<effect_group name="Base Effects">
	<passive_effect name="HealthMax" operation="base_set" value="150"/>
	</effect_group>
</entity_class>
</insertAfter>
<insertAfter xpath="/entity_classes/entity_class[@name='Negan']" >
<entity_class name="banditMelee" extends="Negan">
<property name="Archetype" value="BanditMelee"/>
<property name="MaxHealth" value="250" />
<property name="MaxViewAngle" value="180" />
	<property name="Weight" value="80" />
	<property name="Immunity" value="sickness;disease;bleeding;wellness" />
	<property name="HandItem" value="meleeHandZombieHazMat"/>
	<property name="LootDropProb" value="1.5"/> <!-- Feral -->
	<property name="LootDropEntityClass" value="BanditContainerRegular"/>
	</entity_class>
</insertAfter>
	<insertAfter xpath="/entity_classes/entity_class[@name='banditMelee']" >
	<entity_class name="banditSledger" extends="Negan">
	<property name="Archetype" value="banditSledger"/>
	<property name="MaxHealth" value="300" />
<property name="Weight" value="90" />
	<property name="HandItem" value="meleeHandZombieWorker"/>
	<property name="LootDropProb" value="1.5"/> <!-- Feral -->
	<property name="LootDropEntityClass" value="BanditContainerRegular"/>
	</entity_class>
</insertAfter>
	<insertAfter xpath="/entity_classes/entity_class[@name='banditSledger']" >
<entity_class name="banditSlasher" extends="Negan">
	<property name="Archetype" value="banditSlasher"/>
	<property name="MaxHealth" value="300" />
<property name="Weight" value="90" />
	<property name="HandItem" value="meleeHandZombieWorkerFeral"/>
	<property name="LootDropProb" value="1.5"/> <!-- Feral -->
	<property name="LootDropEntityClass" value="BanditContainerRegular"/>
	</entity_class>
</insertAfter>
	<insertAfter xpath="/entity_classes/entity_class[@name='banditSlasher']" >
<entity_class name="banditClubber" extends="Negan">
	<property name="Archetype" value="banditClubber"/>
	<property name="MaxHealth" value="300" />
<property name="Weight" value="90" />
	<property name="HandItem" value="meleeHandZombieFootballPlayer"/>
	<property name="LootDropProb" value="1.5"/> <!-- Feral -->
	<property name="LootDropEntityClass" value="BanditContainerRegular"/>
	</entity_class>	
</insertAfter>
<insertAfter xpath="/entity_classes/entity_class[@name='banditClubber']" >	
<entity_class name="banditBullseye" extends="Negan">
<property name="Faction" value="bandits"/>
	<property name="AIPackages" value="Human Basic, Human Melee"/>
<property name="Archetype" value="banditBullseye"/>
<property name="MaxHealth" value="300" />
<property name="Weight" value="90" />
	<property name="HandItem" value="meleeHandZombieFootballPlayerFeral"/>
	<!-- AI properties -->
	<property name="AITask-1" value="RangedAttackTarget2" param1="0" param2="20"/>	
	<property name="AITask-2" value="ApproachAndAttackTarget" param1="EntityZombie" />
	<property name="AITask-3" value="ApproachAndAttackTarget" param1="EntityPlayer" />
	<!-- <property name="AITask-4" value="ApproachAndAttackTarget" param1="EntitySurvivor" /> -->
	<property name="AITask-4" value="ApproachAndAttackTarget" param1="EntityZombieDog" />
	<property name="AITask-5" value="ApproachAndAttackTarget" param1="EntityZombieCop" />
	<property name="AITask-6" value="BreakBlock" />
	<property name="AITask-7" value="ApproachSpot" />
	<property name="AITask-8" value="Wander" />
	<property name="AITarget-1" value="SetAsTargetIfHurt" param1="EntityZombie" />
	<property name="AITarget-2" value="SetAsTargetIfHurt" param1="EntityPlayer" />
<!--	<property name="AITarget-3" value="SetAsTargetIfHurt" param1="EntitySurvivor" /> -->
	<property name="AITarget-3" value="SetAsTargetIfHurt" param1="EntityZombieDog" />
	<property name="AITarget-4" value="SetAsTargetIfHurt" param1="EntityZombieCop" />
	<property name="AITarget-5" value="BlockingTargetTask" />
	<property name="AITarget-6" value="SetNearestEntityAsTarget" param1="EntityZombie" />
	<property name="AITarget-7" value="SetNearestEntityAsTarget" param1="EntityPlayer" />
	<property name="AITarget-8" value="SetNearestEntityAsTarget" param1="EntityZombieDog" />
	<property name="AITarget-9" value="SetNearestEntityAsTarget" param1="EntityZombieCop" />
	<property name="LootDropProb" value="2.5"/> <!-- Feral -->
	<property name="LootDropEntityClass" value="BanditContainerStrong"/>
</entity_class>
</insertAfter>
<insertAfter xpath="/entity_classes/entity_class[@name='banditBullseye']" >
<entity_class name="banditDeadAim" extends="Negan">
	<property name="Archetype" value="banditDeadAim"/>
	<property name="Faction" value="bandits"/>
	<property name="AIPackages" value="Human Basic, Human Melee"/>
	<property name="MaxHealth" value="300" />
<property name="Weight" value="90" />
	<property name="HandItem" value="meleeHandZombieStripper"/>
	<!-- AI properties -->
	<property name="AITask-1" value="RangedAttackTarget2" param1="0" param2="20"/>	
	<property name="AITask-2" value="ApproachAndAttackTarget" param1="EntityZombie" />
	<property name="AITask-3" value="ApproachAndAttackTarget" param1="EntityPlayer" />
<!--	<property name="AITask-4" value="ApproachAndAttackTarget" param1="EntitySurvivor" /> -->
	<property name="AITask-4" value="ApproachAndAttackTarget" param1="EntityZombieDog" />
	<property name="AITask-5" value="ApproachAndAttackTarget" param1="EntityZombieCop" />
	<property name="AITask-6" value="BreakBlock" />
	<property name="AITask-7" value="ApproachSpot" />
	<property name="AITask-7" value="Wander" />
	<property name="AITarget-1" value="SetAsTargetIfHurt" param1="EntityZombie" />
	<property name="AITarget-2" value="SetAsTargetIfHurt" param1="EntityPlayer" />
	<!-- <property name="AITarget-3" value="SetAsTargetIfHurt" param1="EntitySurvivor" /> -->
	<property name="AITarget-3" value="SetAsTargetIfHurt" param1="EntityZombieDog" />
	<property name="AITarget-4" value="SetAsTargetIfHurt" param1="EntityZombieCop" />
	<property name="AITarget-5" value="BlockingTargetTask" />
	<property name="AITarget-6" value="SetNearestEntityAsTarget" param1="EntityZombie" />
	<property name="AITarget-7" value="SetNearestEntityAsTarget" param1="EntityPlayer" />
	<property name="AITarget-8" value="SetNearestEntityAsTarget" param1="EntityZombieDog" />
	<property name="LootDropProb" value="2.5"/> <!-- Feral -->
	<property name="LootDropEntityClass" value="BanditContainerStrong"/>
</entity_class>
</insertAfter>
<insertAfter xpath="/entity_classes/entity_class[@name='banditDeadAim']" >
<entity_class name="banditDeadAim1" extends="Negan">
	<property name="Archetype" value="banditDeadAim1"/>
	<property name="Faction" value="bandits"/>
	<property name="AIPackages" value="Human Basic, Human Melee"/>
	<property name="MaxHealth" value="300" />
<property name="Weight" value="90" />
	<property name="HandItem" value="meleeHandZombieStripperFeral"/>
	<!-- AI properties -->
	<property name="AITask-1" value="RangedAttackTarget2" param1="0" param2="20"/>	
	<property name="AITask-2" value="ApproachAndAttackTarget" param1="EntityZombie" />
	<property name="AITask-3" value="ApproachAndAttackTarget" param1="EntityPlayer" />
	<!-- <property name="AITask-4" value="ApproachAndAttackTarget" param1="EntitySurvivor" />-->
	<property name="AITask-4" value="ApproachAndAttackTarget" param1="EntityZombieDog" />
	<property name="AITask-5" value="ApproachAndAttackTarget" param1="EntityZombieCop" />
	<property name="AITask-6" value="BreakBlock" />
	<property name="AITask-7" value="ApproachSpot" />
	<property name="AITask-8" value="Wander" />
	<property name="AITarget-1" value="SetAsTargetIfHurt" param1="EntityZombie" />
	<property name="AITarget-2" value="SetAsTargetIfHurt" param1="EntityPlayer" />
	<!-- <property name="AITarget-3" value="SetAsTargetIfHurt" param1="EntitySurvivor" /> -->
	<property name="AITarget-3" value="SetAsTargetIfHurt" param1="EntityZombieDog" />
	<property name="AITarget-4" value="SetAsTargetIfHurt" param1="EntityZombieCop" />
	<property name="AITarget-5" value="BlockingTargetTask" />
	<property name="AITarget-6" value="SetNearestEntityAsTarget" param1="EntityZombie" />
	<property name="AITarget-7" value="SetNearestEntityAsTarget" param1="EntityPlayer" />
	<property name="AITarget-8" value="SetNearestEntityAsTarget" param1="EntityZombieDog" />
	<property name="LootDropProb" value="2.5"/> <!-- Feral -->
	<property name="LootDropEntityClass" value="BanditContainerStrong"/>
</entity_class>
</insertAfter>
<insertAfter xpath="/entity_classes/entity_class[@name='banditDeadAim1']" >
<entity_class name="banditDeadAim2" extends="Negan">
<property name="Archetype" value="banditDeadAim2"/>
<property name="MaxHealth" value="300" />
<property name="Weight" value="90" />
<property name="Faction" value="bandits"/>
	<property name="AIPackages" value="Human Basic, Human Melee"/>
	<property name="HandItem" value="meleeHandZombieBehemoth"/>
	<!-- AI properties -->
	<property name="AITask-1" value="RangedAttackTarget2" param1="0" param2="20"/>	
	<property name="AITask-2" value="ApproachAndAttackTarget" param1="EntityZombie" />
	<property name="AITask-3" value="ApproachAndAttackTarget" param1="EntityPlayer" />
	<!-- <property name="AITask-4" value="ApproachAndAttackTarget" param1="EntitySurvivor" /> -->
	<property name="AITask-4" value="ApproachAndAttackTarget" param1="EntityZombieDog" />
	<property name="AITask-5" value="ApproachAndAttackTarget" param1="EntityZombieCop" />
	<property name="AITask-6" value="BreakBlock" />
	<property name="AITask-7" value="ApproachSpot" />
	<property name="AITask-8" value="Wander" />
	<property name="AITarget-1" value="SetAsTargetIfHurt" param1="EntityZombie" />
	<property name="AITarget-2" value="SetAsTargetIfHurt" param1="EntityPlayer" />
	<!-- <property name="AITarget-3" value="SetAsTargetIfHurt" param1="EntitySurvivor" />-->
	<property name="AITarget-3" value="SetAsTargetIfHurt" param1="EntityZombieDog" />
	<property name="AITarget-4" value="SetAsTargetIfHurt" param1="EntityZombieCop" />
	<property name="AITarget-5" value="BlockingTargetTask" />
	<property name="AITarget-6" value="SetNearestEntityAsTarget" param1="EntityZombie" />
	<property name="AITarget-7" value="SetNearestEntityAsTarget" param1="EntityPlayer" />
	<property name="AITarget-8" value="SetNearestEntityAsTarget" param1="EntityZombieDog" />
    <property name="LootDropProb" value="2.5"/> <!-- Feral -->
	<property name="LootDropEntityClass" value="BanditContainerStrong"/>
</entity_class>
</insertAfter>
<insertAfter xpath="/entity_classes/entity_class[@name='banditDeadAim2']" >
<entity_class name="banditLeader" extends="Negan">
<property name="Faction" value="bandits"/>
	<property name="AIPackages" value="Human Basic, Human Melee"/>
	<property name="Archetype" value="BanditLeader"/>
	<property name="MaxHealth" value="300" />
<property name="Weight" value="90" />
	<property name="HandItem" value="meleeHandAnimalZombieVulture"/>
	<!-- in s -->
	<property name="AttackTimeoutDay" value="0.5" />
	<property name="AttackTimeoutNight" value="0.5" />
	<!-- AI properties -->
	<property name="AITask-1" value="RangedAttackTarget2" param1="0" param2="20"/>	
	<property name="AITask-2" value="ApproachAndAttackTarget" param1="EntityZombie" />
	<property name="AITask-3" value="ApproachAndAttackTarget" param1="EntityPlayer" />
	<!-- <property name="AITask-4" value="ApproachAndAttackTarget" param1="EntitySurvivor" /> -->
	<property name="AITask-4" value="ApproachAndAttackTarget" param1="EntityZombieDog" />
	<property name="AITask-5" value="ApproachAndAttackTarget" param1="EntityZombieCop" />
	<property name="AITask-6" value="BreakBlock" />
	<property name="AITask-7" value="ApproachSpot" />
	<property name="AITask-8" value="Wander" />
	<property name="AITarget-1" value="SetAsTargetIfHurt" param1="EntityZombie" />
	<property name="AITarget-2" value="SetAsTargetIfHurt" param1="EntityPlayer" />
	<!-- <property name="AITarget-3" value="SetAsTargetIfHurt" param1="EntitySurvivor" /> -->
	<property name="AITarget-4" value="SetAsTargetIfHurt" param1="EntityZombieDog" />
	<property name="AITarget-5" value="SetAsTargetIfHurt" param1="EntityZombieCop" />
	<property name="AITarget-6" value="BlockingTargetTask" />
	<property name="AITarget-7" value="SetNearestEntityAsTarget" param1="EntityZombie" />
	<property name="AITarget-8" value="SetNearestEntityAsTarget" param1="EntityPlayer" />
	<property name="AITarget-9" value="SetNearestEntityAsTarget" param1="EntityZombieDog" />
	<property name="LootDropProb" value="2.5"/> <!-- Feral -->
	<property name="LootDropEntityClass" value="BanditContainerBoss"/>
	</entity_class>
	</insertAfter>
	<insertAfter xpath="/entity_classes/entity_class[@name='banditLeader']" >
	<entity_class name="banditMusketeer" extends="Negan">
	<property name="Faction" value="bandits"/>
	<property name="AIPackages" value="Human Basic, Human Melee"/>
	<property name="Archetype" value="banditMusketeer"/>
	<property name="MaxHealth" value="300" />
<property name="Weight" value="90" />
	<property name="HandItem" value="meleeHandAnimalSnake"/>
	<!-- AI properties -->
	<property name="AITask-1" value="RangedAttackTarget2" param1="0" param2="20"/>	
	<property name="AITask-2" value="ApproachAndAttackTarget" param1="EntityZombie" />
	<property name="AITask-3" value="ApproachAndAttackTarget" param1="EntityPlayer" />
	<!-- <property name="AITask-4" value="ApproachAndAttackTarget" param1="EntitySurvivor" /> -->
	<property name="AITask-4" value="ApproachAndAttackTarget" param1="EntityZombieDog" />
	<property name="AITask-5" value="ApproachAndAttackTarget" param1="EntityZombieCop" />
	<property name="AITask-6" value="BreakBlock" />
	<property name="AITask-7" value="ApproachSpot" />
	<property name="AITask-8" value="Wander" />
	<property name="AITarget-1" value="SetAsTargetIfHurt" param1="EntityZombie" />
	<property name="AITarget-2" value="SetAsTargetIfHurt" param1="EntityPlayer" />
	<!--<property name="AITarget-3" value="SetAsTargetIfHurt" param1="EntitySurvivor" /> -->
	<property name="AITarget-3" value="SetAsTargetIfHurt" param1="EntityZombieDog" />
	<property name="AITarget-4" value="SetAsTargetIfHurt" param1="EntityZombieCop" />
	<property name="AITarget-5" value="BlockingTargetTask" />
	<property name="AITarget-6" value="SetNearestEntityAsTarget" param1="EntityZombie" />
	<property name="AITarget-7" value="SetNearestEntityAsTarget" param1="EntityPlayer" />
	<property name="AITarget-8" value="SetNearestEntityAsTarget" param1="EntityZombieDog" />
	<property name="LootDropProb" value="2"/> <!-- Feral -->
	<property name="LootDropEntityClass" value="BanditContainerStrong"/>
	</entity_class>
</insertAfter>
	<insertAfter xpath="/entity_classes/entity_class[@name='banditMusketeer']" >
<entity_class name="banditFixer" extends="Negan">
	<property name="Archetype" value="banditFixer"/>
	<property name="MaxHealth" value="300" />
<property name="Weight" value="90" />
<property name="Faction" value="bandits"/>
	<property name="AIPackages" value="Human Basic, Human Melee"/>
	<!-- AI properties -->
	<property name="AITask-1" value="RangedAttackTarget2" param1="0" param2="20"/>	
	<property name="AITask-2" value="ApproachAndAttackTarget" param1="EntityZombie" />
	<property name="AITask-3" value="ApproachAndAttackTarget" param1="EntityPlayer" />
	<!-- <property name="AITask-4" value="ApproachAndAttackTarget" param1="EntitySurvivor" /> -->
	<property name="AITask-4" value="ApproachAndAttackTarget" param1="EntityZombieDog" />
	<property name="AITask-5" value="ApproachAndAttackTarget" param1="EntityZombieCop" />
	<property name="AITask-6" value="BreakBlock" />
	<property name="AITask-7" value="ApproachSpot" />
	<property name="AITask-8" value="Wander" />
	<property name="AITarget-1" value="SetAsTargetIfHurt" param1="EntityZombie" />
	<property name="AITarget-2" value="SetAsTargetIfHurt" param1="EntityPlayer" />
	<!-- <property name="AITarget-3" value="SetAsTargetIfHurt" param1="EntitySurvivor" /> -->
	<property name="AITarget-3" value="SetAsTargetIfHurt" param1="EntityZombieDog" />
	<property name="AITarget-4" value="SetAsTargetIfHurt" param1="EntityZombieCop" />
	<property name="AITarget-5" value="BlockingTargetTask" />
	<property name="AITarget-6" value="SetNearestEntityAsTarget" param1="EntityZombie" />
	<property name="AITarget-7" value="SetNearestEntityAsTarget" param1="EntityPlayer" />
	<property name="AITarget-8" value="SetNearestEntityAsTarget" param1="EntityZombieDog" />
	<property name="HandItem" value="meleeHandPlayer"/>
	<property name="LootDropProb" value="1.5"/> <!-- Feral -->
	<property name="LootDropEntityClass" value="BanditContainerRegular"/>
	</entity_class>
</insertAfter>
	<insertAfter xpath="/entity_classes/entity_class[@name='banditFixer']" >
<entity_class name="banditRanged" extends="Negan">
<property name="Faction" value="bandits"/>
	<property name="AIPackages" value="Human Basic, Human Melee"/>
	<property name="Archetype" value="BanditRanged"/>
	<property name="MaxHealth" value="300" />
<property name="Weight" value="90" />
	<!-- AI properties -->
	<property name="AITask-1" value="RangedAttackTarget2" param1="0" param2="20"/>	
	<property name="AITask-2" value="ApproachAndAttackTarget" param1="EntityZombie" />
	<property name="AITask-3" value="ApproachAndAttackTarget" param1="EntityPlayer" />
	<!-- <property name="AITask-4" value="ApproachAndAttackTarget" param1="EntitySurvivor" /> -->
	<property name="AITask-4" value="ApproachAndAttackTarget" param1="EntityZombieDog" />
	<property name="AITask-5" value="ApproachAndAttackTarget" param1="EntityZombieCop" />
	<property name="AITask-6" value="BreakBlock" />
	<property name="AITask-7" value="ApproachSpot" />
	<property name="AITask-8" value="Wander" />
	<property name="AITarget-1" value="SetAsTargetIfHurt" param1="EntityZombie" />
	<property name="AITarget-2" value="SetAsTargetIfHurt" param1="EntityPlayer" />
	<!-- <property name="AITarget-3" value="SetAsTargetIfHurt" param1="EntitySurvivor" /> -->
	<property name="AITarget-3" value="SetAsTargetIfHurt" param1="EntityZombieDog" />
	<property name="AITarget-4" value="SetAsTargetIfHurt" param1="EntityZombieCop" />
	<property name="AITarget-5" value="BlockingTargetTask" />
	<property name="AITarget-6" value="SetNearestEntityAsTarget" param1="EntityZombie" />
	<property name="AITarget-7" value="SetNearestEntityAsTarget" param1="EntityPlayer" />
	<property name="AITarget-8" value="SetNearestEntityAsTarget" param1="EntityZombieDog" />
	<property name="HandItem" value="meleeHandZombieFeral"/>
    <property name="LootDropProb" value="2"/> <!-- Feral -->
	<property name="LootDropEntityClass" value="BanditContainerStrong"/>
	</entity_class>
</insertAfter>
	<insertAfter xpath="/entity_classes/entity_class[@name='banditRanged']" >
<entity_class name="banditdestroyer" extends="Negan">
<property name="Faction" value="bandits"/>
	<property name="AIPackages" value="Human Basic, Human Melee"/>
	<property name="Archetype" value="banditdestroyer"/>
	<property name="MaxHealth" value="300" />
<property name="Weight" value="90" />
	<!-- AI properties -->
	<property name="AITask-1" value="RangedAttackTarget2" param1="0" param2="20"/>	
	<property name="AITask-2" value="ApproachAndAttackTarget" param1="EntityZombie" />
	<property name="AITask-3" value="ApproachAndAttackTarget" param1="EntityPlayer" />
	<!-- <property name="AITask-4" value="ApproachAndAttackTarget" param1="EntitySurvivor" /> -->
	<property name="AITask-4" value="ApproachAndAttackTarget" param1="EntityZombieDog" />
	<property name="AITask-5" value="ApproachAndAttackTarget" param1="EntityZombieCop" />
	<property name="AITask-6" value="BreakBlock" />
	<property name="AITask-7" value="ApproachSpot" />
	<property name="AITask-8" value="Wander" />
	<property name="AITarget-1" value="SetAsTargetIfHurt" param1="EntityZombie" />
	<property name="AITarget-2" value="SetAsTargetIfHurt" param1="EntityPlayer" />
	<!-- <property name="AITarget-3" value="SetAsTargetIfHurt" param1="EntitySurvivor" /> -->
	<property name="AITarget-3" value="SetAsTargetIfHurt" param1="EntityZombieDog" />
	<property name="AITarget-4" value="SetAsTargetIfHurt" param1="EntityZombieCop" />
	<property name="AITarget-5" value="BlockingTargetTask" />
	<property name="AITarget-6" value="SetNearestEntityAsTarget" param1="EntityZombie" />
	<property name="AITarget-7" value="SetNearestEntityAsTarget" param1="EntityPlayer" />
	<property name="AITarget-8" value="SetNearestEntityAsTarget" param1="EntityZombieDog" />
	<property name="HandItem" value="meleeHandZombie02"/>
	 <property name="LootDropProb" value="2"/> <!-- Feral -->
	<property name="LootDropEntityClass" value="BanditContainerStrong"/>
</entity_class>
</insertAfter>
<insertAfter xpath="/entity_classes/entity_class[@name='banditdestroyer']" >
<entity_class name="banditSniper" extends="Negan">
	<property name="Archetype" value="banditSniper"/>
	<property name="Faction" value="bandits"/>
	<property name="AIPackages" value="Human Basic, Human Melee"/>
	<property name="MaxHealth" value="300" />
<property name="Weight" value="90" />
	<!-- AI properties -->
	<property name="AITask-1" value="RangedAttackTarget2" param1="0" param2="20"/>	
	<property name="AITask-2" value="ApproachAndAttackTarget" param1="EntityZombie" />
	<property name="AITask-3" value="ApproachAndAttackTarget" param1="EntityPlayer" />
	<!-- <property name="AITask-4" value="ApproachAndAttackTarget" param1="EntitySurvivor" /> -->
	<property name="AITask-4" value="ApproachAndAttackTarget" param1="EntityZombieDog" />
	<property name="AITask-5" value="ApproachAndAttackTarget" param1="EntityZombieCop" />
	<property name="AITask-6" value="BreakBlock" />
	<property name="AITask-7" value="ApproachSpot" />
	<property name="AITask-8" value="Wander" />
	<property name="AITarget-1" value="SetAsTargetIfHurt" param1="EntityZombie" />
	<property name="AITarget-2" value="SetAsTargetIfHurt" param1="EntityPlayer" />
	<!-- <property name="AITarget-3" value="SetAsTargetIfHurt" param1="EntitySurvivor" /> -->
	<property name="AITarget-3" value="SetAsTargetIfHurt" param1="EntityZombieDog" />
	<property name="AITarget-4" value="SetAsTargetIfHurt" param1="EntityZombieCop" />
	<property name="AITarget-5" value="BlockingTargetTask" />
	<property name="AITarget-6" value="SetNearestEntityAsTarget" param1="EntityZombie" />
	<property name="AITarget-7" value="SetNearestEntityAsTarget" param1="EntityPlayer" />
	<property name="AITarget-8" value="SetNearestEntityAsTarget" param1="EntityZombieDog" />
	<property name="HandItem" value="meleeHandZombie02Feral"/>
	<property name="LootDropProb" value="2.5"/> <!-- Feral -->
	<property name="LootDropEntityClass" value="BanditContainerStrong"/>
</entity_class>
</insertAfter>
<insertAfter xpath="/entity_classes/entity_class[@name='banditSniper']" >
<entity_class name="banditMassachist" extends="Negan">
	<property name="Archetype" value="banditMassachist"/>
	<property name="Faction" value="bandits"/>
	<property name="AIPackages" value="Human Basic, Human Melee"/>
	<property name="MaxHealth" value="300" />
<property name="Weight" value="90" />
	<!-- AI properties -->
	<property name="AITask-1" value="RangedAttackTarget2" param1="0" param2="20"/>	
	<property name="AITask-2" value="ApproachAndAttackTarget" param1="EntityZombie" />
	<property name="AITask-3" value="ApproachAndAttackTarget" param1="EntityPlayer" />
	<!-- <property name="AITask-4" value="ApproachAndAttackTarget" param1="EntitySurvivor" /> -->
	<property name="AITask-4" value="ApproachAndAttackTarget" param1="EntityZombieDog" />
	<property name="AITask-5" value="ApproachAndAttackTarget" param1="EntityZombieCop" />
	<property name="AITask-6" value="BreakBlock" />
	<property name="AITask-7" value="ApproachSpot" />
	<property name="AITask-8" value="Wander" />
	<property name="AITarget-1" value="SetAsTargetIfHurt" param1="EntityZombie" />
	<property name="AITarget-2" value="SetAsTargetIfHurt" param1="EntityPlayer" />
	<!-- <property name="AITarget-3" value="SetAsTargetIfHurt" param1="EntitySurvivor" /> -->
	<property name="AITarget-3" value="SetAsTargetIfHurt" param1="EntityZombieDog" />
	<property name="AITarget-4" value="SetAsTargetIfHurt" param1="EntityZombieCop" />
	<property name="AITarget-5" value="BlockingTargetTask" />
	<property name="AITarget-6" value="SetNearestEntityAsTarget" param1="EntityZombie" />
	<property name="AITarget-7" value="SetNearestEntityAsTarget" param1="EntityPlayer" />
	<property name="AITarget-8" value="SetNearestEntityAsTarget" param1="EntityZombieDog" />
	<property name="HandItem" value="meleeHandZombieBurningFeral"/>
	<property name="LootDropProb" value="2"/> <!-- Feral -->
	<property name="LootDropEntityClass" value="BanditContainerStrong"/>
	</entity_class>
	</insertAfter>
	<insertAfter xpath="/entity_classes/entity_class[@name='banditMassachist']" >
	<entity_class name="banditDestructor" extends="Negan">
	<property name="Archetype" value="banditDestructor"/>
	<property name="Faction" value="bandits"/>
	<property name="AIPackages" value="Human Basic, Human Melee"/>
	<property name="WalkType" value="1" />
	<property name="MaxHealth" value="1000" />
	<property name="MaxViewAngle" value="180" />
	<property name="Weight" value="180" />
	<property name="Immunity" value="sickness;disease;bleeding;wellness" />
	<property name="WanderSpeed" value="1" />
	<property name="ApproachSpeed" value="2" />
	<property name="NightWanderSpeed" value="1.5" />
	<property name="NightApproachSpeed" value="2" />
	<property name="PanicSpeed" value="3" />
	<property name="HandItem" value="meleeHandZombieCop"/>
	<!-- AI properties -->
	<property name="AITask-1" value="RangedAttackTarget2" param1="0" param2="20"/>	
	<property name="AITask-2" value="ApproachAndAttackTarget" param1="EntityZombie" />
	<property name="AITask-3" value="ApproachAndAttackTarget" param1="EntityPlayer" />
	<!-- <property name="AITask-4" value="ApproachAndAttackTarget" param1="EntitySurvivor" /> -->
	<property name="AITask-4" value="ApproachAndAttackTarget" param1="EntityZombieDog" />
	<property name="AITask-5" value="ApproachAndAttackTarget" param1="EntityZombieCop" />
	<property name="AITask-6" value="BreakBlock" />
	<property name="AITask-7" value="ApproachSpot" />
	<property name="AITask-8" value="Wander" />
	<property name="AITarget-1" value="SetAsTargetIfHurt" param1="EntityZombie" />
	<property name="AITarget-2" value="SetAsTargetIfHurt" param1="EntityPlayer" />
	<!-- <property name="AITarget-3" value="SetAsTargetIfHurt" param1="EntitySurvivor" /> -->
	<property name="AITarget-3" value="SetAsTargetIfHurt" param1="EntityZombieDog" />
	<property name="AITarget-4" value="SetAsTargetIfHurt" param1="EntityZombieCop" />
	<property name="AITarget-5" value="BlockingTargetTask" />
	<property name="AITarget-6" value="SetNearestEntityAsTarget" param1="EntityZombie" />
	<property name="AITarget-7" value="SetNearestEntityAsTarget" param1="EntityPlayer" />
	<property name="AITarget-8" value="SetNearestEntityAsTarget" param1="EntityZombieDog" />
	<!--<property name="AITask-3" value="ApproachAndAttackTarget" param1="EntityPlayer" />
	<property name="AITask-4" value="ApproachSpot" />
	<property name="AITask-5" value="Wander" />
	<property name="AITarget-1" value="SetAsTargetIfHurt" param1="EntityPlayer" />
	<property name="AITarget-2" value="BlockingTargetTask" />
	<property name="AITarget-3" value="SetNearestEntityAsTarget" param1="EntityPlayer" />-->
	<property name="LootDropProb" value="2"/> <!-- Feral -->
	<property name="LootDropEntityClass" value="BanditContainerStrong"/>
	<property name="Explosion.ParticleIndex" value="8" />
	<property name="Explosion.RadiusBlocks" value="15" />
	<property name="Explosion.RadiusEntities" value="60" />
	<property name="Explosion.BlockDamage" value="1000" />
	<property name="Explosion.EntityDamage" value="250" />
	<property name="Explosion.DamageBonus.earth" value="100" />
	<property name="ExperienceGain" value="10000"/>
	<property name="HeadDismemberBonusChance" value="50"/>
	<property name="HeadDismemberThreshold" value="25"/> <!-- if the total damage exceeds that value, there is a chance for dismemberment /> -->
	<property name="LowerLegDismemberThreshold" value="0"/>
	<property name="UpperLegDismemberThreshold" value="0"/>
	<property name="LowerArmDismemberThreshold" value="0"/>
	<property name="UpperArmDismemberThreshold" value="0"/>
	<property name="LegCrawlerThreshold" value="0"/>
	<property name="LegCrippleThreshold" value="0"/>
	<property name="KnockdownProneDamageThreshold" value="20"/>
	<property name="KnockdownKneelDamageThreshold" value="20"/>
</entity_class>
</insertAfter>
<insertAfter xpath="/entity_classes/entity_class[@name='banditDestructor']" >
<entity_class name="banditCop" extends="Negan">
	<property name="Archetype" value="banditCop"/>
	<property name="MaxHealth" value="300" />
<property name="Weight" value="90" />
<property name="Faction" value="bandits"/>
	<property name="AIPackages" value="Human Basic, Human Melee"/>
	<!-- AI properties -->
	<property name="AITask-1" value="RangedAttackTarget2" param1="0" param2="20"/>	
	<property name="AITask-2" value="ApproachAndAttackTarget" param1="EntityZombie" />
	<property name="AITask-3" value="ApproachAndAttackTarget" param1="EntityPlayer" />
	<!-- <property name="AITask-4" value="ApproachAndAttackTarget" param1="EntitySurvivor" /> -->
	<property name="AITask-4" value="ApproachAndAttackTarget" param1="EntityZombieDog" />
	<property name="AITask-5" value="ApproachAndAttackTarget" param1="EntityZombieCop" />
	<property name="AITask-6" value="BreakBlock" />
	<property name="AITask-7" value="ApproachSpot" />
	<property name="AITask-8" value="Wander" />
	<property name="AITarget-1" value="SetAsTargetIfHurt" param1="EntityZombie" />
	<property name="AITarget-2" value="SetAsTargetIfHurt" param1="EntityPlayer" />
	<!-- <property name="AITarget-3" value="SetAsTargetIfHurt" param1="EntitySurvivor" /> -->
	<property name="AITarget-3" value="SetAsTargetIfHurt" param1="EntityZombieDog" />
	<property name="AITarget-4" value="SetAsTargetIfHurt" param1="EntityZombieCop" />
	<property name="AITarget-5" value="BlockingTargetTask" />
	<property name="AITarget-6" value="SetNearestEntityAsTarget" param1="EntityZombie" />
	<property name="AITarget-7" value="SetNearestEntityAsTarget" param1="EntityPlayer" />
	<property name="AITarget-8" value="SetNearestEntityAsTarget" param1="EntityZombieDog" />
	<property name="HandItem" value="meleeHandZombieCopFeral"/>
	<property name="LootDropProb" value="2.5"/> <!-- Feral -->
	<property name="LootDropEntityClass" value="BanditContainerBoss"/>
</entity_class>
</insertAfter>
<insertAfter xpath="/entity_classes/entity_class[@name='banditCop']" >
<entity_class name="banditHeadshot" extends="Negan">
	<property name="Archetype" value="banditHeadshot"/>
	<property name="MaxHealth" value="300" />
<property name="Weight" value="90" />
<property name="Faction" value="bandits"/>
	<property name="AIPackages" value="Human Basic, Human Melee"/>
	<!-- AI properties -->
	<property name="AITask-1" value="RangedAttackTarget2" param1="0" param2="20"/>	
	<property name="AITask-2" value="ApproachAndAttackTarget" param1="EntityZombie" />
	<property name="AITask-3" value="ApproachAndAttackTarget" param1="EntityPlayer" />
	<!-- <property name="AITask-4" value="ApproachAndAttackTarget" param1="EntitySurvivor" /> -->
	<property name="AITask-4" value="ApproachAndAttackTarget" param1="EntityZombieDog" />
	<property name="AITask-5" value="ApproachAndAttackTarget" param1="EntityZombieCop" />
	<property name="AITask-6" value="BreakBlock" />
	<property name="AITask-7" value="ApproachSpot" />
	<property name="AITask-8" value="Wander" />
	<property name="AITarget-1" value="SetAsTargetIfHurt" param1="EntityZombie" />
	<property name="AITarget-2" value="SetAsTargetIfHurt" param1="EntityPlayer" />
	<!-- <property name="AITarget-3" value="SetAsTargetIfHurt" param1="EntitySurvivor" /> -->
	<property name="AITarget-3" value="SetAsTargetIfHurt" param1="EntityZombieDog" />
	<property name="AITarget-4" value="SetAsTargetIfHurt" param1="EntityZombieCop" />
	<property name="AITarget-5" value="BlockingTargetTask" />
	<property name="AITarget-6" value="SetNearestEntityAsTarget" param1="EntityZombie" />
	<property name="AITarget-7" value="SetNearestEntityAsTarget" param1="EntityPlayer" />
	<property name="AITarget-8" value="SetNearestEntityAsTarget" param1="EntityZombieDog" />
	<property name="HandItem" value="meleeHandZombieCopRadiated"/>
	<property name="LootDropProb" value="2"/> <!-- Feral -->
	<property name="LootDropEntityClass" value="BanditContainerStrong"/>
</entity_class>
</insertAfter>
<insertAfter xpath="/entity_classes/entity_class[@name='banditHeadshot']" >
<entity_class name="banditBeserker" extends="Negan">
	<property name="Archetype" value="banditBeserker"/>
	<property name="MaxHealth" value="300" />
<property name="Weight" value="90" />
<property name="Faction" value="bandits"/>
	<property name="AIPackages" value="Human Basic, Human Melee"/>
	<!-- AI properties -->
	<property name="AITask-1" value="RangedAttackTarget2" param1="0" param2="20"/>	
	<property name="AITask-2" value="ApproachAndAttackTarget" param1="EntityZombie" />
	<property name="AITask-3" value="ApproachAndAttackTarget" param1="EntityPlayer" />
	<!-- <property name="AITask-4" value="ApproachAndAttackTarget" param1="EntitySurvivor" /> -->
	<property name="AITask-4" value="ApproachAndAttackTarget" param1="EntityZombieDog" />
	<property name="AITask-5" value="ApproachAndAttackTarget" param1="EntityZombieCop" />
	<property name="AITask-6" value="BreakBlock" />
	<property name="AITask-7" value="ApproachSpot" />
	<property name="AITask-8" value="Wander" />
	<property name="AITarget-1" value="SetAsTargetIfHurt" param1="EntityZombie" />
	<property name="AITarget-2" value="SetAsTargetIfHurt" param1="EntityPlayer" />
	<!-- <property name="AITarget-3" value="SetAsTargetIfHurt" param1="EntitySurvivor" /> -->
	<property name="AITarget-3" value="SetAsTargetIfHurt" param1="EntityZombieDog" />
	<property name="AITarget-4" value="SetAsTargetIfHurt" param1="EntityZombieCop" />
	<property name="AITarget-5" value="BlockingTargetTask" />
	<property name="AITarget-6" value="SetNearestEntityAsTarget" param1="EntityZombie" />
	<property name="AITarget-7" value="SetNearestEntityAsTarget" param1="EntityPlayer" />
	<property name="AITarget-8" value="SetNearestEntityAsTarget" param1="EntityZombieDog" />
	<property name="HandItem" value="meleeHandZombieStrong"/>
	<property name="LootDropProb" value="2"/> <!-- Feral -->
	<property name="LootDropEntityClass" value="BanditContainerStrong"/>
</entity_class>
</insertAfter>
<insertAfter xpath="/entity_classes/entity_class[@name='banditBeserker']" >
<entity_class name="banditFighter" extends="Negan">
<property name="Archetype" value="banditFighter"/>
<property name="MaxHealth" value="300" />
<property name="Weight" value="90" />
<property name="Faction" value="bandits"/>
	<property name="AIPackages" value="Human Basic, Human Melee"/>
<property name="AITask-1" value="RangedAttackTarget2" param1="0" param2="20"/>	
	<property name="AITask-2" value="ApproachAndAttackTarget" param1="EntityZombie" />
	<property name="AITask-3" value="ApproachAndAttackTarget" param1="EntityPlayer" />
	<!-- <property name="AITask-4" value="ApproachAndAttackTarget" param1="EntitySurvivor" /> -->
	<property name="AITask-4" value="ApproachAndAttackTarget" param1="EntityZombieDog" />
	<property name="AITask-5" value="ApproachAndAttackTarget" param1="EntityZombieCop" />
	<property name="AITask-6" value="BreakBlock" />
	<property name="AITask-7" value="ApproachSpot" />
	<property name="AITask-8" value="Wander" />
	<property name="AITarget-1" value="SetAsTargetIfHurt" param1="EntityZombie" />
	<property name="AITarget-2" value="SetAsTargetIfHurt" param1="EntityPlayer" />
	<!-- <property name="AITarget-3" value="SetAsTargetIfHurt" param1="EntitySurvivor" /> -->
	<property name="AITarget-3" value="SetAsTargetIfHurt" param1="EntityZombieDog" />
	<property name="AITarget-4" value="SetAsTargetIfHurt" param1="EntityZombieCop" />
	<property name="AITarget-5" value="BlockingTargetTask" />
	<property name="AITarget-6" value="SetNearestEntityAsTarget" param1="EntityZombie" />
	<property name="AITarget-7" value="SetNearestEntityAsTarget" param1="EntityPlayer" />
	<property name="AITarget-8" value="SetNearestEntityAsTarget" param1="EntityZombieDog" />
	<property name="HandItem" value="meleeHandZombieStrongFeral"/>
	<property name="LootDropProb" value="1.5"/> <!-- Feral -->
	<property name="LootDropEntityClass" value="BanditContainerRegular"/>
	</entity_class>
	</insertAfter>
	<insertAfter xpath="/entity_classes/entity_class[@name='banditFighter']" >
   <entity_class name="banditFlamer" extends="Negan">
	<property name="Archetype" value="banditFlamer"/>
	<property name="MaxHealth" value="300" />
	<property name="Weight" value="90" /> 
	<property name="Faction" value="bandits"/>
	<property name="AIPackages" value="Human Basic, Human Melee"/>
	<!-- AI properties -->
	<property name="AITask-1" value="RangedAttackTarget2" param1="0" param2="20"/>	
	<property name="AITask-2" value="ApproachAndAttackTarget" param1="EntityZombie" />
	<property name="AITask-3" value="ApproachAndAttackTarget" param1="EntityPlayer" />
	<!-- <property name="AITask-4" value="ApproachAndAttackTarget" param1="EntitySurvivor" /> -->
	<property name="AITask-4" value="ApproachAndAttackTarget" param1="EntityZombieDog" />
	<property name="AITask-5" value="ApproachAndAttackTarget" param1="EntityZombieCop" />
	<property name="AITask-6" value="BreakBlock" />
	<property name="AITask-7" value="ApproachSpot" />
	<property name="AITask-8" value="Wander" />
	<property name="AITarget-1" value="SetAsTargetIfHurt" param1="EntityZombie" />
	<property name="AITarget-2" value="SetAsTargetIfHurt" param1="EntityPlayer" />
	<!-- <property name="AITarget-3" value="SetAsTargetIfHurt" param1="EntitySurvivor" /> -->
	<property name="AITarget-3" value="SetAsTargetIfHurt" param1="EntityZombieDog" />
	<property name="AITarget-4" value="SetAsTargetIfHurt" param1="EntityZombieCop" />
	<property name="AITarget-5" value="BlockingTargetTask" />
	<property name="AITarget-6" value="SetNearestEntityAsTarget" param1="EntityZombie" />
	<property name="AITarget-7" value="SetNearestEntityAsTarget" param1="EntityPlayer" />
	<property name="AITarget-8" value="SetNearestEntityAsTarget" param1="EntityZombieDog" />
	<property name="HandItem" value="meleeHandZombieBurning"/>
	<property name="LootDropProb" value=".03"/>
	<property name="LootDropEntityClass" value="BanditContainerLegendary"/>
</entity_class> 
</insertAfter>
 <insertAfter xpath="/entity_classes/entity_class[@name='banditFlamer']" >
<entity_class name="BanditContainerRegular">
	<property name="Mesh" value="LootContainers/zpackPrefab"/>
	<property name="ModelType" value="Custom"/>
	<property name="Prefab" value="Backpack"/>
	<property name="Class" value="EntityLootContainer"/>
	<property name="Parent" value="Backpack"/>
	<property name="IsEnemyEntity" value="false"/>
	<property name="TimeStayAfterDeath" value="300"/>
	<property name="LootListOnDeath" value="230"/> <!-- used to determine container X/Y size -->
	<property name="Faction" value="none"/>
</entity_class>
</insertAfter>
<insertAfter xpath="/entity_classes/entity_class[@name='BanditContainerRegular']" >
<entity_class name="BanditContainerStrong">
	<property name="Mesh" value="LootContainers/zpackPrefab"/>
	<property name="ModelType" value="Custom"/>
	<property name="Prefab" value="Backpack"/>
	<property name="Class" value="EntityLootContainer"/>
	<property name="Parent" value="Backpack"/>
	<property name="IsEnemyEntity" value="false"/>
	<property name="TimeStayAfterDeath" value="300"/>
	<property name="LootListOnDeath" value="231"/>
	<property name="Faction" value="none"/>
</entity_class>
</insertAfter>
<insertAfter xpath="/entity_classes/entity_class[@name='BanditContainerStrong']" >
<entity_class name="BanditContainerBoss">
	<property name="Mesh" value="LootContainers/zpackPrefab"/>
	<property name="ModelType" value="Custom"/>
	<property name="Prefab" value="Backpack"/>
	<property name="Class" value="EntityLootContainer"/>
	<property name="Parent" value="Backpack"/>
	<property name="IsEnemyEntity" value="false"/>
	<property name="TimeStayAfterDeath" value="300"/>
	<property name="LootListOnDeath" value="232"/>
	<property name="Faction" value="none"/>
</entity_class>
</insertAfter>
<insertAfter xpath="/entity_classes/entity_class[@name='BanditContainerBoss']" >
<entity_class name="BanditContainerLegendary"> <!-- 71.72 -->
	<property name="Mesh" value="LootContainers/zpackPrefab"/>
	<property name="ModelType" value="Custom"/>
	<property name="Prefab" value="Backpack"/>
	<property name="Class" value="EntityLootContainer"/>
	<property name="Parent" value="Backpack"/>
	<property name="IsEnemyEntity" value="false"/>
	<property name="TimeStayAfterDeath" value="300"/>
	<property name="LootListOnDeath" value="233"/>
	<property name="Faction" value="none"/>
</entity_class>

<!-- Bandits -->
</insertAfter>
</configs>