<configs>
<insertAfter xpath="/archetypes/archetype[@name='Roxy']" >
<archetype name="Maggi" male="false" hair_color="30,29,28" eye_color="184,169,166" skin_color="135,170,186" type="Player">
		<base_mesh_parts>
			<part slot="head" layer="base" mesh="female_base_face">
				<texture name="female_head" color="skin"/>
				<texture name="female_hair_overlay" color="hair"/>
				<texture name="female_eyebrow_round" color="hair"/>
				<texture name="female_head_lipstick" color="74,74,74,255"/>
				<texture name="female_eyeshadow" color="1,0,0,255"/>
				<texture name="female_eyeliner" color="74,74,74,255"/>
				<texture name="female_blush" color="1,0,0,255"/>
				</part>
			<part slot="face" layer="base" mesh="female_mouth_parts">
				<texture name="female_head" color="200,0,0"/>
			</part>
			<part slot="eyes" layer="inner" mesh="female_base_eyelashes">
				<texture name="female_eyelashes" color="hair"/>
			</part>
			<part slot="head" layer="outer" mesh="unisex_gear_pressboy_cap">
				<texture name="unisex_gear_ballcap" color="255,15,15,255"/>
			</part>
			<part slot="head" layer="inner" mesh="female_hair_long_hat">
				<texture name="female_shaggy_hair" color="hair"/>
				<texture name="female_shaggy_hair_highlights" color="49,50,131,255"/>
			</part>
			<part slot="eyes" layer="base" mesh="female_base_eyes">
				<texture name="unisex_eye_bloodshot" color="255,255,255"/>
			</part>
			<part slot="hands" layer="base" mesh="female_base_hands">
				<texture name="female_hands" color="skin"/>
				</part>
			<part slot="chest" layer="base" mesh="female_base_chest">
				<texture name="female_torso" color="skin"/>
				</part>
				   <part slot="chest" layer="inner" mesh="female_base_chest">
					<texture name="female_tanktop" color="61,39,109,255"/>
				</part>
			<part slot="legs" layer="base" mesh="female_base_legs">
				<texture name="female_legs" color="skin"/>
				</part>
				    <part slot="legs" layer="inner" mesh="female_clothes_denim_pants">
        <texture name="female_pants_01" color="104,98,84,255"/>
         </part>
					<part slot="legs" layer="outer" mesh="female_skirt">
				<texture name="unisex_skirt" color="8,0,0,255"/>
				</part>
			<part slot="feet" layer="base" mesh="female_goth_boots">
				<texture name="unisex_goth_boots" color="8,0,0,255"/>
			</part>
		</base_mesh_parts>
		<preview_mesh_parts>
		</preview_mesh_parts>
		<expression blink="true" blink_duration="0.15" blink_min_delay="5" blink_max_delay="15" saccades="true">
			<gene name="neckUp_Down" value="0"/>
			<gene name="neckLeft_Right" value="0"/>
			<gene name="neckTiltLeft_Right" value="0"/>
			<gene name="headUp_Down" value="0"/>
			<gene name="headLeft_Right" value="0"/>
			<gene name="headTiltLeft_Right" value="0"/>
			<gene name="jawOpen_Close" value="0.141"/>
			<gene name="jawForward_Back" value="0"/>
			<gene name="jawLeft_Right" value="0"/>
			<gene name="mouthLeft_Right" value="0"/>
			<gene name="mouthUp_Down" value="0"/>
			<gene name="mouthNarrow_Pucker" value="0"/>
			<gene name="tongueOut" value="0"/>
			<gene name="tongueCurl" value="0"/>
			<gene name="tongueUp_Down" value="0"/>
			<gene name="tongueLeft_Right" value="0"/>
			<gene name="tongueWide_Narrow" value="0"/>
			<gene name="leftMouthSmile_Frown" value="-0.53"/>
			<gene name="rightMouthSmile_Frown" value="-0.53"/>
			<gene name="leftLowerLipUp_Down" value="-1"/>
			<gene name="rightLowerLipUp_Down" value="-1"/>
			<gene name="leftUpperLipUp_Down" value="0"/>
			<gene name="rightUpperLipUp_Down" value="0"/>
			<gene name="leftCheekPuff_Squint" value="0"/>
			<gene name="rightCheekPuff_Squint" value="0"/>
			<gene name="noseSneer" value="0"/>
			<gene name="leftEyeOpen_Close" value="0"/>
			<gene name="rightEyeOpen_Close" value="0"/>
			<gene name="leftEyeUp_Down" value="0"/>
			<gene name="rightEyeUp_Down" value="0"/>
			<gene name="leftEyeIn_Out" value="0"/>
			<gene name="rightEyeIn_Out" value="0"/>
			<gene name="browsIn" value="0"/>
			<gene name="leftBrowUp_Down" value="0.23"/>
			<gene name="rightBrowUp_Down" value="0.23"/>
			<gene name="midBrowUp_Down" value="-0.43"/>
		</expression>
		<dna>
			<gene name="height" value="1.2"/>
			<gene name="headSize" value="0.5"/>
			<gene name="headWidth" value="0.5"/>
			<gene name="handsSize" value="0.5"/>
			<gene name="feetSize" value="0.5"/>
			<gene name="muscle" value="0.32"/>
			<gene name="weight" value="0.58"/>
			<gene name="gluteusSize" value="1"/>
			<gene name="earsSize" value="0.61"/>
			<gene name="earsPosition" value="0.62"/>
			<gene name="earsRotation" value="0.5"/>
			<gene name="noseSize" value="1"/>
			<gene name="noseCurve" value="1"/>
			<gene name="noseWidth" value="0.735"/>
			<gene name="noseInclination" value="0.615"/>
			<gene name="nosePosition" value="0.68"/>
			<gene name="nosePronounced" value="0.58"/>
			<gene name="noseFlatten" value="0.5"/>
			<gene name="chinSize" value="0.5"/>
			<gene name="chinPronounced" value="0.5"/>
			<gene name="chinPosition" value="0.5"/>
			<gene name="mandibleSize" value="0.95"/>
			<gene name="jawsSize" value="0.975"/>
			<gene name="jawsPosition" value="0.5"/>
			<gene name="cheekSize" value="0.94"/>
			<gene name="cheekPosition" value="0.495"/>
			<gene name="lowCheekPronounced" value="0.5"/>
			<gene name="lowCheekPosition" value="0.57"/>
			<gene name="foreheadSize" value="0.5"/>
			<gene name="foreheadPosition" value="0.455"/>
			<gene name="lipsSize" value="0.2"/>
			<gene name="mouthSize" value="1"/>
			<gene name="eyeRotation" value="0.505"/>
			<gene name="eyeSize" value="0.995"/>
			<gene name="breastSize" value="1.5"/>
		</dna>
	</archetype>	
	</insertAfter>
</configs>