<configs>
<insertAfter xpath="/entity_classes/entity_class[@name='npcTraderTest']" >
<entity_class name="Maggi">
	<property name="EntityType" value="Zombie"/> <!-- This one decides for scoring -->
	<property name="Tags" value="zombie,walker"/>  <!-- this property DOES NOT inherit on extends and target tags cannot be AND connected -->
	<!-- Mesh and class properties -->
	<property name="Mesh" value="Zombies/zombieStandardNurseRagdoll"/>
	<property name="AvatarController" value="AvatarZombie01Controller"/>
	<property name="ModelType" value="Standard"/>
	<property name="HasRagdoll" value="true"/>
	<property name="Prefab" value="NPC"/>
	<property name="Class" value="EntityZombie"/>
	<property name="Parent" value="Enemies"/>
	<property name="Mass" value="170"/>
	<property name="Weight" value="70"/>
	<property name="PhysicsBody" value="zombieStandard"/>
	<property name="Faction" value="undead"/>
	<property name="Tags" value="zombie"/>
	<property name="IsEnemyEntity" value="false"/>
	<property name="AITask-1" value="Wander" />
	<property name="AITask-2" value="ApproachAndAttackTarget" param1="EntityPlayer" />
	<property name="AITask-3" value="ApproachSpot" />
	<property name="AITarget-1" value="SetAsTargetIfHurt" param1="EntityPlayer" />
	<property name="AITarget-2" value="BlockingTargetTask" />
	<property name="AITarget-3" value="SetNearestEntityAsTarget" param1="EntityPlayer" />
	<property name="WalkType" value="7"/>
	<property name="SoundRandomTime" value="60.0"/> <!-- It will play the roam every 60/30 seconds -->
	<property name="SoundRandom" value="Enemies/Base_Zombie_Female/zombiefemaleroam"/>
	<property name="SoundAlert" value="Enemies/Base_Zombie_Female/zombiefemalealert"/>
	<property name="SoundAttack" value="Enemies/Base_Zombie_Female/zombiefemaleattack"/>
	<property name="SoundHurt" value="Enemies/Base_Zombie_Female/zombiefemalepain"/>
	<property name="SoundDeath" value="Enemies/Base_Zombie_Female/zombiefemaledeath"/>
	<property name="SoundSense" value="Enemies/Base_Zombie_Female/zombiefemalesense"/>
	<property name="SoundSleeperSense" value="sleepersense"/>
	<property name="SoundSleeperBackToSleep" value="sleeperbacktosleep"/>

	<property name="RootMotion" value="true"/>
	<property name="HasDeathAnim" value="true"/>
	<property name="ParticleOnDeath" value="blood_death"/>
	<property name="SurfaceCategory" value="organic"/> <!-- determines the particle effect played on hit -->

	<property name="DismemberMultiplierHead" value="1"/>
	<property name="DismemberMultiplierArms" value="1"/>
	<property name="DismemberMultiplierLegs" value="1"/>
	<property name="LegCrawlerThreshold" value="0"/> <!-- at like .175 nearly every zombie knocked down from a leg hit turns into a crawler -->
	<property name="LegCrippleThreshold" value="0.01"/>
	<property name="KnockdownProneDamageThreshold" value="0.5"/>
	<property name="KnockdownProneStunDuration" value="0.5,1.8"/>
	<property name="KnockdownProneRefillRate" value="0.045,0.045"/>
	<property name="KnockdownKneelDamageThreshold" value="0.4"/>
	<property name="KnockdownKneelStunDuration" value="0.5,1.8"/>
	<property name="KnockdownKneelRefillRate" value="0.045,0.045"/>
	<property name="LegsExplosionDamageMultiplier" value="1"/>
	<property name="ArmsExplosionDamageMultiplier" value="1"/>
	<property name="HeadExplosionDamageMultiplier" value="1"/>
	<property name="ChestExplosionDamageMultiplier" value="1"/>
	<property name="PainResistPerHit" value=".45"/>

	<!-- Stealth -->
	<property name="MaxViewAngle" value="180"/>
	<property name="SightRange" value="30"/> <!-- distance in m -->
	<property name="SightLightThreshold" value="-2,150"/> <!-- how well lit you have to be for the zombie to see you at min,max range -->

	<property name="SleeperWakeupSightDetectionMin" value="-40,5"/> <!-- Indiv.Random. sight capability - "I see you" light value at point blank -->
	<property name="SleeperWakeupSightDetectionMax" value="340,480"/> <!-- Indiv.Random. "I see you" light value at "SightRange" -->
	<property name="SleeperSenseSightDetectionMin" value="-10,0"/> <!-- same for groaning, not waking -->
	<property name="SleeperSenseSightDetectionMax" value="200,300"/>

	<property name="SleeperNoiseSenseThreshold" value="3,8"/> <!-- Indiv.Random. hearing capability - "I hear something" noise value -->
	<property name="SleeperNoiseWakeThreshold" value="9,12"/>

	<property name="SleeperSmellSenseThreshold" value="20,50"/> <!-- Indiv.Random. smell capability - "I smell something" player smell value -->
	<property name="SoundSleeperSenseChance" value=".5"/> <!-- the chance to play "SoundSleeperSense" when "SleeperSmellSenseThreshold" is triggered -->
	<property name="SleeperSmellWakeThreshold" value="40,100"/>

	<property name="NoiseAlertThreshold" value="30"/> <!-- DEPRECATED; an awake zombie triggers instantly if touched by the sound range/volume -->
	<property name="SmellAlertThreshold" value="40"/> <!-- for awake zombies -->

	<!-- Gameplay -->
	<property name="MaxTurnSpeed" value="250"/>
	<property name="WanderSpeed" value="0.08"/> <!-- just shambling around -->
	<property name="ApproachSpeed" value="0.2"/> <!-- chasing a target -->
	<property name="NightWanderSpeed" value="0.08"/>
	<property name="NightApproachSpeed" value="1.1"/>
	<property name="PanicSpeed" value="0.55"/>
	<property name="CanClimbLadders" value="true"/>
	<property name="JumpMaxDistance" value="3.3"/>

	<property name="HandItem" value="handMedic"/>
	<property name="AttackTimeoutDay" value="0.5"/> <!-- in s -->
	<property name="AttackTimeoutNight" value="1"/>

	<!-- <property name="Buffs" value="zombieRadiatedBuff80"/> -->
	<property name="Immunity" value="sickness;disease;wellness"/> <!-- bleeding; -->

	<property name="ExperienceGain" value="700"/> <!-- XP grunt -->
	<property name="LootDropProb" value="2"/> <!-- Whether it drops a loot bag on death or not. -->
	<!-- <property name="LootListOnDeath" value="45"/> -->
	<property name="LootDropEntityClass" value="EntityLootContainerRegular"/>

	<!-- <property name="CorpseBlock" value="air"/><property name="CorpseBlockChance" value="0"/> -->
	<property name="TimeStayAfterDeath" value="30"/>
	<property name="DeadBodyHitPoints" value="1000"/> <!-- For harvesting or resisting corpse destruction --> <!-- to adjust corpse destruction speed for the non-harvest zombie corpses. This property does not extend. -->

	<effect_group name="Base Effects"> <!-- zombieTemplateMale -->
		<passive_effect name="DistractionResistance" operation="base_set" value="0,0"/>
		<passive_effect name="HealthMax" operation="base_set" value="150"/>
		<passive_effect name="HealthMax" operation="perc_set" value="1"/> <!-- Zombie HP scale -->
		<passive_effect name="StaminaMax" operation="base_set" value="100"/>
	</effect_group>

	<property name="MapIcon" value="ui_game_symbol_bullet_point"/>
</entity_class>
</insertAfter>
</configs>	