<configs>
<append xpath="/entitygroups/entitygroup[@name='ZombiesAll']" ><entity name="Maggi" prob="0.05" /></append> 
<append xpath="/entitygroups/entitygroup[@name='ZombiesNight']" ><entity name="Maggi" prob="0.05" /></append> 
<append xpath="/entitygroups/entitygroup[@name='ZombiesWasteland']" ><entity name="Maggi" prob="0.05" /></append> 
<append xpath="/entitygroups/entitygroup[@name='ZombiesBurntForest']" ><entity name="Maggi" prob="0.05" /></append> 
<append xpath="/entitygroups/entitygroup[@name='SnowZombies']" ><entity name="Maggi" prob="0.05" /></append> 
<append xpath="/entitygroups/entitygroup[@name='ZombiesCave']" ><entity name="Maggi" prob="0.05" /></append> 
<append xpath="/entitygroups/entitygroup[@name='AnimalsFarm']" ><entity name="Maggi" prob="0.05" /></append> 
<append xpath="/entitygroups/entitygroup[@name='AnimalsDesert']" ><entity name="Maggi" prob="0.05" /></append> 
<append xpath="/entitygroups/entitygroup[@name='FriendlyAnimalsSnow']" ><entity name="Maggi" prob="0.05" /></append> 
<append xpath="/entitygroups/entitygroup[@name='FriendlyAnimalsForest']" ><entity name="Maggi" prob="0.05" /></append> 
<append xpath="/entitygroups/entitygroup[@name='FriendlyAnimalsBurntForest']" ><entity name="Maggi" prob="0.05" /></append> 
<append xpath="/entitygroups/entitygroup[@name='EnemyAnimalsPlains']" ><entity name="Maggi" prob="0.05" /></append> 
<append xpath="/entitygroups/entitygroup[@name='AnimalsAll']" ><entity name="Maggi" prob="0.05" /></append> 
</configs>