<configs>
<insertAfter xpath="/items/item[@name='resourceSteelPolish']" >
<item name="handMaster2" >
	<property name="IsDeveloper" value="true" />
	<property name="Material" value="Morganic" />
	<property name="Canhold" value="false" />
	<property name="HoldType" value="9" />
	<property name="Stacknumber" value="1" />
	<property name="Candrop" value="false" />
	<property class="Action0"><!-- AttackAction -->
		<property name="Class" value="Melee" />
		<property name="Delay" value="0" />
		<property name="Range" value="15" /> <!--1.65 --> <!-- This not what "clientside melee combat" means. =) This is the adjustment afterwards due to code changes. -->
		<property name="Sphere" value="0.1" />
		<property name="Block_range" value="2.5" /> <!--2.5 -->
		<property name="Sound_start" value="swoosh" />
		</property>
</item>
</insertAfter>
<insertAfter xpath="/items/item[@name='handMaster2']" >
<item name="handMedic" >
<property name="Extends" value="handMaster2" />
	<property name="IsDeveloper" value="true" />
	<property name="HoldType" value="46" />
	<property class="Action0"> <!-- AttackAction -->
		<property name="Delay" value="0" />
		<property name="Range" value="2" />
		<property name="Sphere" value="0.4" />
		<property name="Sound_start" value="swoosh" />
		<property name="Sound_repeat" value="" />
		<property name="Sound_end" value="" />
		<property name="Buff" value="drugBluePill,medicalSplint,medicalFirstAidBandage,medicalBandage,medicalFirstAidKit,painkillerBuff,redPillBuff,drugRecog,drugAntibiotics,drugHerbalAntibiotics,drugPainkillers,medicalPlasterCast" />
		<property name="Debuff" value="freezing,hypo1,hypo2,hypo3,overheated,heat1,heat2,drowning,bleeding,burning,burningSmall,infection,infection2,infection3,foodPoisoning,sprainedLeg,internalBleeding,dysentery,dysentery2,brokenLeg,AlcoholPoisoning" />
		<property name="Buff_chance" value="1" />
	</property>
</item>
</insertAfter>
</configs>