<stallionsden>
	<append xpath="/worldgeneration/biomes/biome[@name='snow']/decorations">
			<decoration type="block" blockname="SupplyContainer(Locked)" prob ="0.00009"/>
	</append>	
	<append xpath="/worldgeneration/biomes/biome[@name='wasteland']/decorations">
			<decoration type="block" blockname="SupplyContainer(Locked)" prob ="0.00009"/>
	</append>	
	<append xpath="/worldgeneration/biomes/biome[@name='desert']/decorations">
			<decoration type="block" blockname="SupplyContainer(Locked)" prob ="0.00009"/>
	</append>	
	<append xpath="/worldgeneration/biomes/biome[@name='burnt_forest']/decorations">
			<decoration type="block" blockname="SupplyContainer(Locked)" prob ="0.00009"/>
	</append>	
	<append xpath="/worldgeneration/biomes/biome[@name='pine_forest']/decorations">
			<decoration type="block" blockname="SupplyContainer(Locked)" prob ="0.00009"/>
	</append>
	<append xpath="/worldgeneration/biomes/biome[@name='city']/decorations">
			<decoration type="block" blockname="SupplyContainer(Locked)" prob ="0.00009"/>
	</append>	
	<append xpath="/worldgeneration/biomes/biome[@name='city_wasteland']/decorations">
			<decoration type="block" blockname="SupplyContainer(Locked)" prob ="0.00009"/>
	</append>	
	<append xpath="/worldgeneration/biomes/biome[@name='wasteland_hub']/decorations">
			<decoration type="block" blockname="SupplyContainer(Locked)" prob ="0.00009"/>
	</append>		
	<append xpath="/worldgeneration/biomes/biome[@name='underwater']/decorations">
			<decoration type="block" blockname="SupplyContainer(Locked)" prob ="0.00009"/>
	</append>
	
	<append xpath="/worldgeneration/pois/poi[@name='City Asphalt']">
	<blockontop blockname="SupplyContainer(Locked)" prob="0.00009" rotatemax="7"/>
	</append>	

<append xpath="/worldgeneration/pois/poi[@name='Country Road Asphalt']">
	<blockontop blockname="SupplyContainer(Locked)" prob="0.00009" rotatemax="7"/>
	</append>
<append xpath="/worldgeneration/pois/poi[@name='Road Gravel']">
	<blockontop blockname="SupplyContainer(Locked)" prob="0.00009" rotatemax="7"/>
	</append>	
</stallionsden>