<stallionsden>
		<insertAfter xpath="/blocks/block[@name='raft']">
				
	<block name="SupplyContainer(Locked)">
	<property name="CustomIcon" value="cntHardenedChestSecure"/>
	<property name="CustomIconTint" value="86,255,109"/>
	<property name="Group" value="Building,advBuilding"/>
	<property name="Tags" value="safes,door,hardenedSafe"/>
	<property name="DisplayType" value="blockHardenedMulti"/>
	<property name="Material" value="Mmetal_hard"/><property name="MaxDamage" value="10000"/>
	<property name="Shape" value="ModelEntity"/>
	<property name="Model" value="#Entities/LootContainers?super_chestPrefab.prefab"/>
	<property name="MultiBlockDim" value="2,1,1"/>
	<property name="AllowAllRotations" value="true"/>
	<property name="ImposterExchange" value="imposterBlock" param1="115"/>
	<property name="Path" value="solid"/>
	<property name="Place" value="TowardsPlacerInverted"/>
	<property name="DowngradeBlock" value="SupplyContainer(Unlocked)"/>
		<property name="LockPickItem" value="resourceLockPick"/>
		<property name="LockPickTime" value="15"/>
		<property name="LockPickBreakChance" value="0.65"/>
	<property class="RepairItems"> <property name="resourceForgedIron" value="60"/> </property>
	<drop event="Destroy" count="0"/>
	<drop event="Fall" name="scrapMetalPile" count="1" prob="0.75" stick_chance="1"/>
	<property name="EconomicValue" value="690"/>
	<property name="FilterTags" value="floot,ffurniture"/>
</block>

<block name="SupplyContainer(Unlocked)">
	<property name="CustomIcon" value="cntHardenedChestInsecure"/>
	<property name="CustomIconTint" value="86,255,109"/>
	<property name="CreativeMode" value="None"/>
	<property name="Tags" value="safes"/>
	<property name="CustomIcon" value="cntHardenedChestSecure"/>
	<property name="DisplayType" value="blockHardenedMulti"/>
	<property name="Material" value="Mmetal_hard"/><property name="MaxDamage" value="10000"/>
	<property name="Shape" value="ModelEntity"/>
	<property name="Model" value="#Entities/LootContainers?super_chestPrefab.prefab"/>
	<property name="MultiBlockDim" value="2,1,1"/>
	<property name="AllowAllRotations" value="true"/>
	<property name="ImposterExchange" value="imposterBlock" param1="115"/>
	<property name="Path" value="solid"/>
	<property name="Class" value="Loot"/>
	<property name="LootList" value="216"/>
	<property class="RepairItems"> <property name="resourceForgedIron" value="60"/> </property>
	<drop event="Harvest" name="terrStone" count="0" tool_category="Disassemble"/>
	<drop event="Harvest" name="" count="0" tag="salvageHarvest"/>
	<drop event="Harvest" name="resourceScrapIron" count="15,45" tag="allHarvest"/>
	<drop event="Destroy" count="0"/>
	<drop event="Harvest" name="resourceForgedIron" count="16,24" tag="salvageHarvest"/>
	<drop event="Harvest" name="resourceForgedSteel" count="2,4" prob="0.2" tag="salvageHarvest"/>
	<drop event="Destroy" name="resourceSpring" count="2,8" tag="salvageHarvest"/>
	<drop event="Destroy" name="resourceMechanicalParts" count="2,10" tag="salvageHarvest"/>
	<drop event="Fall" name="scrapMetalPile" count="1" prob="0.75" stick_chance="1"/>
	<property name="EconomicValue" value="690"/>
	<property name="FilterTags" value="floot,ffurniture"/>
</block>
			
		</insertAfter>
	</stallionsden>