<stallionsden>		
	<append xpath="/lootcontainers">	
	<lootgroup name="SupplyMaterials" count="0,2" >
        <item name="resourceCoal" count="10,15" prob="0.031" />
        <item name="resourcePotassiumNitratePowder" count="10,32" prob="0.031"/>
        <item name="resourceGunPowder" count="20,50" prob="0.031"/>
        <item name="resourceRockSmall" count="5,15" prob="0.031"/>
        <item name="resourceScrapLead" count="6,10" prob="0.031"/>
        <item name="resourceScrapIron" count="6,10" prob="0.031"/>
		<item name="resourceScrapBrass" count="10,15" prob="0.031" />
        <item name="resourceOilShale" count="15,30" prob="0.031"/>
        <item name="resourceWood" count="100" prob="0.031"/>
		<item name="apparelGhillieSuitJacket"  prob="0.031" />
    </lootgroup>	
	<lootgroup name="SupplyMedical" count="0,2" >
        <item name="medicalAloeCream" count="1,15" prob="0.031" />
        <item name="medicalBandage" count="1,22" prob="0.031"/>
        <item name="medicalFirstAidBandage" count="1,25" prob="0.031"/>
        <item name="medicalFirstAidKit" count="1,15" prob="0.031"/>
        <item name="medicalSplint" count="1,10" prob="0.031"/>
        <item name="medicalPlasterCast" count="1,10" prob="0.031"/>
		<item name="medicalBloodDrawKit" count="1,15" prob="0.031" />
        <item name="medicalBloodBag" count="1,20" prob="0.031"/>
      <item name="drugVitamins" count="1,15" prob="0.031" />
        <item name="drugPainkillers" count="1,32" prob="0.031"/>
        <item name="drugHerbalAntibiotics" count="1,20" prob="0.031"/>
        <item name="drugAntibiotics" count="1,15" prob="0.031"/>
        <item name="sunblocker" count="1,10" prob="0.031"/>
        <item name="drugRedPill" count="1,10" prob="0.031"/>
		<item name="drugBluePill" count="1,15" prob="0.031" />
        <item name="drugSteroids" count="1,10" prob="0.031"/>
        <item name="drugRecog" count="1,15" prob="0.031"/>
		<item name="drugFortBites" count="1,32" prob="0.031"/>
        </lootgroup>	
    <lootgroup name="SupplyFood" count="0,2" >
        <item name="foodCanBeef" count="1,2" prob="0.031" />
        <item name="foodCanChicken" count="1,2" prob="0.031" />
        <item name="foodCanLamb" count="1,2" prob="0.031" />
        <item name="foodCanChili" count="1,2" prob="0.031" />
        <item name="foodCanTuna" count="1,2" prob="0.031" />
        <item name="drinkJarPureMineralWater" count="1,2" prob="0.031" />
        <item name="foodCanPasta" count="1,2" prob="0.031" />
        <item name="foodCanSalmon" count="1,2" prob="0.031" />
        <item name="foodCanMiso" count="1,2" prob="0.031" />
        <item name="foodCanPeas" count="1,2" prob="0.031" />
        <item name="foodCanPears" count="1,2" prob="0.031" />
        <item name="foodCanSoup" count="1,2" prob="0.031" />
		<item name="foodCanStock" count="1,2" prob="0.031" />
		<item name="foodCornOnTheCob" count="1,2" prob="0.031" />		
		<item name="foodCornBread" count="1,2" prob="0.031" />
        <item name="foodShamSandwich" count="1,2" prob="0.31" />
        <item name="foodCharredMeat" count="1,2" prob="0.031" />
        <item name="foodGrilledMeat" count="1,2" prob="0.031" />
        <item name="foodBoiledMeat" count="1,2" prob="0.031" />
        <item name="foodMeatStew" count="1,2" prob="0.031" />
        <item name="foodSteakAndPotato" count="1,2" prob="0.031" />
        <item name="foodShamChowder" count="1,2" prob="0.031" />
        <item name="foodHoboStew" count="1,2" prob="0.031" />
        <item name="foodFishTacos" count="1,2" prob="0.031" />
        <item name="foodChiliDog" count="1,2" prob="0.031" />
        <item name="foodBakedPotato" count="1,2" prob="0.031" />
		<item name="foodBlueberryPie" count="1,2" prob="0.031" />
		<item name="foodEggBoiled" count="1,2" prob="0.031" />		
		<item name="foodBaconAndEggs" count="1,2" prob="0.031" />
        <item name="foodVegetableStew" count="1,2" prob="0.31" />
        <item name="foodRawMeat" count="1,2" prob="0.031" />
        <item name="foodEgg" count="1,2" prob="0.031" />
        <item name="drinkJarEmpty" count="1,2" prob="0.31" />
        <item name="drinkJarRiverWater" count="1,2" prob="0.031" />
        <item name="drinkJarBoiledWater" count="1,2" prob="0.031" />
        <item name="drinkJarYuccaJuice" count="1,2" prob="0.031" />
        <item name="drinkJarGoldenRodTea" count="1,2" prob="0.031" />
		<item name="drinkJarRedTea" count="1,2" prob="0.031" />
		<item name="drinkJarYuccaCocktail" count="1,2" prob="0.031" />		
		<item name="drinkYuccaJuiceSmoothie" count="1,2" prob="0.031" />
        <item name="drinkCanMegaCrush" count="1,2" prob="0.31" />
        <item name="drinkJarCoffee" count="1,2" prob="0.031" />
        <item name="drinkJarBeer" count="1,2" prob="0.031" />
        <item name="drinkJarGrainAlcohol" count="1,2" prob="0.31" />
        <item name="drinkJarGrandpasMoonshine" count="1,2" prob="0.31" />
        <item name="drinkJarGrandpasAwesomeSauce" count="1,2" prob="0.31" />
        <item name="drinkJarGrandpasLearningElixir" count="1,2" prob="0.031" />
       </lootgroup>
    <lootgroup name="SupplyPistolGroup" count="0,1">
        <item name="gunPistol" count="1" prob="0.031" />
    </lootgroup>
    <lootgroup name="SupplyPistol" count="0,1">
        <item group="SupplyPistolGroup" count="1" prob="0.031" />
        <item name="resourceRepairKit" count="3,4" prob="0.031"/>
    </lootgroup>
    <lootgroup name="SupplyRifleGroup" count="0,1" >
        <item name="gunHuntingRifle" count="1" prob="0.0031" />
    </lootgroup>
    <lootgroup name="SupplyRifle" count="0,1">
        <item group="SupplyRifleGroup" count="1" prob="0.0031" />
        <item name="resourceRepairKit" count="3,4" prob="0.031"/>
    </lootgroup>
    <lootgroup name="SupplyAssaultRifle" count="0,1">
        <item name="gunAK47" count="1" prob="0.0031" />		
		<item name="gunTacticalAR" count="1" prob="0.0031" />
		<item name="gunM60" count="1" prob="0.0031" />
		<item name="resourceRepairKit" count="3,4" prob="0.031" />
    </lootgroup>
    <lootgroup name="SupplyMagnum" count="0,1" >
        <item name="gun44Magnum" count="1" prob="0.0031" />
         <item name="resourceRepairKit" count="3,4" prob="0.031" />
    </lootgroup>
    <lootgroup name="SupplyShotgunGroup" count="0,1" >
      <item name="gunPumpShotgun" count="1" prob="0.0031" />	  
	  <item name="gunDoubleBarrelShotgun" count="1" prob="0.0031" />
	  <item name="gunBlunderbuss" count="1" prob="0.0031" />
    </lootgroup>
    <lootgroup name="SupplyShotgun" count="0,1">
        <item group="SupplyShotgunGroup" count="1" prob="0.0031" />
        <item name="resourceRepairKit" count="1,4"/>
    </lootgroup>
    <lootgroup name="SupplyMP5" count="0,1">
        <item name="gunSMG5" count="1" prob="0.0031" />
        <item name="resourceRepairKit" count="1,4" prob="0.031" />
    </lootgroup>
    <lootgroup name="SupplySniperGroup" count="0,1" >
      <item name="gunMR10" count="1" prob="0.0031" />
    </lootgroup>
    <lootgroup name="SupplySniper" count="0,1">
        <item group="SupplySniperGroup" count="1" prob="0.031" />
        <item name="resourceRepairKit" count="1,4" prob="0.031"/>
    </lootgroup>
    <lootgroup name="SupplyRocket" count="0,1">
        <item name="gunRocketLauncher" count="1" prob="0.0031" />
        <item name="resourceRepairKit" count="1,4" prob="0.031"/>
    </lootgroup>
    <lootgroup name="SupplyTools" count="0,2" >
		<item name="meleeToolKnifeMachete" count="1" prob="0.031" />
        <item name="meleeToolPickaxeIron" count="1" prob="0.031" />
        <item name="meleeToolPickaxeSteel" count="1" prob="0.031"  />
        <item name="toolBellows" count="1" prob="0.031"  />
		<item name="toolBeaker" count="1" prob="0.031"  />
		<item name="toolAnvil" count="1" prob="0.031"  />
        <item name="toolForgeCrucible" count="1" prob="0.031"/>
        <item name="toolAndDieSet" count="1" prob="0.031" />
        <item name="meleeToolClawHammer" count="1,2" prob="0.031" />  
        <item name="meleeToolWrench" count="1,2" prob="0.031" />  
        <item name="meleeToolShovelIron" count="1,2" prob="0.031" />  
        <item name="meleeToolHoeIron" count="1,2" prob="0.031" />             
        <item name="gunToolNailgun" count="1,2" prob="0.031" />
		<item name="apparelGhillieSuitPants"  prob="0.031" />
		</lootgroup>
    <lootgroup name="SupplyAutomotive" count="0,2">
        <item name="vehicleWheels"  count="1" prob="0.031" />
		<item name="smallEngine"  count="1" prob="0.031" />
        <item name="vehicleMinibikeHandlebars"  count="1" prob="0.031" />
        <item name="vehicleMinibikeChassis"  count="1" prob="0.031" />
        <item name="ammoGasCan" count="150,250" prob="0.031" />
        <item name="carBattery"  count="1" prob="0.031" />
		<item name="vehicleBicycleChassis"  count="1" prob="0.031" />
        <item name="vehicleBicycleHandlebars"  count="1" prob="0.031" />
        <item name="vehicleMotorcycleChassis"  count="1" prob="0.031" />
        <item name="vehicleMotorcycleHandlebars"  count="1" prob="0.031" />
        <item name="vehicle4x4TruckChassis"  count="1" prob="0.031" />
        <item name="vehicle4x4TruckAccessories"  count="1" prob="0.031" />
        <item name="vehicleMotorcyclePlaceable" count="1" prob="0.00031" />
        <item name="vehicleBicyclePlaceable"  count="1" prob="0.00031" />
		<item name="vehicleMinibikePlaceable"  count="1" prob="0.00031" />
        <item name="vehicle4x4TruckPlaceable"  count="1" prob="0.00031" />
        <item name="vehicleGyroCopterChassis"  count="1" prob="0.031" />
        <item name="vehicleGyroCopterAccessories"  count="1" prob="0.031" />
        <item name="vehicleGyrocopterPlaceable"  count="1" prob="0.00031" />   
    </lootgroup>
    <lootgroup name="SupplyAmmo" count="0,2">
		<item name="ammoShotgunShell" count="15,20" prob="0.031" />
		<item name="ammoShotgunSlug" count="15,20" prob="0.031" />
		<item name="ammoShotgunBreachingSlug" count="15,20" prob="0.031" />
		<item name="ammo9mmBulletBall" count="15,30" prob="0.031" />
		<item name="ammo9mmBulletAP" count="15,30" prob="0.031" />
		<item name="ammo9mmBulletHP" count="15,30" prob="0.031" />
		<item name="ammo762mmBulletBall" count="15,30" prob="0.031"/>
		<item name="ammo762mmBulletAP" count="15,30" prob="0.031"/>
		<item name="ammo762mmBulletHP" count="15,30" prob="0.031"/>
		<item name="ammo44MagnumBulletBall" count="15,22" prob="0.031"/>
		<item name="ammo44MagnumBulletAP" count="15,22" prob="0.031"/>
		<item name="ammo44MagnumBulletHP" count="15,22" prob="0.031"/>
		<item name="ammoBlunderbuss" count="1,12" prob="0.031" />
		<item name="ammoRocketHE" count="1,2" prob="0.031" />
		<item name="ammoRocketFrag" count="1,2" prob="0.031" />		
    	<item name="ammoArrowStone" count="1,12" prob="0.031" />
		<item name="ammoArrowIron" count="1,12" prob="0.031" />
		<item name="ammoArrowSteelAP" count="1,12" prob="0.031" />
		<item name="ammoArrowFlaming" count="1,12" prob="0.031" />		
		<item name="ammoArrowExploding" count="1,12" prob="0.031" />		
		<item name="ammoCrossbowBoltStone" count="1,12" prob="0.031" />
		<item name="ammoCrossbowBoltIron" count="1,12" prob="0.031" />
		<item name="ammoCrossbowBoltFlaming" count="1,12" prob="0.031" />
		<item name="ammoCrossbowBoltSteelAP" count="1,12" prob="0.031" />
		<item name="ammoCrossbowBoltExploding" count="1,12" prob="0.031" />		
		<item name="thrownAmmoPipeBomb" count="0,5" prob="0.031" />
		<item name="thrownDynamite" count="0,3" prob="0.031" />
		<item name="thrownAmmoMolotovCocktail" count="0,5" prob="0.031" />
		<item name="thrownAmmoFlare" count="0,7" prob="0.031" />
		<item name="ammoDartIron" count="0,20" prob="0.031" />
		<item name="mineCandyTin" count="0,2" prob="0.031" />
		<item name="mineHubcap" count="0,2" prob="0.031" />
		<item name="mineAirFilter" count="0,6" prob="0.031" />
		<item name="mineCookingPot" count="1,6" prob="0.031" />
		<item name="rScrapIronPlateMine" count="1,6" prob="0.031" />
		<item name="thrownTimedCharge" count="0,2" prob="0.031" />
		<item name="thrownGrenade" count="0,6" prob="0.031" />
		<item name="thrownGrenadeContact" count="1,6" prob="0.031" />
		<item name="apparelGhillieSuitHood"  prob="0.031" />		
    </lootgroup>
    <lootgroup name="SupplyGroups" count="0,2">
		<item group="SupplyRocket" count="1,2" prob="0.031" />
        <item group="SupplyMaterials" count="1,2" prob="0.031" />
		<item group="SupplyMedical" count="1,2" prob="0.031" />
        <item group="SupplyFood" count="1,2" prob="0.031" />
        <item group="SupplyPistol" count="1,2" prob="0.031" />
        <item group="SupplyMagnum" count="1,2" prob="0.031" />
        <item group="SupplyAssaultRifle" count="1,2" prob="0.031" />
        <item group="SupplyShotgun" count="1,2" prob="0.031" />
        <item group="SupplyMP5" count="1,2" prob="0.031" />
		<item group="SupplyRifleGroup" count="1,2" prob="0.031" />
		<item group="SupplySniper" count="1,2" prob="0.031" />
		<item group="SupplyAutomotive" count="1,2" prob="0.031" />
        <item group="SupplyAmmo" count="1,2" prob="0.031" />
        <item group="SupplyTools" count="1,2" prob="0.031" />
		<item group="groupWeaponsMeleeScaled"  count="1,2" prob="0.031" />
		<item group="groupWeaponsRangedScaled"  count="1,2" prob="0.031" />
		<item group="trophyGroup" count="1,2" prob="0.031" />
		<item group="books" count="1,2" prob="0.031" />
		<item group="warmClothes" count="1,2" prob="0.031" />
		<item group="groupArmorScaledTPlus" count="1,2" prob="0.031" />
		<item group="groupArmor_LightTPlus" count="1,2"  prob="0.031" />
		<item group="groupAllArmor/Cloth"  count="1,2" prob="0.031" />		
		<item group="sportingGoods" count="1,2" prob="0.031" />
		<item group="junk" count="1,2" prob="0.031" />
		<item group="cupboard" count="1,2" prob="0.031" />
		</lootgroup>
    <lootgroup name="SupplyGeneric" count="0,2">
        <item group="groupApparelClothes" count="1,2" prob="0.031" />
		<item group="cannedfood" count="1,2" prob="0.031" />
        <item group="seeds" count="1,2" prob="0.031" />
        <item group="tools"  count="1,2" prob="0.031" />
    </lootgroup>
    <lootgroup name="SupplyContainer" count="0,2">
        <item group="SupplyGeneric" count="1,2" prob="0.031" />
        <item group="SupplyGroups" count="1,2" prob="0.031" />
    </lootgroup>
		
	<lootcontainer id="216" count="0,3" size="8,9" destroy_on_close="true" sound_open="UseActions/open_garbage" sound_close="UseActions/close_garbage" loot_quality_template="qualPlus1Template">
    	<item group="SupplyRocket" count="1" prob="0.031" />
        <item group="SupplyMaterials" count="1,2" prob="0.031" />
        <item group="SupplyFood" count="1,2" prob="0.031" />
		<item group="SupplyPistolGroup" count="1" prob="0.031" />
        <item group="SupplyPistol" count="1" prob="0.031" />
        <item group="SupplyMagnum" count="1" prob="0.031" />
        <item group="SupplyAssaultRifle" count="1" prob="0.031" />
        <item group="SupplyShotgun" count="1" prob="0.031" />
        <item group="SupplyMP5" count="1" prob="0.031" />
        <item group="SupplySniper" count="1" prob="0.031" />
        <item group="SupplyAutomotive"  count="1,2" prob="0.031"/>
        <item group="SupplyAmmo" count="1,2" prob="0.031" />
        <item group="SupplyTools" count="1,2" prob="0.031" />
		<item group="SupplyGeneric" count="1,2" prob="0.031" />
        <item group="SupplyGroups" count="1,2" prob="0.031" />			
		<item group="SupplyContainer" count="1,2" prob="0.031" />
		</lootcontainer>
	</append>
 </stallionsden>