﻿<stallionsden>
  <!-- Adds My Hotel to the prefab_rule of each group -->
  <append xpath="/rwgmixer/prefab_rules/prefab_rule[@name='commercialGroup']">
    <prefab name="HotelDeStallion" min_count="1" max_count="1" prob="0.005" />
	<prefab name="StallsCasino" min_count="1" max_count="1" prob="0.005" />
	<prefab name="xcostum_ThemePark(by_stallionsden)" min_count="1" max_count="1" prob="0.005" />
	<prefab name="xcostum_PeerCafe(by_Stallionsden)" min_count="1" max_count="1" prob="0.005"/>
	<prefab name="TheVillage" min_count="1" max_count="1" prob="0.005"/>
	<prefab name="xcostum_Courthouse(by_stallionsden)" min_count="1" max_count="1" prob="0.05"/>
	  <prefab name="xcostum_CityCombo04(by_Stallionsden)" min_count="1" max_count="1" prob="0.05"/>
	  <prefab name="xcostum_CityCombo05(by_Stallionsden)" min_count="1" max_count="1" prob="0.05"/>
	   <prefab name="xcostum_CityCombo06(by_Stallionsden)" min_count="1" max_count="1" prob="0.05"/>
	   <prefab name="xcostum_CityCombo07(by_Stallionsden)" min_count="1" max_count="1" prob="0.05"/>
	   <prefab name="xcostum_CityCombo08(by_Stallionsden)" min_count="1" max_count="1" prob="0.05"/>
	   <prefab name="xcostum_CityCombo09(by_Stallionsden)" min_count="1" max_count="1" prob="0.05"/>
	    <prefab name="xcostum_CityCombo13(by_Stallionsden)" min_count="1" max_count="1" prob="0.05"/>
		 <prefab name="xcostum_CityCombo14(by_Stallionsden)" min_count="1" max_count="1" prob="0.05"/>
		  <prefab name="xcostum_CityCombo16(by_Stallionsden)" min_count="1" max_count="1" prob="0.05"/>
		  <prefab name="xcostum_CityCombo17(by_Stallionsden)" min_count="1" max_count="1" prob="0.05"/>
		  <prefab name="xcostum_CityCombo18(by_Stallionsden)" min_count="1" max_count="1" prob="0.05"/>
		   <prefab name="xcostum_NFLStadium_zombies(by_Stallionsden)" min_count="1" max_count="1" prob="0.05"/>
		   <prefab name="xcostum_A17Racetrack(by_Stallionsden)" min_count="1" max_count="1" prob="0.05"/>
  </append>
  
  <append xpath="/rwgmixer/prefab_rules/prefab_rule[@name='downtownGroup']">
    <prefab name="HotelDeStallion" min_count="1" max_count="1" prob="0.005" />
	<prefab name="StallsCasino" min_count="1" max_count="1" prob="0.005" />
	<prefab name="xcostum_ThemePark(by_stallionsden)" min_count="1" max_count="1" prob="0.005" />
	<prefab name="xcostum_PeerCafe(by_Stallionsden)" min_count="1" max_count="1" prob="0.005"/>
	<prefab name="TheVillage" min_count="1" max_count="1" prob="0.005"/>
	<prefab name="xcostum_Courthouse(by_stallionsden)" min_count="1" max_count="1" prob="0.05"/>
	  <prefab name="xcostum_CityCombo04(by_Stallionsden)" min_count="1" max_count="1" prob="0.05"/>
	  <prefab name="xcostum_CityCombo05(by_Stallionsden)" min_count="1" max_count="1" prob="0.05"/>
	   <prefab name="xcostum_CityCombo06(by_Stallionsden)" min_count="1" max_count="1" prob="0.05"/>
	   <prefab name="xcostum_CityCombo07(by_Stallionsden)" min_count="1" max_count="1" prob="0.05"/>
	    <prefab name="xcostum_CityCombo08(by_Stallionsden)" min_count="1" max_count="1" prob="0.05"/>
	   <prefab name="xcostum_CityCombo09(by_Stallionsden)" min_count="1" max_count="1" prob="0.05"/>
	   <prefab name="xcostum_CityCombo13(by_Stallionsden)" min_count="1" max_count="1" prob="0.05"/>
		 <prefab name="xcostum_CityCombo14(by_Stallionsden)" min_count="1" max_count="1" prob="0.05"/>
		  <prefab name="xcostum_CityCombo16(by_Stallionsden)" min_count="1" max_count="1" prob="0.05"/>
		  	  <prefab name="xcostum_CityCombo17(by_Stallionsden)" min_count="1" max_count="1" prob="0.05"/>
		  <prefab name="xcostum_CityCombo18(by_Stallionsden)" min_count="1" max_count="1" prob="0.05"/>
		   <prefab name="xcostum_NFLStadium_zombies(by_Stallionsden)" min_count="1" max_count="1" prob="0.05"/>
		   <prefab name="xcostum_A17Racetrack(by_Stallionsden)" min_count="1" max_count="1" prob="0.05"/>
  </append>
  
  <append xpath="/rwgmixer/prefab_rules/prefab_rule[@name='industrialGroup']">
    <prefab name="HotelDeStallion" min_count="1" max_count="1" prob="0.005" />
	<prefab name="StallsCasino" min_count="1" max_count="1" prob="0.005" />
	<prefab name="xcostum_ThemePark(by_stallionsden)" min_count="1" max_count="1" prob="0.005" />
	<prefab name="xcostum_PeerCafe(by_Stallionsden)" min_count="1" max_count="1" prob="0.005"/>
	<prefab name="TheVillage" min_count="1" max_count="1" prob="0.005"/>
	<prefab name="xcostum_Courthouse(by_stallionsden)" min_count="1" max_count="1" prob="0.05"/>
	  <prefab name="xcostum_CityCombo04(by_Stallionsden)" min_count="1" max_count="1" prob="0.05"/>
	  <prefab name="xcostum_CityCombo05(by_Stallionsden)" min_count="1" max_count="1" prob="0.05"/>
	   <prefab name="xcostum_CityCombo06(by_Stallionsden)" min_count="1" max_count="1" prob="0.05"/>
	   <prefab name="xcostum_CityCombo07(by_Stallionsden)" min_count="1" max_count="1" prob="0.05"/>
	    <prefab name="xcostum_CityCombo08(by_Stallionsden)" min_count="1" max_count="1" prob="0.05"/>
	   <prefab name="xcostum_CityCombo09(by_Stallionsden)" min_count="1" max_count="1" prob="0.05"/>
	   <prefab name="xcostum_CityCombo13(by_Stallionsden)" min_count="1" max_count="1" prob="0.05"/>
		 <prefab name="xcostum_CityCombo14(by_Stallionsden)" min_count="1" max_count="1" prob="0.05"/>
		  <prefab name="xcostum_CityCombo16(by_Stallionsden)" min_count="1" max_count="1" prob="0.05"/>
		  	  <prefab name="xcostum_CityCombo17(by_Stallionsden)" min_count="1" max_count="1" prob="0.05"/>
		  <prefab name="xcostum_CityCombo18(by_Stallionsden)" min_count="1" max_count="1" prob="0.05"/>
		   <prefab name="xcostum_NFLStadium_zombies(by_Stallionsden)" min_count="1" max_count="1" prob="0.05"/>
		   <prefab name="xcostum_A17Racetrack(by_Stallionsden)" min_count="1" max_count="1" prob="0.05"/>
  </append>
  
  <append xpath="/rwgmixer/prefab_rules/prefab_rule[@name='ruralGroup']">
    <prefab name="HotelDeStallion" min_count="1" max_count="1" prob="0.005" />
	<prefab name="StallsCasino" min_count="1" max_count="1" prob="0.005" />
	<prefab name="xcostum_ThemePark(by_stallionsden)" min_count="1" max_count="1" prob="0.005" />
	<prefab name="xcostum_PeerCafe(by_Stallionsden)" min_count="1" max_count="1" prob="0.005"/>
	<prefab name="TheVillage" min_count="1" max_count="1" prob="0.005"/>
	<prefab name="xcostum_Courthouse(by_stallionsden)" min_count="1" max_count="1" prob="0.05"/>
	 <prefab name="xcostum_Area51(by_Stallionsden)" min_count="1" max_count="1" prob="0.005"/>
	 <prefab name="xcostum_CityCombo01(by_Stallionsden)" min_count="1" max_count="1" prob="0.05"/>
	 <prefab name="xcostum_CityCombo02(by_Stallionsden)" min_count="1" max_count="1" prob="0.05"/>
	 <prefab name="xcostum_CityCombo03(by_Stallionsden)" min_count="1" max_count="1" prob="0.05"/>
	 <prefab name="xcostum_CityCombo04(by_Stallionsden)" min_count="1" max_count="1" prob="0.05"/>
	 <prefab name="xcostum_CityCombo05(by_Stallionsden)" min_count="1" max_count="1" prob="0.05"/>
	 <prefab name="xcostum_CityCombo06(by_Stallionsden)" min_count="1" max_count="1" prob="0.05"/>
	 <prefab name="xcostum_CityCombo07(by_Stallionsden)" min_count="1" max_count="1" prob="0.05"/>
	 <prefab name="xcostum_CityCombo08(by_Stallionsden)" min_count="1" max_count="1" prob="0.05"/>
	 <prefab name="xcostum_CityCombo09(by_Stallionsden)" min_count="1" max_count="1" prob="0.05"/>
	 <prefab name="xcostum_CityCombo10(by_Stallionsden)" min_count="1" max_count="1" prob="0.05"/>
	 <prefab name="xcostum_CityCombo11(by_Stallionsden)" min_count="1" max_count="1" prob="0.05"/>
	 <prefab name="xcostum_CityCombo12(by_Stallionsden)" min_count="1" max_count="1" prob="0.05"/>
	 <prefab name="xcostum_CityCombo13(by_Stallionsden)" min_count="1" max_count="1" prob="0.05"/>
	 <prefab name="xcostum_CityCombo14(by_Stallionsden)" min_count="1" max_count="1" prob="0.05"/>
	 <prefab name="xcostum_CityCombo15(by_Stallionsden)" min_count="1" max_count="1" prob="0.05"/>
	 <prefab name="xcostum_CityCombo16(by_Stallionsden)" min_count="1" max_count="1" prob="0.05"/>
	 <prefab name="xcostum_CityCombo17(by_Stallionsden)" min_count="1" max_count="1" prob="0.05"/>
	 <prefab name="xcostum_CityCombo18(by_Stallionsden)" min_count="1" max_count="1" prob="0.05"/>
	  <prefab name="xcostum_NFLStadium_zombies(by_Stallionsden)" min_count="1" max_count="1" prob="0.05"/>
	  <prefab name="xcostum_A17Racetrack(by_Stallionsden)" min_count="1" max_count="1" prob="0.05"/>
  </append>
  
  <append xpath="/rwgmixer/prefab_rules/prefab_rule[@name='wildernessGroup']">
    <prefab name="HotelDeStallion" min_count="1" max_count="1" prob="0.005" />
	<prefab name="StallsCasino" min_count="1" max_count="1" prob="0.005" />
	<prefab name="xcostum_ThemePark(by_stallionsden)" min_count="1" max_count="1" prob="0.005" />
	<prefab name="xcostum_PeerCafe(by_Stallionsden)" min_count="1" max_count="1" prob="0.005"/>
	<prefab name="TheVillage" min_count="1" max_count="1" prob="0.005"/>
	<prefab name="xcostum_Courthouse(by_stallionsden)" min_count="1" max_count="1" prob="0.05"/>
	<prefab name="xcostum_Area51(by_Stallionsden)" min_count="1" max_count="1" prob="0.005"/>
	<prefab name="xcostum_CityCombo01(by_Stallionsden)" min_count="1" max_count="1" prob="0.05"/>
	<prefab name="xcostum_CityCombo02(by_Stallionsden)" min_count="1" max_count="1" prob="0.05"/>
	<prefab name="xcostum_CityCombo03(by_Stallionsden)" min_count="1" max_count="1" prob="0.05"/>
	 <prefab name="xcostum_CityCombo04(by_Stallionsden)" min_count="1" max_count="1" prob="0.05"/>
	 <prefab name="xcostum_CityCombo05(by_Stallionsden)" min_count="1" max_count="1" prob="0.05"/>
	 <prefab name="xcostum_CityCombo06(by_Stallionsden)" min_count="1" max_count="1" prob="0.05"/>
	 <prefab name="xcostum_CityCombo07(by_Stallionsden)" min_count="1" max_count="1" prob="0.05"/>
	 <prefab name="xcostum_CityCombo08(by_Stallionsden)" min_count="1" max_count="1" prob="0.05"/>
	 <prefab name="xcostum_CityCombo09(by_Stallionsden)" min_count="1" max_count="1" prob="0.05"/>
	 <prefab name="xcostum_CityCombo10(by_Stallionsden)" min_count="1" max_count="1" prob="0.05"/>
	 <prefab name="xcostum_CityCombo11(by_Stallionsden)" min_count="1" max_count="1" prob="0.05"/>
	 <prefab name="xcostum_CityCombo12(by_Stallionsden)" min_count="1" max_count="1" prob="0.05"/>
	 <prefab name="xcostum_CityCombo13(by_Stallionsden)" min_count="1" max_count="1" prob="0.05"/>
	 <prefab name="xcostum_CityCombo14(by_Stallionsden)" min_count="1" max_count="1" prob="0.05"/>
	 <prefab name="xcostum_CityCombo15(by_Stallionsden)" min_count="1" max_count="1" prob="0.05"/>
	 <prefab name="xcostum_CityCombo16(by_Stallionsden)" min_count="1" max_count="1" prob="0.05"/>
	 <prefab name="xcostum_CityCombo17(by_Stallionsden)" min_count="1" max_count="1" prob="0.05"/>
	 <prefab name="xcostum_CityCombo18(by_Stallionsden)" min_count="1" max_count="1" prob="0.05"/>  
	  <prefab name="xcostum_NFLStadium_zombies(by_Stallionsden)" min_count="1" max_count="1" prob="0.05"/>
	  <prefab name="xcostum_A17Racetrack(by_Stallionsden)" min_count="1" max_count="1" prob="0.05"/>
  </append>
  
  <append xpath="/rwgmixer/prefab_rules/prefab_rule[@name='industrial_Bldgs']">
    <prefab name="HotelDeStallion" min_count="1" max_count="1" prob="0.005" />
	<prefab name="StallsCasino" min_count="1" max_count="1" prob="0.005" />
	<prefab name="xcostum_ThemePark(by_stallionsden)" min_count="1" max_count="1" prob="0.005" />
	<prefab name="xcostum_PeerCafe(by_Stallionsden)" min_count="1" max_count="1" prob="0.005"/>
	<prefab name="TheVillage" min_count="1" max_count="1" prob="0.005"/>
	<prefab name="xcostum_Courthouse(by_stallionsden)" min_count="1" max_count="1" prob="0.05"/>
	  <prefab name="xcostum_CityCombo04(by_Stallionsden)" min_count="1" max_count="1" prob="0.05"/>
	  <prefab name="xcostum_CityCombo05(by_Stallionsden)" min_count="1" max_count="1" prob="0.05"/>
	   <prefab name="xcostum_CityCombo06(by_Stallionsden)" min_count="1" max_count="1" prob="0.05"/>
	   <prefab name="xcostum_CityCombo07(by_Stallionsden)" min_count="1" max_count="1" prob="0.05"/>
	    <prefab name="xcostum_CityCombo08(by_Stallionsden)" min_count="1" max_count="1" prob="0.05"/>
	   <prefab name="xcostum_CityCombo09(by_Stallionsden)" min_count="1" max_count="1" prob="0.05"/>
	   <prefab name="xcostum_CityCombo13(by_Stallionsden)" min_count="1" max_count="1" prob="0.05"/>
		 <prefab name="xcostum_CityCombo14(by_Stallionsden)" min_count="1" max_count="1" prob="0.05"/>
		  <prefab name="xcostum_CityCombo16(by_Stallionsden)" min_count="1" max_count="1" prob="0.05"/>
		  	  <prefab name="xcostum_CityCombo17(by_Stallionsden)" min_count="1" max_count="1" prob="0.05"/>
		  <prefab name="xcostum_CityCombo18(by_Stallionsden)" min_count="1" max_count="1" prob="0.05"/>
		   <prefab name="xcostum_NFLStadium_zombies(by_Stallionsden)" min_count="1" max_count="1" prob="0.05"/>
		   <prefab name="xcostum_A17Racetrack(by_Stallionsden)" min_count="1" max_count="1" prob="0.05"/>
  </append>
  
  <append xpath="/rwgmixer/prefab_rules/prefab_rule[@name='townGroup']">
    <prefab name="HotelDeStallion" min_count="1" max_count="1" prob="0.005" />
	<prefab name="StallsCasino" min_count="1" max_count="1"  prob="0.005"/>
	<prefab name="xcostum_ThemePark(by_stallionsden)" min_count="1" max_count="1" prob="0.005" />
	<prefab name="xcostum_PeerCafe(by_Stallionsden)" min_count="1" max_count="1" prob="0.005"/>
	<prefab name="TheVillage" min_count="1" max_count="1" prob="0.005"/>
	<prefab name="xcostum_Courthouse(by_stallionsden)" min_count="1" max_count="1" prob="0.05"/>
	  <prefab name="xcostum_CityCombo04(by_Stallionsden)" min_count="1" max_count="1" prob="0.05"/>
	  <prefab name="xcostum_CityCombo05(by_Stallionsden)" min_count="1" max_count="1" prob="0.05"/>
	   <prefab name="xcostum_CityCombo06(by_Stallionsden)" min_count="1" max_count="1" prob="0.05"/>
	   <prefab name="xcostum_CityCombo07(by_Stallionsden)" min_count="1" max_count="1" prob="0.05"/>
	    <prefab name="xcostum_CityCombo08(by_Stallionsden)" min_count="1" max_count="1" prob="0.05"/>
	   <prefab name="xcostum_CityCombo09(by_Stallionsden)" min_count="1" max_count="1" prob="0.05"/>
	   <prefab name="xcostum_CityCombo13(by_Stallionsden)" min_count="1" max_count="1" prob="0.05"/>
		 <prefab name="xcostum_CityCombo14(by_Stallionsden)" min_count="1" max_count="1" prob="0.05"/>
		  <prefab name="xcostum_CityCombo16(by_Stallionsden)" min_count="1" max_count="1" prob="0.05"/>
		  	  <prefab name="xcostum_CityCombo17(by_Stallionsden)" min_count="1" max_count="1" prob="0.05"/>
		  <prefab name="xcostum_CityCombo18(by_Stallionsden)" min_count="1" max_count="1" prob="0.05"/>
		   <prefab name="xcostum_NFLStadium_zombies(by_Stallionsden)" min_count="1" max_count="1" prob="0.05"/>
		   <prefab name="xcostum_A17Racetrack(by_Stallionsden)" min_count="1" max_count="1" prob="0.05"/>
  </append>
  
   <append xpath="/rwgmixer/prefab_rules/prefab_rule[@name='residentialOldGroup']">
    <prefab name="xcostum_PeerCafe(by_Stallionsden)" min_count="1" max_count="1" prob="0.005"/>
	 <prefab name="xcostum_CityCombo01(by_Stallionsden)" min_count="1" max_count="1" prob="0.05"/>
	 <prefab name="xcostum_CityCombo02(by_Stallionsden)" min_count="1" max_count="1" prob="0.05"/>
	 <prefab name="xcostum_CityCombo03(by_Stallionsden)" min_count="1" max_count="1" prob="0.05"/>
	  <prefab name="xcostum_CityCombo10(by_Stallionsden)" min_count="1" max_count="1" prob="0.05"/>
	   <prefab name="xcostum_CityCombo11(by_Stallionsden)" min_count="1" max_count="1" prob="0.05"/>
	    <prefab name="xcostum_CityCombo12(by_Stallionsden)" min_count="1" max_count="1" prob="0.05"/>
		 <prefab name="xcostum_CityCombo15(by_Stallionsden)" min_count="1" max_count="1" prob="0.05"/>
		  <prefab name="xcostum_CityCombo16(by_Stallionsden)" min_count="1" max_count="1" prob="0.05"/>
  </append>
  
  <append xpath="/rwgmixer/prefab_rules/prefab_rule[@name='residentialNewGroup']">
    <prefab name="xcostum_PeerCafe(by_Stallionsden)" min_count="1" max_count="1" prob="0.005"/>
	<prefab name="xcostum_CityCombo02(by_Stallionsden)" min_count="1" max_count="1" prob="0.05"/>
	<prefab name="xcostum_CityCombo03(by_Stallionsden)" min_count="1" max_count="1" prob="0.05"/>
	  <prefab name="xcostum_CityCombo10(by_Stallionsden)" min_count="1" max_count="1" prob="0.05"/>
	   <prefab name="xcostum_CityCombo11(by_Stallionsden)" min_count="1" max_count="1" prob="0.05"/>
	    <prefab name="xcostum_CityCombo12(by_Stallionsden)" min_count="1" max_count="1" prob="0.05"/>
		 <prefab name="xcostum_CityCombo15(by_Stallionsden)" min_count="1" max_count="1" prob="0.05"/>
		  <prefab name="xcostum_CityCombo16(by_Stallionsden)" min_count="1" max_count="1" prob="0.05"/>
  </append>
  
  <append xpath="/rwgmixer/prefab_rules/prefab_rule[@name='diner_FastfoodGroup']">
    <prefab name="xcostum_PeerCafe(by_Stallionsden)" min_count="1" max_count="1" prob="0.005"/>
	 <prefab name="xcostum_CityCombo16(by_Stallionsden)" min_count="1" max_count="1" prob="0.05"/>
  </append>
  
  <append xpath="/rwgmixer/prefab_rules/prefab_rule[@name='storeGroup']">
    <prefab name="xcostum_PeerCafe(by_Stallionsden)" min_count="1" max_count="1" prob="0.005"/>
	  <prefab name="xcostum_CityCombo04(by_Stallionsden)" min_count="1" max_count="1" prob="0.05"/>
	  <prefab name="xcostum_CityCombo05(by_Stallionsden)" min_count="1" max_count="1" prob="0.05"/>
	   <prefab name="xcostum_CityCombo06(by_Stallionsden)" min_count="1" max_count="1" prob="0.05"/>
	   <prefab name="xcostum_CityCombo07(by_Stallionsden)" min_count="1" max_count="1" prob="0.05"/>
	    <prefab name="xcostum_CityCombo08(by_Stallionsden)" min_count="1" max_count="1" prob="0.05"/>
	   <prefab name="xcostum_CityCombo09(by_Stallionsden)" min_count="1" max_count="1" prob="0.05"/>
	   <prefab name="xcostum_CityCombo13(by_Stallionsden)" min_count="1" max_count="1" prob="0.05"/>
		 <prefab name="xcostum_CityCombo14(by_Stallionsden)" min_count="1" max_count="1" prob="0.05"/>
		  <prefab name="xcostum_CityCombo16(by_Stallionsden)" min_count="1" max_count="1" prob="0.05"/>
		  	  <prefab name="xcostum_CityCombo17(by_Stallionsden)" min_count="1" max_count="1" prob="0.05"/>
		</append>  
  
  <append xpath="/rwgmixer/prefab_rules/prefab_rule[@name='oldResidential_Bldgs']">
    <prefab name="xcostum_CityCombo01(by_Stallionsden)" min_count="1" max_count="1" prob="0.05"/>
	<prefab name="xcostum_CityCombo02(by_Stallionsden)" min_count="1" max_count="1" prob="0.05"/>
	<prefab name="xcostum_CityCombo03(by_Stallionsden)" min_count="1" max_count="1" prob="0.05"/>
	  <prefab name="xcostum_CityCombo10(by_Stallionsden)" min_count="1" max_count="1" prob="0.05"/>
	   <prefab name="xcostum_CityCombo11(by_Stallionsden)" min_count="1" max_count="1" prob="0.05"/>
	    <prefab name="xcostum_CityCombo12(by_Stallionsden)" min_count="1" max_count="1" prob="0.05"/>
		 <prefab name="xcostum_CityCombo15(by_Stallionsden)" min_count="1" max_count="1" prob="0.05"/>
  </append>
  
  	<append xpath="/rwgmixer/prefab_rules/prefab_rule[@name='oldResidential_abandoned_Burnt_Homes']">
    <prefab name="xcostum_CityCombo01(by_Stallionsden)" min_count="1" max_count="1" prob="0.05"/>
	<prefab name="xcostum_CityCombo02(by_Stallionsden)" min_count="1" max_count="1" prob="0.05"/>
	<prefab name="xcostum_CityCombo03(by_Stallionsden)" min_count="1" max_count="1" prob="0.05"/>
	  <prefab name="xcostum_CityCombo10(by_Stallionsden)" min_count="1" max_count="1" prob="0.05"/>
	   <prefab name="xcostum_CityCombo11(by_Stallionsden)" min_count="1" max_count="1" prob="0.05"/>
	    <prefab name="xcostum_CityCombo12(by_Stallionsden)" min_count="1" max_count="1" prob="0.05"/>
		 <prefab name="xcostum_CityCombo15(by_Stallionsden)" min_count="1" max_count="1" prob="0.05"/>
  </append>
  
  	<append xpath="/rwgmixer/prefab_rules/prefab_rule[@name='oldwest_bldgs']">
    <prefab name="xcostum_CityCombo01(by_Stallionsden)" min_count="1" max_count="1" prob="0.05"/>
	<prefab name="xcostum_CityCombo02(by_Stallionsden)" min_count="1" max_count="1" prob="0.05"/>
	<prefab name="xcostum_CityCombo03(by_Stallionsden)" min_count="1" max_count="1" prob="0.05"/>
	  <prefab name="xcostum_CityCombo10(by_Stallionsden)" min_count="1" max_count="1" prob="0.05"/>
	   <prefab name="xcostum_CityCombo11(by_Stallionsden)" min_count="1" max_count="1" prob="0.05"/>
	    <prefab name="xcostum_CityCombo12(by_Stallionsden)" min_count="1" max_count="1" prob="0.05"/>
		 <prefab name="xcostum_CityCombo15(by_Stallionsden)" min_count="1" max_count="1" prob="0.05"/>
  </append>
  
  </stallionsden>