<!-- Bandit Groups -->
<entitygroup name="banditForestGroup">
	<entity name="banditMelee" />
	<entity name="banditSledger" />
	<entity name="banditSlasher" />
	<entity name="banditClubber" />
	<entity name="banditDeadAim"  />
	<entity name="banditDeadAim2" />
	<entity name="banditBullseye"  />
	<entity name="banditFixer"  />
	<entity name="banditMassachist"  />
</entitygroup>

<entitygroup name="banditWastelandsGroup">
		<entity name="banditMelee"  />
		<entity name="banditFighter"  />
		<entity name="banditFixer"  />
		<entity name="banditGrenadier"  />
		<entity name="banditSledger"  />
		<entity name="banditSlasher"   />
		<entity name="banditClubber"   />
		<entity name="banditMassachist"  />	
		<entity name="banditMusketeer"  />	
		<entity name="banditRanged"   />
		<entity name="banditCop"   />
		<entity name="banditBullseye"   />
		<entity name="banditDestructor"   />
		<entity name="Negan"   />
		<entity name="banditMusketeer"   />
		<entity name="banditDeadAim"   />
		<entity name="banditDeadAim1"   />
		<entity name="banditDeadAim2"   />	
		<entity name="banditHeadshot"   />
		<entity name="banditBeserker"   />
		<entity name="banditdestroyer"   />
		<entity name="banditSniper"   />
		<entity name="banditLeader" />
</entitygroup>

<entitygroup name="banditBurntGroup">
	<entity name="banditMelee"  />
		<entity name="banditFighter"  />
		<entity name="banditFixer"  />
		<entity name="banditGrenadier"  />
		<entity name="banditSledger"  />
		<entity name="banditSlasher"   />
		<entity name="banditClubber"   />
		<entity name="banditMassachist"  />	
		<entity name="banditMusketeer"  />	
		<entity name="banditRanged"   />
		<entity name="banditCop"   />
		<entity name="banditBullseye"   />
		<entity name="banditDestructor"   />
		<entity name="Negan"   />
		<entity name="banditMusketeer"   />
		<entity name="banditDeadAim1"   />
		<entity name="banditHeadshot"   />
		<entity name="banditBeserker"   />
		<entity name="banditdestroyer"   />
		<entity name="banditSniper"   />
		<entity name="banditLeader" />		
</entitygroup>

<entitygroup name="banditDesertGroup">
	<entity name="banditdestroyer" />
	<entity name="banditSniper" />
	<entity name="banditBullseye"  />
	<entity name="banditRanged" />
		<entity name="banditCop" />
		<entity name="banditFighter" />
		<entity name="banditDeadAim"   />
		<entity name="banditSledger"  />
		<entity name="banditSlasher"   />
		<entity name="banditLeader" />
</entitygroup>

<entitygroup name="banditPinesGroup">
	<entity name="banditRanged"  />
	<entity name="banditCop"  />
	<entity name="banditBullseye"  />
	<entity name="banditDestructor"  />
	<entity name="Negan"  />
	<entity name="banditMusketeer"  />
	<entity name="banditDeadAim"  />
	<entity name="banditDeadAim1"  />
	<entity name="banditDeadAim2"  />
</entitygroup>

<entitygroup name="banditSnowGroup">
	<entity name="banditRanged"  />
	<entity name="banditCop"  />
	<entity name="banditDestructor"  />
	<entity name="Negan"  />
	<entity name="banditSledger"  />
	<entity name="banditMusketeer"  />
	<entity name="banditDeadAim2"  />
	<entity name="banditMelee"  />
	<entity name="banditFixer"  />
    <entity name="banditFighter"  />
</entitygroup>

<entitygroup name="banditPlainsGroup">
	<entity name="banditRanged"  />	
<entity name="banditFixer"  />
<entity name="banditFighter"  />
<entity name="banditHeadshot"   />
<entity name="banditBullseye"   />
<entity name="banditCop"   />
	<entity name="banditDestructor"  />
	<entity name="Negan"  />
	<entity name="banditMusketeer"  />
	<entity name="banditDeadAim"  />
	<entity name="banditDeadAim1"  />
	<entity name="banditDeadAim2"  />
</entitygroup>

<entitygroup name="banditLeaderGroup">
	<entity name="banditLeader" />
	<entity name="Negan"   />
	<entity name="banditGrenadier"  />
	<entity name="banditdestroyer"   />
</entitygroup>