<!--Classes for AITarget:
		<property name="Class" value="EntityAnimalRabbit"/> and chicken
		<property name="Class" value="EntityAnimalStag"/>
		<property name="Class" value="EntityBackpack"/>
		<property name="Class" value="EntityBandit"/>
		<property name="Class" value="EntityEnemyAnimal"/>
		<property name="Class" value="EntityLootContainer"/>
		<property name="Class" value="EntityMinibike"/>
		<property name="Class" value="EntityNPC"/>
		<property name="Class" value="EntityPlayer"/>
		<property name="Class" value="EntitySupplyCrate"/>
		<property name="Class" value="EntitySupplyPlane"/>
		<property name="Class" value="EntitySurvivor"/>
		<property name="Class" value="EntityVulture"/>
		<property name="Class" value="EntityZombie"/>
		<property name="Class" value="EntityZombieCop"/>
		<property name="Class" value="EntityZombieCrawl"/>
		<property name="Class" value="EntityZombieDog"/>
	-->
	
	<!-- BANDITS AND NPC
<entity_class name="npcSurvivorTemplate">
	<property name="EntityType" value="Player"/>
	<property name="Faction" value="whiteriver"/>
	<property name="Mesh" value="Player/Male/player_maleRagdoll"/>
	<property name="AvatarController" value="AvatarUMAController"/>
	<property name="ModelType" value="NpcUMA"/>
	<property name="HasRagdoll" value="true"/>
	<property name="Prefab" value="NPC"/>
	<property name="Class" value="EntitySurvivor"/>
	<property name="Parent" value="Players"/>
	<property name="PhysicsBody" value="Player"/>

	<property name="AIPackages" value="Human Basic, Human Melee"/>

	<property name="ItemsOnEnterGame.GameModeSurvival" value="meleeClubWood"/>
	<property name="ItemsOnEnterGame.GameModeSurvivalSP" value="meleeClubWood"/>
	<property name="ItemsOnEnterGame.GameModeSurvivalMP" value="meleeClubWood"/>
	<property name="MaxHealth" value="150"/>
	<property name="MaxViewAngle" value="180"/>
	<property name="Weight" value="70"/>
	<property name="WanderSpeed" value="0.75"/>
	<property name="ApproachSpeed" value="1.15"/>
	<property name="NightWanderSpeed" value="0.75"/>
	<property name="NightApproachSpeed" value="1.15"/>
	<property name="PanicSpeed" value="1.15"/>
	<property name="CanClimbLadders" value="true"/>
	<property name="IsEnemyEntity" value="true"/>
	<property name="SurfaceCategory" value="organic"/>
	<property name="WalkType" value="7"/>
	<property name="ParticleOnDeath" value="blood_death"/>
	<property name="SoundRandomTime" value="200.0"/>
	<property name="SoundRandom" value="Player_Male/player1stamina"/>
	<property name="SoundHurt" value="Player_Male/player1painlg"/>
	<property name="SoundHurtSmall" value="Player_Male/player1painsm"/>
	<property name="SoundDeath" value="Player_Male/player1death"/>
	<property name="SoundStamina" value="Player_Male/player1stamina"/>
	<property name="SoundDrownPain" value="Player_Male/player1drownpain"/>
	<property name="SoundWaterSurface" value="Player_Male/player1drownsurface"/>
	<property name="SoundDrownDeath" value="Player_Male/player1drowndeath"/>
	<property name="SoundJump" value="Player_Male/player1Jump"/>
	<property name="SoundLandSoft" value="Player_Male/player1LandSoft"/>
	<property name="SoundLandHard" value="Player_Male/player1LandHard"/>
	<property name="SoundPlayerLandThump" value="PlayerLandThump"/>
	<property name="TimeStayAfterDeath" value="30"/>
	<property name="LootListOnDeath" value="15"/>
	<property name="HasDeathAnim" value="true"/>
	<effect_group name="Base Effects">
		<passive_effect name="HealthMax" operation="base_set" value="150"/>
	</effect_group>
</entity_class>

<entity_class name="npcSurvivorRanged" extends="npcSurvivorTemplate">
	<property name="ItemsOnEnterGame.GameModeSurvival" value="gunPistol,ammo9mmBullet"/>
	<property name="ItemsOnEnterGame.GameModeSurvivalSP" value="gunPistol,ammo9mmBullet"/>
	<property name="ItemsOnEnterGame.GameModeSurvivalMP" value="gunPistol,ammo9mmBullet"/>

	<property name="AttackTimeoutDay" value="0.5"/>
	<property name="AttackTimeoutNight" value="0.5"/>

	<property name="AIPackages" value="Human Basic, Human Ranged"/>
</entity_class>

<entity_class name="npcBanditMelee">
	<property name="EntityType" value="Player"/>
	<property name="Mesh" value="Player/Male/player_maleRagdoll"/>
	<property name="AvatarController" value="AvatarUMAController"/>
	<property name="ModelType" value="NpcUMA"/>
	<property name="HasRagdoll" value="true"/>
	<property name="Prefab" value="NPC"/>
	<property name="Class" value="EntityBandit"/>
	<property name="Parent" value="Players"/>
	<property name="PhysicsBody" value="Player"/>
	<property name="Archetype" value="BanditMelee"/>
	<property name="Faction" value="bandits"/>
	<property name="AIPackages" value="Human Basic, Human Melee"/>

	<property name="Weight" value="70"/>
	<property name="IsEnemyEntity" value="true"/>
	<property name="SurfaceCategory" value="organic"/>
	<property name="WalkType" value="7"/>
	<property name="ParticleOnDeath" value="blood_death"/>
	<property name="SoundRandomTime" value="200.0"/>
	<property name="SoundRandom" value="malehateroam"/>
	<property name="SoundAlert" value="malehatealert"/>
	<property name="SoundSense" value="malehatesense"/>
	<property name="SoundHurt" value="malehatepain"/>
	<property name="SoundDeath" value="malehatedeath"/>
	<property name="SoundAttack" value="malehateattack"/>
	<property name="HasDeathAnim" value="true"/>

	<property name="MaxViewAngle" value="180"/>


	<property name="ItemsOnEnterGame.GameModeSurvival" value="meleeClubIron"/>
	<property name="ItemsOnEnterGame.GameModeSurvivalSP" value="meleeClubIron"/>
	<property name="ItemsOnEnterGame.GameModeSurvivalMP" value="meleeClubIron"/>

	<property name="WanderSpeed" value="0.5"/>
	<property name="ApproachSpeed" value="1"/>
	<property name="NightWanderSpeed" value="0.5"/>
	<property name="NightApproachSpeed" value="1"/>
	<property name="PanicSpeed" value="1.15"/>
	<property name="CanClimbLadders" value="true"/>

	<property name="ExperienceGain" value="1039"/>

	<property name="LootDropProb" value=".03"/>
	<property name="LootDropEntityClass" value="EntityLootContainerBandit"/>

	<property name="TimeStayAfterDeath" value="30"/>
	<property name="DeadBodyHitPoints" value="251"/>

	<effect_group name="Base Effects">
		<passive_effect name="HealthMax" operation="base_set" value="150"/>
	</effect_group>
</entity_class>


<entity_class name="npcBanditRanged" extends="npcBanditMelee">
	<property name="Archetype" value="BanditRanged"/>
	<property name="AIPackages" value="Human Basic, Human Ranged"/>

	<property name="ItemsOnEnterGame.GameModeSurvival" value="gunPistol,ammo9mmBullet"/>
	<property name="ItemsOnEnterGame.GameModeSurvivalSP" value="gunPistol,ammo9mmBullet"/>
	<property name="ItemsOnEnterGame.GameModeSurvivalMP" value="gunPistol,ammo9mmBullet"/>

	<property name="AttackTimeoutDay" value="0.5"/>
	<property name="AttackTimeoutNight" value="0.5"/>

</entity_class>

<entity_class name="npcBanditLeader" extends="npcBanditMelee">
	<property name="Archetype" value="BanditLeader"/>
	<property name="AIPackages" value="Human Basic, Human Ranged"/>

	<property name="ItemsOnEnterGame.GameModeSurvival" value="gunAK47,ammo762mmBullet"/>
	<property name="ItemsOnEnterGame.GameModeSurvivalSP" value="gunAK47,ammo762mmBullet"/>
	<property name="ItemsOnEnterGame.GameModeSurvivalMP" value="gunAK47,ammo762mmBullet"/>

	<property name="AttackTimeoutDay" value="0.5"/>
	<property name="AttackTimeoutNight" value="0.5"/>
</entity_class>

 -->