<!-- Bandits -->
<item id="2000" name="clubMaster1">
	<property name="IsDeveloper" value="true" />
	<property name="Meshfile" value="Items/Weapons/Melee/Club/Club_Wood_BranchPrefab" />
	<property name="Material" value="wood" />
	<property name="HoldType" value="2" />
 	<property name="SoundDestroy" value="wooddestroy1" />
	<property name="FuelValue" value="30" />
	<property name="EconomicValue" value="5" />
	<property name="EconomicBundleSize" value="1" />
	<property name="SellableToTrader" value="false" />
	<property class="Action0"> <!-- AttackAction -->
		<property name="Class" value="Melee" />
		<property name="Delay" value="1" />
		<property name="Range" value="1" />
		<property name="Sphere" value="0.2" />
		<property name="Sound_start" value="swoosh" />
		<property name="Stamina_usage" value="6" />
		<property name="DamageBonus.head" value="4" />
		<property name="DamageBonus.glass" value="25" /> <!-- These are multipliers and correspond to "damage_category" in materials.xml. -->
		<property name="ActionExp" value="2" />
		<property name="ActionExpBonusMultiplier" value="10" />
	</property>
	<property class="Attributes">
		<property name="EntityDamage" value="8,14" />
		<property name="BlockDamage" value="3,12" />
		<property name="DegradationMax" value="100,600" />
 		<property name="DegradationRate" value="3,1" />
	</property>
	<property name="CritChance" value=".10" />
	<property name="DescriptionKey" value="clubWoodDesc"/>
	<property name="Group" value="Ammo/Weapons" />
	<property name="ActionSkillGroup" value="Blunt Weapons"/>
	<property name="CraftingSkillGroup" value="Weapon Smithing"/>
	<property name="RepairExpMultiplier" value="5.5"/> <!-- 54 = about 250 points of crafting skill XP. This does not base off the crafting XP auto-calculation. It has a base value of 5 or so. -->
</item>

<item id="2001" name="banditchainsaw" extends="chainsaw" >
	<property class="Action0"> <!-- AttackAction -->
		<property name="Delay" value="0.1" />
		<property name="Magazine_size" value="1" />
		<property name="Infinite_ammo" value="true" />
		<property name="Single_magazine_usage" value="false" />
		<property name="Magazine_items" value="banditgasCan" />
		<property name="Reload_time" value="0.1" />
		<property name="Candrop" value="false" />
		<property name="IsDeveloper" value="true" />
	</item>

<item id="2002" name="banditclubSpiked" extends="clubSpiked" >
	<property name="Extends" value="clubMaster1" />
	<property name="Candrop" value="false" />
	<property name="IsDeveloper" value="true" />
	</item>

<item id="2003" name="banditsledgehammer" extends="sledgehammer" >
		<property class="Action0"> <!-- AttackAction -->
		<property name="Delay" value="1" />
		<property name="Range" value="2" />
		<property name="Candrop" value="false" />
		<property name="IsDeveloper" value="true" />
	</item>

<item id="2004" name="banditclubWood" extends="clubWood" >
	<property name="Candrop" value="false" />
	<property name="IsDeveloper" value="true" />
	</item>

<item id="2005" name="banditfireaxeSteel" extends="fireaxeSteel" >
	<property name="Candrop" value="false" />
	<property name="IsDeveloper" value="true" />
	</item>

<item id="2006" name="banditmachete" extends="machete" >
	<property class="Action0"> <!-- AttackAction -->
	<property name="Delay" value="1.2" />
	<property name="Candrop" value="false" />
	<property name="IsDeveloper" value="true" />
	</item>

<item id="2007" name="banditgunPistol" extends="gunPistol" >
	<property name="Candrop" value="false" />
	<property name="IsDeveloper" value="true" />
	<property class="Action0"> <!-- AttackAction -->
		<property name="Class" value="Ranged" />
		<property name="Delay" value="0.1" />
		<property name="Magazine_size" value="1" />
		<property name="Infinite_ammo" value="true" />
		<property name="Magazine_items" value="bandit9mmBullet" />
		<property name="Reload_time" value="0.1" />
	</item>

<item id="2008" name="banditgun44Magnum" extends="gun44Magnum" >
	<property name="Candrop" value="false" />
	<property class="Action0"> <!-- AttackAction -->
		<property name="Class" value="Ranged" />
		<property name="Delay" value="0.1" />
		<property name="Magazine_size" value="1" />
		<property name="Infinite_ammo" value="true" />
		<property name="Magazine_items" value="bandit44MagBullet" />
		<property name="Reload_time" value="0.1" />
		</item>

<item id="2009" name="banditgunSawedOffPumpShotgun" extends="gunSawedOffPumpShotgun" >
	<property name="Candrop" value="false" />
	<property name="IsDeveloper" value="true" />
 		<property class="Action0"> <!-- AttackAction -->
		<property name="Delay" value="0.1" />
		<property name="Magazine_size" value="1" />
		<property name="Infinite_ammo" value="true" />
		<property name="Magazine_items" value="banditshotgunShell" />
		<property name="Reload_time" value="0.1" />
		</item>

<item id="2010" name="banditgunMP5" extends="gunMP5" >
	<property name="Candrop" value="false" />
	<property name="IsDeveloper" value="true" />
 <property class="Action0"> <!-- AttackAction -->
		<property name="Delay" value="0.1" />
		<property name="Magazine_size" value="1" />
		<property name="Infinite_ammo" value="true" />
		<property name="Magazine_items" value="bandit10mmBullet" />
		<property name="Reload_time" value="0.1" />
		</item>

<item id="2011" name="banditgunAK47" extends="gunAK47" >
	<property name="Candrop" value="false" />
	<property name="IsDeveloper" value="true" />
 	<property class="Action0"> <!-- AttackAction -->
		<property name="Delay" value="0.1" />
		<property name="Magazine_size" value="1" />
		<property name="Infinite_ammo" value="true" />
		<property name="Magazine_items" value="bandit762mmBullet" />
		<property name="Reload_time" value="0.1" />
		</item>

<item id="2012" name="banditgunHuntingRifle" extends="gunHuntingRifle" >
		<property name="Candrop" value="false" />
	<property name="IsDeveloper" value="true" />
 	<property class="Action0"> <!-- AttackAction -->
		<property name="Delay" value="0.1" />
		<property name="Magazine_size" value="1" />
		<property name="Infinite_ammo" value="true" />
		<property name="Magazine_items" value="bandit762mmBullet" />
		<property name="Reload_time" value="0.1" />
		</item>

<item id="2013" name="banditgunSniperRifle" extends="gunSniperRifle" >
		<property name="Candrop" value="false" />
		<property name="IsDeveloper" value="true" />
 	<property class="Action0"> <!-- AttackAction -->
		<property name="Delay" value="0.1" />
		<property name="Magazine_size" value="1" />
		<property name="Infinite_ammo" value="true" />
		<property name="Magazine_items" value="bandit762mmBullet" />
		<property name="Reload_time" value="0.1" />
		</item>

<item id="2014" name="banditgunRocketLauncher" extends="gunRocketLauncher" >
	<property name="Candrop" value="false" />
	<property name="IsDeveloper" value="true" />
 	<property class="Action0"> <!-- AttackAction -->
		<property name="Delay" value="0.1" />
		<property name="Magazine_size" value="1" />
		<property name="Infinite_ammo" value="true" />
		<property name="Magazine_items" value="banditrocket" />
		<property name="Reload_time" value="0.1" />
		</item>

<item id="2015" name="banditblunderbuss" extends="blunderbuss" >
	<property name="Candrop" value="false" />
	<property name="IsDeveloper" value="true" />
 	<property class="Action0"> <!-- AttackAction -->
		<property name="Delay" value="0.1" />
		<property name="Magazine_size" value="1" />
		<property name="Infinite_ammo" value="true" />
		<property name="Magazine_items" value="banditblunderbussAmmo" />
		<property name="Reload_time" value="0.1" />
		</item>

<item id="2016" name="banditwoodenBow" extends="banditgunSawedOffPumpShotgun" >
		<property name="Meshfile" value="Items/Weapons/Ranged/Bows/WoodenBow/WoodenBowPrefab" />
		<property name="Material" value="wood" />
		<property name="RepairTools" value="wood" />
		<property name="HoldType" value="27" />
		<property name="FuelValue" value="36" />
		<property name="SoundJammed" value="ItemNeedsRepair" />
 	<property name="SoundDestroy" value="wooddestroy1" />
	<property name="CrosshairOnAim" value="true" />
	<property name="CrosshairUpAfterShot" value="false" />
	<property class="Action0"> <!-- AttackAction -->
		<property name="Class" value="Ranged" />
		<property name="Hitmask_override" value="Arrow" />
		<property name="Delay" value="1" />
		<!-- <property name="Range" value="200" /> -->
		<property name="Magazine_size" value="1" />
		<property name="Infinite_ammo" value="true" />
		<property name="Magazine_items" value="banditarrow" />
		<property name="Reload_time" value="1" />
		</property>
		<property name="Candrop" value="false" />
	<property name="IsDeveloper" value="true" />
	</item>

<item id="2017" name="banditwoodenBow1" extends="banditwoodenBow" >
		<property name="Magazine_items" value="banditsteelArrow" />
	</item>

<item id="2018" name="banditwoodenBow2" extends="banditwoodenBow" >
		<property name="Magazine_items" value="banditironArrow" />
		</item>

<item id="2019" name="banditwoodenBow3" extends="banditwoodenBow" >
		<property name="Magazine_items" value="banditflamingArrow" />
	</item>

<item id="2020" name="banditcrossbow" extends="banditgunSawedOffPumpShotgun" >
		<property name="Meshfile" value="Items/Weapons/Ranged/Bows/Crossbow/crossbowPrefab" />
		<property name="Material" value="metal" />
		<property name="RepairTools" value="repairKit" />
		<property name="HoldType" value="26" />
		<property name="Candrop" value="false" />
		<property name="IsDeveloper" value="true" />
		<property name="DegradationBreaksAfter" value="false" />
		<property name="SoundJammed" value="Weapons/weapon_jam" />
		<property name="SoundDestroy" value="wooddestroy1" />
		<property name="Attachments" value="flashlight02" />
		<property class="Action0"> <!-- AttackAction -->
		<property name="Class" value="Ranged" />
		<property name="Hitmask_override" value="Arrow" />
		<property name="Crosshair_min_distance" value="5" />
		<property name="Crosshair_max_distance" value="50" />
		<!--<property name="Range" value="200" />-->
		<property name="Magazine_items" value="banditCrossbowBolt" />
		<property name="Bullet_icon" value="uzi" />
		<property name="Sound_start" value="Weapons/Ranged/Bows/Crossbow/crossbow_fire" />
		<property name="Sound_repeat" value="" />
		<property name="Sound_end" value="" />
		<property name="Sound_empty" value="Weapons/weapon_empty" />
		<property name="Sound_reload" value="Weapons/Ranged/Bows/Crossbow/crossbow_reload" />
		</property>
		<property class="Action1"> <!-- UseAction -->
		<property name="Class" value="Zoom" />
		<property name="Zoom_max_out" value="45" />
		<property name="Zoom_max_in" value="45" />
		</property>
		<property name="LightSource" value="lightSource" /> <!-- Start: Needed for the attachment flashlight -->
		<property name="ActivateObject" value="Attachments/flashlight/lightSource" />
		<property name="AttachmentFlashlight" value="flashlight02" /> <!-- End: Needed for the attachment flashlight -->
		<property name="Group" value="Ammo/Weapons" />
		<property name="ActionSkillGroup" value="Shotguns"/>
		<property name="CraftingSkillGroup" value="Gun Smithing"/>
		<property name="RepairExpMultiplier" value="10.8"/>
		<property name="PickupJournalEntry" value="gunAssemblyTip,augmentGunsTip" />
		</item>

<item id="2021" name="banditcrossbow1" extends="banditcrossbow" >
		<property name="Magazine_items" value="banditexplodingCrossbowBolt" />
	</item>

<item id="2022" name="banditcrossbow2" extends="banditcrossbow" >
		<property name="Magazine_items" value="banditsteelCrossbowBolt" />
	</item>	

	<item id="2023" name="bandit9mmBullet" extends="9mmBullet" >
	<property name="Candrop" value="false" />
	<property name="IsDeveloper" value="true" />
	</item>

<item id="2024" name="bandit10mmBullet" extends="10mmBullet" >
	<property name="Candrop" value="false" />
	<property name="IsDeveloper" value="true" />
	</item>

<item id="2025" name="bandit44MagBullet" extends="44MagBullet" >
	<property name="Candrop" value="false" />
	<property name="IsDeveloper" value="true" />
	</item>

<item id="2026" name="bandit762mmBullet" extends="762mmBullet" >
	<property name="Candrop" value="false" />
	<property name="IsDeveloper" value="true" />
	</item>

<item id="2027" name="banditshotgunShell" extends="shotgunShell" >
	<property name="Candrop" value="false" />
	<property name="IsDeveloper" value="true" />
	</item>

<item id="2028" name="banditrocket" extends="rocket" >
	<property name="Candrop" value="false" />
	<property name="IsDeveloper" value="true" />
	</item>

<item id="2029" name="banditblunderbussAmmo" extends="blunderbussAmmo" >
	<property name="Candrop" value="false" />
	<property name="IsDeveloper" value="true" />
	</item>

<item id="2030" name="banditgasCan" extends="gasCan" >
		<property name="Candrop" value="false" />
	<property name="IsDeveloper" value="true" />
	</item>

<item id="2031" name="banditCrossbowBolt" extends="ironCrossbowBolt" > >
<property name="Candrop" value="false" />
<property name="IsDeveloper" value="true" />
</item>

<item id="2032" name="banditsteelCrossbowBolt" extends="banditCrossbowBolt" >
	<property name="Candrop" value="false" />
	<property name="IsDeveloper" value="true" />
	</item>

<item id="2033" name="banditexplodingCrossbowBolt" extends="explodingCrossbowBolt" >
	<property name="Candrop" value="false" />
	<property name="IsDeveloper" value="true" />
	</item>

<item id="2034" name="banditarrow" extends="arrow" >
	<property name="Meshfile" value="Items/Weapons/Ranged/Bows/WoodenBow/Arrow" />
	<property name="DropMeshfile" value="Items/Misc/arrow_dropped" />
	<property name="HandMeshfile" value="Items/Misc/arrow_hand" />
	<property name="HoldType" value="32" />
	<property name="Material" value="wood" />
	<property name="Stacknumber" value="30000" /> <!-- STK ammo -->
	<property name="FuelValue" value="8" />
	<property name="EconomicValue" value="12" />
	<property name="EconomicBundleSize" value="5" />
	<property name="Candrop" value="false" />
 <property name="IsDeveloper" value="true" />
	<property class="Action1">
		<property name="Class" value="Projectile" />
		<property name="Explosion.ParticleIndex" value="0" /> <!-- no expl. -->
		<property name="Velocity" value="55" />
		<property name="FlyTime" value="0" />
		 <property name="Gravity" value="0" />
		<property name="LifeTime" value="12" />
		<property name="Buff" value="arrowCriticalBleedout" />
		<property name="Buff_chance" value="0.5" />
		<property name="DamageBonus.head" value="5" />
		<property name="DamageBonus.glass" value="25" />
		<property name="DamageBonus.wood" value="0.1" />
		<property name="DamageBonus.earth" value="0.1" />
		<property name="DamageBonus.metal" value="0.1" />
		<property name="DamageBonus.cloth" value="0.5" />
	</property>
	<property name="Group" value="Ammo/Weapons,Basics" />
	<property class="Attributes">
		<property name="GetQualityFromWeapon" value="true" />
		<property name="EntityDamage" value="18,30" />
		<property name="BlockDamage" value="1,5" />
	</property>
	<property name="DescriptionKey" value="arrowDesc"/>
	<property name="CraftingSkillGroup" value="Weapon Smithing"/>
</item>

<item id="2035" name="banditironArrow" extends="banditarrow" >
	<property name="Candrop" value="false" />
	<property name="IsDeveloper" value="true" />
	</item>

<item id="2036" name="banditsteelArrow" extends="banditarrow" >
		<property name="Candrop" value="false" />
	<property name="IsDeveloper" value="true" />
	</item>

<item id="2037" name="banditflamingArrow" extends="flamingArrow" >
	<property name="Candrop" value="false" />
	<property name="IsDeveloper" value="true" />
	</item>
<!-- Bandits -->