<!-- Bandit Spawning -->
	<entityspawner name="RoamingBanditsSpawnDay" dynamic="true" wrapMode="wrap">
		<day value="1">
			<property name="EntityGroupName"    value="BanditsAll" />
			<property name="Time"               value="Any" />
			<property name="DelayBetweenSpawns" value="1" />
			<property name="TotalAlive"         value="1" />
			<property name="TotalPerWave"       value="1" />
		</day>
		<day value="2">
		  <property name="EntityGroupName"    value="BanditsAll" />
		  <property name="Time"               value="Any" />
		  <property name="DelayBetweenSpawns" value="1" />
		  <property name="TotalAlive"         value="2" />
		  <property name="TotalPerWave"       value="2" />
		</day>
		<day value="3">
		  <property name="EntityGroupName"    value="BanditsAll" />
		  <property name="Time"               value="Any" />
		  <property name="DelayBetweenSpawns" value="1" />
		  <property name="TotalAlive"         value="3" />
		  <property name="TotalPerWave"       value="3" />
		</day>
		<day value="4">
		  <property name="EntityGroupName"    value="BanditsAll" />
		  <property name="Time"               value="Any" />
		  <property name="DelayBetweenSpawns" value="1" />
		  <property name="TotalAlive"         value="4" />
		  <property name="TotalPerWave"       value="4" />
		</day>
		<day value="5">
		  <property name="EntityGroupName"    value="BanditsAll" />
		  <property name="Time"               value="Any" />
		  <property name="DelayBetweenSpawns" value="1" />
		  <property name="TotalAlive"         value="5" />
		  <property name="TotalPerWave"       value="5" />
		</day>
		<day value="6">
		  <property name="EntityGroupName"    value="BanditsAll" />
		  <property name="Time"               value="Any" />
		  <property name="DelayBetweenSpawns" value="1" />
		  <property name="TotalAlive"         value="0" />
		  <property name="TotalPerWave"       value="0" />
		</day>
		<day value="7">
		  <property name="EntityGroupName"    value="BanditsAll" />
		  <property name="Time"               value="Any" />
		  <property name="DelayBetweenSpawns" value="1" />
		  <property name="TotalAlive"         value="0" />
		  <property name="TotalPerWave"       value="0" />
		</day>	
		<day value="8">
		  <property name="EntityGroupName"    value="BanditsAll" />
		  <property name="Time"               value="Any" />
		  <property name="DelayBetweenSpawns" value="1" />
		  <property name="TotalAlive"         value="0" />
		  <property name="TotalPerWave"       value="0" />
		</day>
		<day value="9">
		  <property name="EntityGroupName"    value="BanditsAll" />
		  <property name="Time"               value="Any" />
		  <property name="DelayBetweenSpawns" value="1" />
		  <property name="TotalAlive"         value="8" />
		  <property name="TotalPerWave"       value="10,20" />
		</day>	
		<day value="10">
		  <property name="EntityGroupName"    value="BanditsAll" />
		  <property name="Time"               value="Any" />
		  <property name="DelayBetweenSpawns" value="1" />
		  <property name="TotalAlive"         value="10" />
		  <property name="TotalPerWave"       value="10,20" />
		</day>		
		<day value="11">
		  <property name="EntityGroupName"    value="BanditsAll" />
		  <property name="Time"               value="Any" />
		  <property name="DelayBetweenSpawns" value="1" />
		  <property name="TotalAlive"         value="10" />
		  <property name="TotalPerWave"       value="10,20" />
		</day>	
		<day value="12">
		  <property name="EntityGroupName"    value="banditLeaderGroup" />
		  <property name="Time"               value="Any" />
		  <property name="DelayBetweenSpawns" value="1" />
		  <property name="TotalAlive"         value="2" />
		  <property name="TotalPerWave"       value="2" />
		</day>	
		<day value="13">
		  <property name="EntityGroupName"    value="BanditsAll" />
		  <property name="Time"               value="Any" />
		  <property name="DelayBetweenSpawns" value="1" />
		  <property name="TotalAlive"         value="0" />
		  <property name="TotalPerWave"       value="0" />
		</day>	
		<day value="14">
		  <property name="EntityGroupName"    value="BanditsAll" />
		  <property name="Time"               value="Any" />
		  <property name="DelayBetweenSpawns" value="1" />
		  <property name="TotalAlive"         value="0" />
		  <property name="TotalPerWave"       value="0" />
		</day>	
		<day value="15">
		  <property name="EntityGroupName"    value="BanditsAll" />
		  <property name="Time"               value="Any" />
		  <property name="DelayBetweenSpawns" value="1" />
		  <property name="TotalAlive"         value="0" />
		  <property name="TotalPerWave"       value="0" />
		</day>			
		<day value="16">
		  <property name="EntityGroupName"    value="BanditsAll" />
		  <property name="Time"               value="Any" />
		  <property name="DelayBetweenSpawns" value="1" />
		  <property name="TotalAlive"         value="15" />
		  <property name="TotalPerWave"       value="15,25" />
		</day>		
		<day value="17">
		  <property name="EntityGroupName"    value="BanditsAll" />
		  <property name="Time"               value="Any" />
		  <property name="DelayBetweenSpawns" value="1" />
		  <property name="TotalAlive"         value="15" />
		  <property name="TotalPerWave"       value="15,25" />
		</day>	
		<day value="18">
		  <property name="EntityGroupName"    value="BanditsAll" />
		  <property name="Time"               value="Any" />
		  <property name="DelayBetweenSpawns" value="1" />
		  <property name="TotalAlive"         value="15" />
		  <property name="TotalPerWave"       value="15,25" />
		</day>	
		<day value="19">
		  <property name="EntityGroupName"    value="banditLeaderGroup" />
		  <property name="Time"               value="Any" />
		  <property name="DelayBetweenSpawns" value="1" />
		  <property name="TotalAlive"         value="3" />
		  <property name="TotalPerWave"       value="5,8" />
		</day>		
		<day value="20">
		  <property name="EntityGroupName"    value="BanditsAll" />
		  <property name="Time"               value="Any" />
		  <property name="DelayBetweenSpawns" value="1" />
		  <property name="TotalAlive"         value="0" />
		  <property name="TotalPerWave"       value="0" />
		</day>	
		<day value="21">
		  <property name="EntityGroupName"    value="BanditsAll" />
		  <property name="Time"               value="Any" />
		  <property name="DelayBetweenSpawns" value="1" />
		  <property name="TotalAlive"         value="0" />
		  <property name="TotalPerWave"       value="0" />
		</day>	
		<day value="22">
		  <property name="EntityGroupName"    value="BanditsAll" />
		  <property name="Time"               value="Any" />
		  <property name="DelayBetweenSpawns" value="1" />
		  <property name="TotalAlive"         value="0" />
		  <property name="TotalPerWave"       value="0" />
		</day>		
		<day value="23">
		  <property name="EntityGroupName"    value="BanditsAll" />
		  <property name="Time"               value="Any" />
		  <property name="DelayBetweenSpawns" value="1" />
		  <property name="TotalAlive"         value="3" />
		  <property name="TotalPerWave"       value="3" />
		</day>	
		<day value="24">
		  <property name="EntityGroupName"    value="BanditsAll" />
		  <property name="Time"               value="Any" />
		  <property name="DelayBetweenSpawns" value="1" />
		  <property name="TotalAlive"         value="0" />
		  <property name="TotalPerWave"       value="0" />
		</day>			
		<day value="25">
		  <property name="EntityGroupName"    value="BanditsAll" />
		  <property name="Time"               value="Any" />
		  <property name="DelayBetweenSpawns" value="1" />
		  <property name="TotalAlive"         value="15" />
		  <property name="TotalPerWave"       value="15,25" />
		</day>	
		<day value="26">
		  <property name="EntityGroupName"    value="BanditsAll" />
		  <property name="Time"               value="Any" />
		  <property name="DelayBetweenSpawns" value="1" />
		  <property name="TotalAlive"         value="0" />
		  <property name="TotalPerWave"       value="0" />
		</day>		
		<day value="27">
		  <property name="EntityGroupName"    value="BanditsAll" />
		  <property name="Time"               value="Any" />
		  <property name="DelayBetweenSpawns" value="1" />
		  <property name="TotalAlive"         value="6" />
		  <property name="TotalPerWave"       value="6" />
		</day>			
	</entityspawner>
	
	<entityspawner name="RoamingBanditsSpawnNight" dynamic="true" wrapMode="wrap">
		<day value="1">
			<property name="EntityGroupName"    value="BanditsAll" />
			<property name="Time"               value="Any" />
			<property name="DelayBetweenSpawns" value="3" />
			<property name="TotalAlive"         value="3" />
			<property name="TotalPerWave"       value="3" />
		</day>
		<day value="2">
		  <property name="EntityGroupName"    value="BanditsAll" />
		  <property name="Time"               value="Any" />
		  <property name="DelayBetweenSpawns" value="1" />
		  <property name="TotalAlive"         value="5" />
		  <property name="TotalPerWave"       value="5" />
		</day>
		<day value="3">
		  <property name="EntityGroupName"    value="BanditsAll" />
		  <property name="Time"               value="Any" />
		  <property name="DelayBetweenSpawns" value="1" />
		  <property name="TotalAlive"         value="5" />
		  <property name="TotalPerWave"       value="5,10" />
		</day>
		<day value="4">
		  <property name="EntityGroupName"    value="BanditsAll" />
		  <property name="Time"               value="Any" />
		  <property name="DelayBetweenSpawns" value="1" />
		  <property name="TotalAlive"         value="5" />
		  <property name="TotalPerWave"       value="5,10" />
		</day>
		<day value="5">
		  <property name="EntityGroupName"    value="banditLeaderGroup" />
		  <property name="Time"               value="Any" />
		  <property name="DelayBetweenSpawns" value="1" />
		  <property name="TotalAlive"         value="3" />
		  <property name="TotalPerWave"       value="3,6" />
		</day>
		<day value="6">
		  <property name="EntityGroupName"    value="BanditsNight" />
		  <property name="Time"               value="Any" />
		  <property name="DelayBetweenSpawns" value="1" />
		  <property name="TotalAlive"         value="0" />
		  <property name="TotalPerWave"       value="0" />
		</day>
		<day value="7">
		  <property name="EntityGroupName"    value="BanditsNight" />
		  <property name="Time"               value="Any" />
		  <property name="DelayBetweenSpawns" value="1" />
		  <property name="TotalAlive"         value="0" />
		  <property name="TotalPerWave"       value="0" />
		</day>	
		<day value="8">
		  <property name="EntityGroupName"    value="BanditsNight" />
		  <property name="Time"               value="Any" />
		  <property name="DelayBetweenSpawns" value="1" />
		  <property name="TotalAlive"         value="0" />
		  <property name="TotalPerWave"       value="0" />
		</day>
		<day value="9">
		  <property name="EntityGroupName"    value="BanditsNight" />
		  <property name="Time"               value="Any" />
		  <property name="DelayBetweenSpawns" value="1" />
		  <property name="TotalAlive"         value="10" />
		  <property name="TotalPerWave"       value="10,20" />
		</day>	
		<day value="10">
		  <property name="EntityGroupName"    value="BanditsNight" />
		  <property name="Time"               value="Any" />
		  <property name="DelayBetweenSpawns" value="1" />
		  <property name="TotalAlive"         value="10" />
		  <property name="TotalPerWave"       value="10,20" />
		</day>		
		<day value="11">
		  <property name="EntityGroupName"    value="BanditsNight" />
		  <property name="Time"               value="Any" />
		  <property name="DelayBetweenSpawns" value="1" />
		  <property name="TotalAlive"         value="10" />
		  <property name="TotalPerWave"       value="10,20" />
		</day>	
		<day value="12">
		  <property name="EntityGroupName"    value="banditLeaderGroup" />
		  <property name="Time"               value="Any" />
		  <property name="DelayBetweenSpawns" value="1" />
		  <property name="TotalAlive"         value="3" />
		  <property name="TotalPerWave"       value="4,7" />
		</day>	
		<day value="13">
		  <property name="EntityGroupName"    value="BanditsNight" />
		  <property name="Time"               value="Any" />
		  <property name="DelayBetweenSpawns" value="1" />
		  <property name="TotalAlive"         value="0" />
		  <property name="TotalPerWave"       value="0" />
		</day>	
		<day value="14">
		  <property name="EntityGroupName"    value="BanditsNight" />
		  <property name="Time"               value="Any" />
		  <property name="DelayBetweenSpawns" value="1" />
		  <property name="TotalAlive"         value="0" />
		  <property name="TotalPerWave"       value="0" />
		</day>	
		<day value="15">
		  <property name="EntityGroupName"    value="BanditsNight" />
		  <property name="Time"               value="Any" />
		  <property name="DelayBetweenSpawns" value="1" />
		  <property name="TotalAlive"         value="0" />
		  <property name="TotalPerWave"       value="0" />
		</day>			
		<day value="16">
		  <property name="EntityGroupName"    value="BanditsNight" />
		  <property name="Time"               value="Any" />
		  <property name="DelayBetweenSpawns" value="1" />
		  <property name="TotalAlive"         value="15" />
		  <property name="TotalPerWave"       value="15,25" />
		</day>		
		<day value="17">
		  <property name="EntityGroupName"    value="BanditsNight" />
		  <property name="Time"               value="Any" />
		  <property name="DelayBetweenSpawns" value="1" />
		  <property name="TotalAlive"         value="15" />
		  <property name="TotalPerWave"       value="15,25" />
		</day>	
		<day value="18">
		  <property name="EntityGroupName"    value="BanditsNight" />
		  <property name="Time"               value="Any" />
		  <property name="DelayBetweenSpawns" value="1" />
		  <property name="TotalAlive"         value="15" />
		  <property name="TotalPerWave"       value="15,25" />
		</day>	
		<day value="19">
		  <property name="EntityGroupName"    value="banditLeaderGroup" />
		  <property name="Time"               value="Any" />
		  <property name="DelayBetweenSpawns" value="1" />
		  <property name="TotalAlive"         value="6" />
		  <property name="TotalPerWave"       value="6" />
		</day>		
		<day value="20">
		  <property name="EntityGroupName"    value="BanditsNight" />
		  <property name="Time"               value="Any" />
		  <property name="DelayBetweenSpawns" value="1" />
		  <property name="TotalAlive"         value="0" />
		  <property name="TotalPerWave"       value="0" />
		</day>	
		<day value="21">
		  <property name="EntityGroupName"    value="BanditsNight" />
		  <property name="Time"               value="Any" />
		  <property name="DelayBetweenSpawns" value="1" />
		  <property name="TotalAlive"         value="0" />
		  <property name="TotalPerWave"       value="0" />
		</day>	
		<day value="22">
		  <property name="EntityGroupName"    value="BanditsNight" />
		  <property name="Time"               value="Any" />
		  <property name="DelayBetweenSpawns" value="1" />
		  <property name="TotalAlive"         value="0" />
		  <property name="TotalPerWave"       value="0" />
		</day>		
		<day value="23">
		  <property name="EntityGroupName"    value="BanditsNight" />
		  <property name="Time"               value="Any" />
		  <property name="DelayBetweenSpawns" value="1" />
		  <property name="TotalAlive"         value="3" />
		  <property name="TotalPerWave"       value="3" />
		</day>			
	</entityspawner>
	
	<entityspawner name="NightBandits" dynamic="true" wrapMode="clamp"> <!-- these are feral Banditss who will find the player for sure -->
		<day value="*">
			<property name="ResetToday"         value="true" />
			<property name="EntityGroupName"    value="BanditsNight" />
			<property name="DelayBetweenSpawns" value="1" />
			<property name="TotalAlive"         value="0" />
			<property name="TotalPerWave"       value="0" />
		</day>
		<day value="7">
			<property name="ResetToday"         value="true" />
			<property name="EntityGroupName"    value="BanditsNight" />
			<property name="DelayBetweenSpawns" value="1" />
			<property name="TotalAlive"         value="8" />
			<property name="TotalPerWave"       value="50" />
		</day>		
		<day value="14">
			<property name="ResetToday"         value="true" />
			<property name="EntityGroupName"    value="BanditsNight" />
			<property name="DelayBetweenSpawns" value="1" />
			<property name="TotalAlive"         value="8" />
			<property name="TotalPerWave"       value="100" />
		</day>
		<day value="21">
			<property name="ResetToday"         value="true" />
			<property name="EntityGroupName"    value="BanditsWastelandNightNoBears" />
			<property name="DelayBetweenSpawns" value="1" />
			<property name="TotalAlive"         value="8" />
			<property name="TotalPerWave"       value="150" />
		</day>	
		<day value="28">
			<property name="ResetToday"         value="true" />
			<property name="EntityGroupName"    value="BanditsWastelandNightNoBears" />
			<property name="DelayBetweenSpawns" value="1" />
			<property name="TotalAlive"         value="8" />
			<property name="TotalPerWave"       value="175" />
		</day>
		<day value="35">
			<property name="ResetToday"         value="true" />
			<property name="EntityGroupName"    value="BanditsWastelandNightNoBears" />
			<property name="DelayBetweenSpawns" value="1" />
			<property name="TotalAlive"         value="8" />
			<property name="TotalPerWave"       value="200" />
		</day>
		<day value="42">
			<property name="ResetToday"         value="true" />
			<property name="EntityGroupName"    value="BanditsWastelandNightNoBears" />
			<property name="DelayBetweenSpawns" value="1" />
			<property name="TotalAlive"         value="8" />
			<property name="TotalPerWave"       value="250" />
		</day>
		<day value="49">
			<property name="ResetToday"         value="true" />
			<property name="EntityGroupName"    value="BanditsWastelandNight2NoBears" />
			<property name="DelayBetweenSpawns" value="1" />
			<property name="TotalAlive"         value="8" />
			<property name="TotalPerWave"       value="300" />
		</day>														
	</entityspawner>

	