<stallionsden>
<append xpath="/items">
 <item name="Clingwrap">
		<property name="DescriptionKey" value="ClingwrapDesc"/>
		<property name="Meshfile" value="Items/Misc/sackPrefab" />
		<property name="DropMeshfile" value="Items/Misc/sack_droppedPrefab" />
		<property name="CustomIcon" value="Clingwrap" />
		<property name="Material" value="Morganic" />
		<property name="HoldType" value="3" />
		<property name="Stacknumber" value="30000" />
		<property class="Preview">
			<property name="Zoom" value="28" />
			<property name="Pos" value="0,-0.05" />
			<property name="Rot" value="90,45,0" />
		</property>
	</item>
	<item name="stripsClingwrap">
		<property name="DescriptionKey" value="stripsClingwrapDesc"/>
		<property name="Meshfile" value="Items/Misc/sackPrefab" />
		<property name="DropMeshfile" value="Items/Misc/sack_droppedPrefab" />
		<property name="Material" value="Morganic" />
		<property name="CustomIcon" value="stripsClingwrap" />
		<property name="HoldType" value="3" />
		<property name="Stacknumber" value="30000" />
		<property class="Preview">
			<property name="Zoom" value="28" />
			<property name="Pos" value="0,-0.05" />
			<property name="Rot" value="90,45,0" />
		</property>
		<property name="Group" value="Food/Cooking" />
	</item>
	<item name="sealedMeat">
		<property name="DescriptionKey" value="sealedMeatDesc"/>
		<property name="Meshfile" value="Items/Misc/sackPrefab" />
		<property name="DropMeshfile" value="Items/Misc/sack_droppedPrefab" />
		<property name="CustomIcon" value="sealedMeat" />
		<property name="Material" value="Morganic" />
		<property name="HoldType" value="3" />
		<property name="Stacknumber" value="30000" />
		<property name="Group" value="Chemicals" />
		<property class="Preview">
			<property name="Zoom" value="28" />
			<property name="Pos" value="0,-0.05" />
			<property name="Rot" value="90,45,0" />
		</property>
		<property name="Group" value="Food/Cooking" />
	</item>
</append>	  
</stallionsden>