<!-- Bandits -->
<item id="2001" name="banditchainsaw" >
		<property name="Extends" value="chainsaw" />
		<property class="Parts">
		<property name="Stock" value="banditpartsChainsaw_parts" />
		<property name="Receiver" value="banditsmallEngine" />
		<property name="Pump" value="banditpartsHandlebars" /> <!-- DegradationRate -->
		<property name="Barrel" value="banditpartsChainsaw_blade" />
		 </property>
		<property class="Action0"> 
		<property name="Class" value="Ranged" />
		<property name="Delay" value="1" />
		<property name="Magazine_size" value="1" />
		<property name="Infinite_ammo" value="true" />
		<property name="Single_magazine_usage" value="false" />
		<property name="Magazine_items" value="banditgasCan" />
		<property name="Reload_time" value="1" />	
		</property>
		<property name="SellableToTrader" value="false" />
		<property name="Candrop" value="false" />
		<property name="IsDeveloper" value="true" />
		</item>

<item id="2002" name="banditclubSpiked" >
	<property name="Extends" value="clubIron" />
	<property name="EntityDamage" value="45,75" />
		<property name="BlockDamage" value="11.8,29.5" />
		<property name="SellableToTrader" value="false" />
	<property name="Candrop" value="false" />
	<property name="IsDeveloper" value="true" />
	</item>

<item id="2003" name="banditsledgehammer" >
<property name="Extends" value="sledgehammer" />
		<property class="Action0"> <!-- AttackAction -->
		<property name="Delay" value="1" />
		<property name="Range" value="2" />	
		</property>
		<property name="SellableToTrader" value="false" />
		<property name="Candrop" value="false" />
		<property name="IsDeveloper" value="true" />
		</item>

<item id="2004" name="banditclubWood" >
<property name="Extends" value="clubWood" />
<property name="SellableToTrader" value="false" />
	<property name="Candrop" value="false" />
	<property name="IsDeveloper" value="true" />
	</item>

<item id="2005" name="banditfireaxeSteel" >
<property name="Extends" value="fireaxeSteel" />
<property name="SellableToTrader" value="false" />
	<property name="Candrop" value="false" />
	<property name="IsDeveloper" value="true" />
	</item>

<item id="2006" name="banditmachete" >
<property name="Extends" value="machete" />
	<property class="Action0"> <!-- AttackAction -->
		<property name="Delay" value="1" />
		</property>
		<property name="SellableToTrader" value="false" />
		<property name="Candrop" value="false" />
		<property name="IsDeveloper" value="true" />
		</item>

<item id="2007" name="banditgunPistol" >
<property name="Extends" value="gunPistol" />
	<property class="Parts">
		<property name="Stock" value="banditpartsPistol_grip" />
		<property name="Receiver" value="banditpartsPistol_receiver" />
		<property name="Pump" value="banditpartsPistol_parts" />
		<property name="Barrel" value="banditpartsPistol_barrel" />
	</property>
	<property class="Action0"> <!-- AttackAction -->
		<property name="Class" value="Ranged" />
		<property name="Delay" value="0.5" />
		<property name="Magazine_size" value="1" />
		<property name="Infinite_ammo" value="true" />
		<property name="Magazine_items" value="bandit9mmBullet" />
		<property name="Reload_time" value="0.1" />
		</property>
		<property name="SellableToTrader" value="false" />
		<property name="Candrop" value="false" />
	<property name="IsDeveloper" value="true" />
	</item>

<item id="2008" name="banditgun44Magnum" >
	<property name="Extends" value="gun44Magnum" />
			<property class="Parts">
		<property name="Stock" value="banditparts44Magnum_grip" />
		<property name="Receiver" value="banditparts44Magnum_cylinder" />
		<property name="Pump" value="banditparts44Magnum_parts" />
		<property name="Barrel" value="banditparts44Magnum_frame" />
	</property>
	<property class="Action0"> <!-- AttackAction -->
		<property name="Class" value="Ranged" />
		<property name="Delay" value="1" />
		<property name="Magazine_size" value="1" />
		<property name="Infinite_ammo" value="true" />
		<property name="Magazine_items" value="bandit44MagBullet" />
		<property name="Reload_time" value="0.1" />
		</property>
		<property name="SellableToTrader" value="false" />
		<property name="Candrop" value="false" />
	<property name="IsDeveloper" value="true" />
		</item>

<item id="2009" name="banditgunSawedOffPumpShotgun" >
<property name="Extends" value="gunSawedOffPumpShotgun" />
	<property class="Parts">
		<property name="Stock" value="banditpartsPumpShotgun_stockShort" />
		<property name="Receiver" value="banditpartsPumpShotgun_receiver" />
		<property name="Pump" value="banditpartsPumpShotgun_parts" />
		<property name="Barrel" value="banditpartsPumpShotgun_barrelShort" />
	</property>
		<property class="Action0"> <!-- AttackAction -->
		<property name="Delay" value="2" />
		<property name="Magazine_size" value="1" />
		<property name="Infinite_ammo" value="true" />
		<property name="Magazine_items" value="banditshotgunShell" />
		<property name="Reload_time" value="1" />
		</property>
		<property name="SellableToTrader" value="false" />
		<property name="Candrop" value="false" />
	<property name="IsDeveloper" value="true" />
		</item>

<item id="2010" name="banditgunMP5" >
<property name="Extends" value="gunMP5" />
		<property class="Parts">
		<property name="Stock" value="banditpartsMP5_stock" />
		<property name="Receiver" value="banditpartsMP5_receiver" />
		<property name="Pump" value="banditpartsMP5_parts" />
		<property name="Barrel" value="banditpartsMP5_barrel" />
	</property>
		<property class="Action0"> <!-- AttackAction -->
		<property name="Delay" value="3" />
		<property name="Magazine_size" value="1" />
		<property name="Infinite_ammo" value="true" />
		<property name="Magazine_items" value="bandit10mmBullet" />
		<property name="Reload_time" value="2" />
		</property>
		<property name="SellableToTrader" value="false" />
		<property name="Candrop" value="false" />
	<property name="IsDeveloper" value="true" />
		</item>

<item id="2011" name="banditgunAK47" >
<property name="Extends" value="gunAK47" />
<property class="Parts">
		<property name="Stock" value="banditpartsAK47_stock" />
		<property name="Receiver" value="banditpartsAK47_receiver" />
		<property name="Pump" value="banditpartsAK47_parts" />
		<property name="Barrel" value="banditpartsAK47_barrel" />
	</property>
	<property class="Action0"> <!-- AttackAction -->
		<property name="Delay" value="4" />
		<property name="Magazine_size" value="1" />
		<property name="Infinite_ammo" value="true" />
		<property name="Magazine_items" value="bandit762mmBullet" />
		<property name="Reload_time" value="4" />
</property>
<property name="SellableToTrader" value="false" />
		<property name="Candrop" value="false" />
	<property name="IsDeveloper" value="true" />
		</item>

<item id="2012" name="banditgunHuntingRifle" >
<property name="Extends" value="gunHuntingRifle" />
		<property class="Parts">
		<property name="Stock" value="banditpartsHuntingRifle_stock" />
		<property name="Receiver" value="banditpartsHuntingRifle_receiver" />
		<property name="Pump" value="banditpartsHuntingRifle_parts" />
		<property name="Barrel" value="banditpartsHuntingRifle_barrel" />
	</property>
		<property class="Action0"> <!-- AttackAction -->
		<property name="Delay" value="2" />
		<property name="Magazine_size" value="1" />
		<property name="Infinite_ammo" value="true" />
		<property name="Magazine_items" value="bandit762mmBullet" />
		<property name="Reload_time" value="2" />
		</property>
		<property name="SellableToTrader" value="false" />
		<property name="Candrop" value="false" />
	<property name="IsDeveloper" value="true" />
		</item>

<item id="2013" name="banditgunSniperRifle" >
<property name="Extends" value="gunSniperRifle" />
		<property class="Parts">
		<property name="Stock" value="banditpartsSniperRifle_stock" />
		<property name="Receiver" value="banditpartsSniperRifle_receiver" />
		<property name="Pump" value="banditpartsSniperRifle_parts" />
		<property name="Barrel" value="banditpartsSniperRifle_barrel" />
	</property>
				<property class="Action0"> <!-- AttackAction -->
		<property name="Delay" value="2" />
		<property name="Magazine_size" value="1" />
		<property name="Infinite_ammo" value="true" />
		<property name="Magazine_items" value="bandit762mmBullet" />
		<property name="Reload_time" value="2" />
		</property>
		<property name="SellableToTrader" value="false" />
		<property name="Candrop" value="false" />
	<property name="IsDeveloper" value="true" />
		</item>		

<item id="2014" name="banditgunRocketLauncher" >
<property name="Extends" value="gunRocketLauncher" />
		<property class="Parts">
		<property name="Stock" value="banditpartsRocketLauncher_stock" />
		<property name="Receiver" value="banditpartsRocketLauncher_receiver" />
		<property name="Pump" value="banditpartsRocketLauncher_parts" />
		<property name="Barrel" value="banditpartsRocketLauncher_barrel" />
	</property>
		<property class="Action0"> <!-- AttackAction -->
		<property name="Delay" value="4" />
		<property name="Magazine_size" value="1" />
		<property name="Infinite_ammo" value="true" />
		<property name="Magazine_items" value="banditrocket" />
		<property name="Reload_time" value="6" />
		</property>
		<property name="SellableToTrader" value="false" />
		<property name="Candrop" value="false" />
		<property name="IsDeveloper" value="true" />
		</item>

<item id="2015" name="banditblunderbuss" >
<property name="Extends" value="banditgunSawedOffPumpShotgun" />
	<property name="Meshfile" value="Items/Weapons/Ranged/blunderbuss/blunderbussPrefab" />
	<property name="Material" value="metal" />
	<property name="RepairTools" value="repairKit" />
	<property name="EconomicValue" value="460" />
	<property name="HoldType" value="39" />
	<property name="SellableToTrader" value="false" />
	<property name="Candrop" value="false" />
		<property name="IsDeveloper" value="true" />
 	<property name="DegradationBreaksAfter" value="false" />
	<property name="SoundJammed" value="Weapons/weapon_jam" />
	<property class="Action0"> <!-- AttackAction -->
		<property name="Class" value="Ranged" />
		<property name="Delay" value="5" />
		<property name="Range" value="40" />
		<property name="Crosshair_min_distance" value="30" />
		<property name="Crosshair_max_distance" value="50" />
		<property name="Magazine_size" value="1" />
		<property name="Infinite_ammo" value="true" />
		<property name="Magazine_items" value="banditblunderbussAmmo" />
		<property name="Magazine_item_ray_counts" value="10" />
		<property name="Magazine_item_ray_spreads" value="0.96" />
		<property name="Reload_time" value="3" />
		<property name="Bullet_icon" value="uzi" />
		<property name="Sound_start" value="Weapons/Ranged/Blunderbuss/blunderbuss_fire" />
		<property name="Sound_repeat" value="" />
		<property name="Sound_end" value="" />
		<property name="Sound_empty" value="Weapons/weapon_empty" />
		<property name="Sound_reload" value="Weapons/Ranged/Blunderbuss/blunderbuss_reload" />
		<property name="Particles_muzzle_fire" value="nozzleflash_shotgun" />
		<property name="Particles_muzzle_smoke" value="nozzlesmokeuzi" />
		<property name="DamageBonus.head" value="3" />
		<property name="DamageBonus.wood" value="2.5" />
		<property name="DamageBonus.glass" value="25" />
		<property name="DamageBonus.earth" value=".2" />
		<property name="Buff" value="shotgunWound" />
		<property name="Buff_chance" value=".8" />
	</property>
	<property class="Action1"> <!-- UseAction -->
		<property name="Class" value="Zoom" />
		<property name="Zoom_max_out" value="40" />
		<property name="Zoom_max_in" value="40" />
	</property>
	<property name="Group" value="Ammo/Weapons" />
	<property class="Attributes">
		<property name="EntityDamage" value="6,9.4" />
		<property name="BlockDamage" value="0,0" />
		<property name="Accuracy" value="1,0.1" />
		<property name="DegradationMax" value="0,0" />
		<property name="DegradationRate" value="0,0" />
	</property>
	<property name="Group" value="Ammo/Weapons" />
	<property name="ActionSkillGroup" value="Shotguns"/>
	<property name="CraftingSkillGroup" value="Weapon Smithing"/> <!-- 15.0 workaround. Should be Gun Smithing -->
	<property name="RepairExpMultiplier" value="10.8"/>
</item>

<item id="2016" name="banditwoodenBow" >
<property name="Extends" value="banditblunderbuss" />
	<property name="Meshfile" value="Items/Weapons/Ranged/Bows/WoodenBow/WoodenBowPrefab" />
 	<property name="Material" value="wood" />
	<property name="RepairTools" value="wood" />
	<property name="HoldType" value="27" />
	<property name="FuelValue" value="36" />
	<property name="SellableToTrader" value="false" />
	<property name="Candrop" value="false" />
		<property name="IsDeveloper" value="true" />
	<property name="DegradationBreaksAfter" value="false" />
	<property name="SoundJammed" value="ItemNeedsRepair" />
 	<property name="SoundDestroy" value="wooddestroy1" />
	<property name="CrosshairOnAim" value="true" />
	<property name="CrosshairUpAfterShot" value="false" />
	<property class="Action0"> <!-- AttackAction -->
		<property name="Class" value="Ranged" />
		<!-- Catapult might not be the best name for it but it can also be used for a slingshot -->
		<property name="Hitmask_override" value="Arrow" />
		<property name="Delay" value="0.5" />
		<property name="Magazine_size" value="1" />
		<property name="Infinite_ammo" value="true" />
		<property name="Magazine_items" value="banditarrow" />
		<property name="Rays_spread" value="0.017" />
		<property name="Reload_time" value="0.1" />
		<property name="Bullet_icon" value="uzi" />
		<property name="Sound_start" value="Weapons/Ranged/Bows/Bow/bow_fire" />
		<property name="Sound_repeat" value="" />
		<property name="Sound_end" value="" />
		<property name="Sound_empty" value="Weapons/weapon_empty" />
		<property name="Sound_reload" value="Weapons/Ranged/Bows/Bow/bow_reload" />
		<property name="Sound_draw" value="Weapons/Ranged/Bows/Bow/bow_draw" />
		<property name="Sound_cancel" value="Weapons/Ranged/Bows/Bow/bow_fire_cancel" />
		<property name="Particles_muzzle_fire" value="nozzleflashuzi" />
		<property name="Particles_muzzle_smoke" value="nozzlesmokeuzi" />
		<property name="Max_strain_time" value=".5" />
		<!-- ammunition can override Exp values 
		<property name="ActionExp" value="3" />
		<property name="ActionExpBonusMultiplier" value="3" />-->
	</property>
	<property class="Action1"> <!-- UseAction -->
		<property name="Class" value="Zoom" />
		<property name="Zoom_max_out" value="35" />
		<property name="Zoom_max_in" value="35" />
	</property>
	<property name="Group" value="Ammo/Weapons,Basics" />
	<property class="Attributes">
		<property name="DegradationRate" value="1,1" />
		<property name="DegradationMax" value="50,600" />
	</property>
	<property name="DescriptionKey" value="woodenBowDesc"/>
	<property name="ActionSkillGroup" value="Archery"/>
	<property name="CraftingSkillGroup" value="Weapon Smithing"/>
	<property name="RepairExpMultiplier" value="5.5"/>
	<property name="PickupJournalEntry" value="alternateAmmoTip" />
</item>
	
<item id="2017" name="banditAuger" >
	<property name="Extends" value="auger" />
	<property class="Parts">
		<property name="Stock" value="banditpartsAuger_parts" />
		<property name="Receiver" value="banditsmallEngine" />
		<property name="Pump" value="banditpartsHandlebars" /> <!-- DegradationRate -->
		<property name="Barrel" value="banditpartsAuger_blade" />
	</property>
		<property class="Action0"> <!-- AttackAction -->
		<property name="Class" value="Melee" />
		<property name="Auto_fire" value="true" />
		<property name="Delay" value="0.1" />
		<property name="Magazine_size" value="1" />
		<property name="Infinite_ammo" value="true" />
		<property name="Magazine_items" value="banditgasCan" />
		<property name="Reload_time" value="1" />
		<property name="Range" value="2.1" />
		<property name="Block_range" value="3" />
		<property name="DamageBonus.head" value="0" />
		<property name="DamageBonus.glass" value="250" />
		<property name="DamageBonus.wood" value="100" />
		<property name="DamageBonus.metal" value="1000" />
		<property name="DamageBonus.earth" value="750" />
		<property name="DamageBonus.organic" value="100" />
		<property name="EntityDamage" value="25,50" />
		<property name="BlockDamage" value="200,2600" />
		</property>
		<property name="SellableToTrader" value="false" />
	<property name="Candrop" value="false" />
		<property name="IsDeveloper" value="true" />
		</item>		

	<item id="2018" name="banditgunPumpShotgun">
	<property name="Extends" value="gunPumpShotgun" />
		<property class="Parts">
		<property name="Stock" value="banditpartsPumpShotgun_stock" />
		<property name="Receiver" value="banditpartsPumpShotgun_receiver" />
		<property name="Pump" value="banditpartsPumpShotgun_parts" />
		<property name="Barrel" value="banditpartsPumpShotgun_barrel" />
	</property>

		<property class="Action0"> <!-- AttackAction -->
		<property name="Delay" value="3" />
		<property name="Magazine_size" value="1" />
		<property name="Infinite_ammo" value="true" />
		<property name="Magazine_items" value="banditShotgunSlug" />
		<property name="Magazine_item_ray_counts" value="2, 1" />
		<property name="Magazine_item_ray_spreads" value="0.75, 0.25" />
		<property name="Reload_time" value="2.6" />
				</property>
				<property name="SellableToTrader" value="false" />
		<property name="Candrop" value="false" />
		<property name="IsDeveloper" value="true" />
		</item>	

<item id="2019" name="banditcrossbow" >
<property name="Extends" value="banditblunderbuss" />
		<property name="Meshfile" value="Items/Weapons/Ranged/Bows/Crossbow/crossbowPrefab" />
		<property name="Material" value="metal" />
		<property name="RepairTools" value="repairKit" />
		<property name="HoldType" value="26" />
		<property name="SellableToTrader" value="false" />
		<property name="Candrop" value="false" />
		<property name="IsDeveloper" value="true" />
		<property name="DegradationBreaksAfter" value="false" />
		<property name="SoundJammed" value="Weapons/weapon_jam" />
		<property name="SoundDestroy" value="wooddestroy1" />
		<property name="Attachments" value="flashlight02" />
		<property class="Action0"> <!-- AttackAction -->
		<property name="Class" value="Ranged" />
		<property name="Hitmask_override" value="Arrow" />
		<property name="Crosshair_min_distance" value="5" />
		<property name="Crosshair_max_distance" value="50" />
		<!--<property name="Range" value="200" />-->
		<property name="Delay" value="2" />
		<property name="Magazine_size" value="1" />
		<property name="Infinite_ammo" value="true" />
		<property name="Magazine_items" value="banditCrossbowBolt" />
		<property name="Reload_time" value="3" />
		<property name="Bullet_icon" value="uzi" />
		<property name="Sound_start" value="Weapons/Ranged/Bows/Crossbow/crossbow_fire" />
		<property name="Sound_repeat" value="" />
		<property name="Sound_end" value="" />
		<property name="Sound_empty" value="Weapons/weapon_empty" />
		<property name="Sound_reload" value="Weapons/Ranged/Bows/Crossbow/crossbow_reload" />
		</property>
		<property class="Action1"> <!-- UseAction -->
		<property name="Class" value="Zoom" />
		<property name="Zoom_max_out" value="45" />
		<property name="Zoom_max_in" value="45" />
		</property>
		<property name="LightSource" value="lightSource" /> <!-- Start: Needed for the attachment flashlight -->
		<property name="ActivateObject" value="Attachments/flashlight/lightSource" />
		<property name="AttachmentFlashlight" value="flashlight02" /> <!-- End: Needed for the attachment flashlight -->
		<property name="Group" value="Ammo/Weapons" />
		<property name="ActionSkillGroup" value="Shotguns"/>
		<property name="CraftingSkillGroup" value="Gun Smithing"/>
		<property name="RepairExpMultiplier" value="10.8"/>
		<property name="PickupJournalEntry" value="gunAssemblyTip,augmentGunsTip" />
		</item>

<item id="2020" name="banditcrossbow1" >
<property name="Extends" value="banditcrossbow" />
<property name="SellableToTrader" value="false" />
<property name="Candrop" value="false" />
		<property name="IsDeveloper" value="true" />
		<property name="Magazine_items" value="banditexplodingCrossbowBolt" />
	</item>

<item id="2021" name="banditcrossbow2" >
<property name="Extends" value="banditcrossbow" />
<property name="SellableToTrader" value="false" />
<property name="Candrop" value="false" />
		<property name="IsDeveloper" value="true" />
		<property name="Magazine_items" value="banditsteelCrossbowBolt" />
	</item>	

	<item id="2022" name="bandit9mmBullet" >
	<property name="Extends" value="9mmBullet" />
	<property name="SellableToTrader" value="false" />
<property name="Candrop" value="false" />
		<property name="IsDeveloper" value="true" />
	</item>

<item id="2023" name="bandit10mmBullet" >
<property name="Extends" value="10mmBullet" />
	<property name="SellableToTrader" value="false" />
<property name="Candrop" value="false" />
		<property name="IsDeveloper" value="true" />
	</item>

<item id="2024" name="bandit44MagBullet" >
<property name="Extends" value="44MagBullet" />
	<property name="SellableToTrader" value="false" />
<property name="Candrop" value="false" />
		<property name="IsDeveloper" value="true" />
	</item>

<item id="2025" name="bandit762mmBullet" >
<property name="Extends" value="762mmBullet" />
	<property name="SellableToTrader" value="false" />
<property name="Candrop" value="false" />
		<property name="IsDeveloper" value="true" />
	</item>

<item id="2026" name="banditshotgunShell" >
<property name="Extends" value="shotgunShell" />
	<property name="SellableToTrader" value="false" />
<property name="Candrop" value="false" />
		<property name="IsDeveloper" value="true" />
	</item>

<item id="2027" name="banditrocket" >
<property name="Extends" value="rocket" />
	<property name="SellableToTrader" value="false" />
<property name="Candrop" value="false" />
		<property name="IsDeveloper" value="true" />
	</item>

<item id="2028" name="banditblunderbussAmmo" >
<property name="Extends" value="blunderbussAmmo" />
	<property name="SellableToTrader" value="false" />
<property name="Candrop" value="false" />
		<property name="IsDeveloper" value="true" />
	</item>

<item id="2029" name="banditgasCan" >
<property name="Extends" value="gasCan" />
	<property name="SellableToTrader" value="false" />
<property name="Candrop" value="false" />
		<property name="IsDeveloper" value="true" />
	</item>

<item id="2030" name="banditCrossbowBolt" > 
<property name="Extends" value="ironCrossbowBolt" />
<property name="SellableToTrader" value="false" />
<property name="Candrop" value="false" />
		<property name="IsDeveloper" value="true" />
</item>

<item id="2031" name="banditsteelCrossbowBolt" >
<property name="Extends" value="banditCrossbowBolt" />
	<property name="SellableToTrader" value="false" />
<property name="Candrop" value="false" />
		<property name="IsDeveloper" value="true" />
	</item>

<item id="2032" name="banditexplodingCrossbowBolt" >
<property name="Extends" value="explodingCrossbowBolt" />
	<property name="SellableToTrader" value="false" />
<property name="Candrop" value="false" />
		<property name="IsDeveloper" value="true" />
	</item>

<item id="2033" name="banditarrow" >
<property name="Extends" value="arrow" />
	<property name="SellableToTrader" value="false" />
<property name="Candrop" value="false" />
		<property name="IsDeveloper" value="true" />
	</item>

<item id="2034" name="banditShotgunSlug">
	<property name="Extends" value="shotgunSlug" />
	<property name="SellableToTrader" value="false" />
<property name="Candrop" value="false" />
		<property name="IsDeveloper" value="true" />
	</item>
	
		<item id="2035" name="banditPipeBomb">
		<property name="Extends" value="pipeBomb" />
		<property name="SellableToTrader" value="false" />
<property name="Candrop" value="false" />
		<property name="IsDeveloper" value="true" />
	<property name="Explosion.BlockDamage" value="150" />
	<property name="Explosion.EntityDamage" value="90" />
	<property name="Explosion.ParticleIndex" value="1" />
	<property name="Explosion.RadiusBlocks" value="30" />
	<property name="Explosion.RadiusEntities" value="15" />
	<property name="Explosion.DamageBonus.stone" value="25" />
	<property name="Explosion.DamageBonus.metal" value="25" />
	<property name="Explosion.DamageBonus.earth" value="25" /> <!-- should work? -->
	<property name="Explosion.DamageBonus.wood" value="25" />
	<property name="Explosion.DamageBonus.water" value="0" />
	<property name="Explosion.DamageBonus.glass" value="25" />
	<property name="FuseTime" value="0.5" /> <!-- End: Needed for  time in sec, max 6 -->
	<property name="DropScale" value="2" />
	<property class="Action0"> <!-- AttackAction -->
		<property name="Class" value="ThrowAway" />
		<!-- <property name="Hitmask_override" value="Arrow" /> unfortunately this cannot work without a serious rewrite of the hitmask system -->
		<property name="Delay" value="2" />
		<property name="Throw_strength_default" value="30" />
		<property name="Throw_strength_max" value="50" />
		<property name="Max_strain_time" value="3" />
		</property>
	</item>
	
	<item id="2036" name="handGrenade">
	<property name="Extends" value="handCopZombie" />
	<property name="SellableToTrader" value="false" />
<property name="Candrop" value="false" />
		<property name="IsDeveloper" value="true" />
	<property class="Action0"> <!-- AttackAction -->
		<property name="Range" value="30" />
		<property name="DamageEntity" value="80" />
		<property name="DamageBlock" value="250" />
		<property name="Buff" value="bleeding,infection,stunned" />
		<property name="Buff_chance" value="0.2,0.2,0.4" />
	</property>
	<property class="Action1"> <!-- UseAction -->
		<property name="Class" value="Vomit" />
		<property name="Delay" value="4" />
		<property name="Range" value="200" />
		<property name="Auto_fire" value="true" />
		<property name="Infinite_ammo" value="true" />
		<property name="Magazine_items" value="PipeBombProjectile" />
		<property name="Rays_spread" value="1" />
		<property name="Reload_time" value="3" />
 		</property>
</item>

<item id="2037" name="PipeBombProjectile">
	<property name="Extends" value="banditPipeBomb" />
	<property name="SellableToTrader" value="false" />
	<property name="Candrop" value="false" />
		<property name="IsDeveloper" value="true" />
	<property class="Action1">
		<property name="Class" value="Projectile" />
		<property name="DamageEntity" value="50" />
		<property name="DamageBlock" value="150" />
		<property name="Explosion.ParticleIndex" value="7" />
		<property name="Velocity" value="10" />
		<property name="FlyTime" value="3" />
		<property name="LifeTime" value="4" />
		<property name="CollisionRadius" value="0.5" />
	</property>
</item>	

<item id="2038" name="banditpartsPistol_grip">
	<property name="Extends" value="partsMaster" />
	<property name="DescriptionKey" value="partsPistolGroupDesc"/>
	<property name="PartType" value="Stock" />
	<property name="Weight" value="10" />
	<property class="Attributes">
		<property name="DegradationRate" value="0,0" />
		<property name="DegradationMax" value="0,0" />
	</property>
		<property name="SellableToTrader" value="false" />
	<property name="Candrop" value="false" />
		<property name="IsDeveloper" value="true" />
</item>
<item id="2039" name="banditpartsPistol_receiver">
	<property name="Extends" value="partsMaster" />
	<property name="DescriptionKey" value="partsPistolGroupDesc"/>
	<property name="PartType" value="Receiver" />
	<property name="Weight" value="20" />
	<property class="Attributes">
		<property name="FalloffRange" value="17,50" />
		</property>
		<property name="SellableToTrader" value="false" />
	<property name="Candrop" value="false" />
		<property name="IsDeveloper" value="true" />
</item>
<item id="2040" name="banditpartsPistol_parts">
	<property name="Extends" value="partsMaster" />
	<property name="DescriptionKey" value="partsPistolGroupDesc"/>
	<property name="PartType" value="Pump" />
	<property name="Weight" value="10" />
	<property class="Attributes">
		<property name="Accuracy" value="1,0.5" />
		<property name="DegradationMax" value="0,0" />
	</property>
		<property name="SellableToTrader" value="false" />
	<property name="Candrop" value="false" />
		<property name="IsDeveloper" value="true" />
</item>
<item id="2041" name="banditpartsPistol_barrel">
	<property name="Extends" value="partsMaster" />
	<property name="DescriptionKey" value="partsPistolGroupDesc"/>
	<property name="PartType" value="Barrel" />
	<property name="Weight" value="10" />
	<property class="Attributes">
		<property name="EntityDamage" value="15, 30" />
		</property>
		<property name="SellableToTrader" value="false" />
	<property name="Candrop" value="false" />
		<property name="IsDeveloper" value="true" />
</item>

<item id="2042" name="banditparts44Magnum_grip">
	<property name="Extends" value="partsMaster" />
	<property name="DescriptionKey" value="parts44MagnumGroupDesc"/>
	<property name="PartType" value="Stock" />
	<property name="Weight" value="15" />
	<property class="Attributes">
		<property name="DegradationRate" value="0,0" />
		<property name="DegradationMax" value="0,0" />
	</property>
		<property name="SellableToTrader" value="false" />
	<property name="Candrop" value="false" />
		<property name="IsDeveloper" value="true" />
</item>
<item id="2043" name="banditparts44Magnum_cylinder">
	<property name="Extends" value="partsMaster" />
	<property name="DescriptionKey" value="parts44MagnumGroupDesc"/>
	<property name="PartType" value="Receiver" />
	<property name="Weight" value="10" />
	<property class="Attributes">
		<property name="FalloffRange" value="17,50" />
		</property>
		<property name="SellableToTrader" value="false" />
	<property name="Candrop" value="false" />
		<property name="IsDeveloper" value="true" />
</item>
<item id="2044" name="banditparts44Magnum_parts">
	<property name="Extends" value="partsMaster" />
	<property name="DescriptionKey" value="parts44MagnumGroupDesc"/>
	<property name="PartType" value="Pump" />
	<property name="Weight" value="10" />
	<property class="Attributes">
		<property name="Accuracy" value="1,0.09" />
		</property>
		<property name="SellableToTrader" value="false" />
	<property name="Candrop" value="false" />
		<property name="IsDeveloper" value="true" />
</item>
<item id="2045" name="banditparts44Magnum_frame">
	<property name="Extends" value="partsMaster" />
	<property name="DescriptionKey" value="parts44MagnumGroupDesc"/>
	<property name="PartType" value="Barrel" />
	<property name="Weight" value="20" />
	<property class="Attributes">
		<property name="EntityDamage" value="30,50" />
		</property>
		<property name="SellableToTrader" value="false" />
	<property name="Candrop" value="false" />
		<property name="IsDeveloper" value="true" />
</item>

<item id="2046" name="banditpartsPumpShotgun_stockShort">
	<property name="Extends" value="partsMaster" />
	<property name="DescriptionKey" value="partsPumpShotgunShortGroupDesc"/>
	<property name="PartType" value="Stock" />
	<property name="Material" value="wood" />
	<property name="Weight" value="15" />
	<property name="FuelValue" value="10" />
	<property class="Attributes">
		<property name="DegradationRate" value="0" />
		<property name="DegradationMax" value="0,0" />
	</property>
		<property name="SellableToTrader" value="false" />
	<property name="Candrop" value="false" />
		<property name="IsDeveloper" value="true" />
</item>
<item id="2047" name="banditpartsPumpShotgun_receiver">
	<property name="Extends" value="partsMaster" />
	<property name="DescriptionKey" value="commonShotgunPartsGroupDesc"/>
	<property name="PartType" value="Receiver" />
	<property name="Weight" value="25" />
	<property class="Attributes">
		<property name="FalloffRange" value="22,66" />
		</property>
		<property name="SellableToTrader" value="false" />
	<property name="Candrop" value="false" />
		<property name="IsDeveloper" value="true" />
</item>
<item id="2048" name="banditpartsPumpShotgun_parts">
	<property name="Extends" value="partsMaster" />
	<property name="DescriptionKey" value="commonShotgunPartsGroupDesc"/>
	<property name="PartType" value="Pump" />
	<property name="Weight" value="15" />
	<property class="Attributes">
		<property name="Accuracy" value="1,0.08" />
			</property>
		<property name="SellableToTrader" value="false" />
	<property name="Candrop" value="false" />
		<property name="IsDeveloper" value="true" />
</item>
<item id="2049" name="banditpartsPumpShotgun_barrelShort">
	<property name="Extends" value="partsMaster" />
	<property name="DescriptionKey" value="partsPumpShotgunShortGroupDesc"/>
	<property name="PartType" value="Barrel" />
	<property name="Weight" value="20" />
	<property class="Attributes">
		<property name="DegradationMax" value="0,0" />
	</property>
		<property name="SellableToTrader" value="false" />
	<property name="Candrop" value="false" />
		<property name="IsDeveloper" value="true" />
</item>
<item id="2050" name="banditpartsPumpShotgun_stock">
	<property name="Extends" value="partsMaster" />
	<property name="DescriptionKey" value="partsPumpShotgunGroupDesc"/>
	<property name="PartType" value="Stock" />
	<property name="Material" value="wood" />
	<property name="Weight" value="20" />
	<property name="FuelValue" value="24" />
	<property class="Attributes">
		<property name="DegradationRate" value="0,0" />
		<property name="DegradationMax" value="0,0" />
	</property>
		<property name="SellableToTrader" value="false" />
	<property name="Candrop" value="false" />
		<property name="IsDeveloper" value="true" />
</item>
<item id="2051" name="banditpartsPumpShotgun_barrel">
	<property name="Extends" value="partsMaster" />
	<property name="DescriptionKey" value="partsPumpShotgunGroupDesc"/>
	<property name="PartType" value="Barrel" />
	<property name="Weight" value="30" />
	<property class="Attributes">
		<property name="DegradationMax" value="0,0" />
	</property>
		<property name="SellableToTrader" value="false" />
	<property name="Candrop" value="false" />
		<property name="IsDeveloper" value="true" />
</item>

<item id="2052" name="banditpartsMP5_stock">
	<property name="Extends" value="partsMaster" />
	<property name="DescriptionKey" value="partsMP5GroupDesc"/>
	<property name="PartType" value="Stock" />
	<property name="Weight" value="25" />
	<property class="Attributes">
		<property name="DegradationRate" value="0,0" />
		<property name="DegradationMax" value="0,0" />
	</property>
		<property name="SellableToTrader" value="false" />
	<property name="Candrop" value="false" />
		<property name="IsDeveloper" value="true" />
</item>
<item id="2053" name="banditpartsMP5_receiver">
	<property name="Extends" value="partsMaster" />
	<property name="DescriptionKey" value="partsMP5GroupDesc"/>
	<property name="PartType" value="Receiver" />
	<property name="Weight" value="25" />
	<property class="Attributes">
		<property name="FalloffRange" value="24,72" />
		<property name="DegradationMax" value="0,0" />
	</property>
		<property name="SellableToTrader" value="false" />
	<property name="Candrop" value="false" />
		<property name="IsDeveloper" value="true" />
</item>
<item id="2054" name="banditpartsMP5_parts">
	<property name="Extends" value="partsMaster" />
	<property name="CustomIcon" value="parts44Magnum_parts" /> <!-- xxx -->
	<property name="DescriptionKey" value="partsMP5GroupDesc"/>
	<property name="PartType" value="Pump" />
	<property name="Weight" value="15" />
	<property class="Attributes">
		<property name="Accuracy" value="1,0.01" />
		<property name="DegradationMax" value="0,0" />
	</property>
		<property name="SellableToTrader" value="false" />
	<property name="Candrop" value="false" />
		<property name="IsDeveloper" value="true" />
</item>
<item id="2055" name="banditpartsMP5_barrel">
	<property name="Extends" value="partsMaster" />
	<property name="DescriptionKey" value="partsMP5GroupDesc"/>
	<property name="PartType" value="Barrel" />
	<property name="Weight" value="25" />
	<property class="Attributes">
		<property name="EntityDamage" value="35,55" />
		<property name="BlockDamage" value="0,0" />
		<property name="DegradationMax" value="0,0" />
	</property>
		<property name="SellableToTrader" value="false" />
	<property name="Candrop" value="false" />
		<property name="IsDeveloper" value="true" />
</item>

<item id="2056" name="banditpartsAK47_stock">
	<property name="Extends" value="partsMaster" />
	<property name="DescriptionKey" value="partsAK47GroupDesc"/>
	<property name="PartType" value="Stock" />
	<property name="Weight" value="30" />
	<property class="Attributes">
		<property name="DegradationRate" value="0,0" />
		<property name="DegradationMax" value="0,0" />
	</property>
		<property name="SellableToTrader" value="false" />
	<property name="Candrop" value="false" />
		<property name="IsDeveloper" value="true" />
</item>
<item id="2057" name="banditpartsAK47_receiver">
	<property name="Extends" value="partsMaster" />
	<property name="DescriptionKey" value="partsAK47GroupDesc"/>
	<property name="PartType" value="Receiver" />
	<property name="Weight" value="30" />
	<property class="Attributes">
		<property name="FalloffRange" value="30,90" />
		</property>
		<property name="SellableToTrader" value="false" />
	<property name="Candrop" value="false" />
		<property name="IsDeveloper" value="true" />
</item>
<item id="2058" name="banditpartsAK47_parts">
	<property name="Extends" value="partsMaster" />
	<property name="DescriptionKey" value="partsAK47GroupDesc"/>
	<property name="PartType" value="Pump" />
	<property name="Weight" value="15" />
	<property class="Attributes">
		<property name="Accuracy" value="0,0" />
		</property>
		<property name="SellableToTrader" value="false" />
	<property name="Candrop" value="false" />
		<property name="IsDeveloper" value="true" />
</item>
<item id="2059" name="banditpartsAK47_barrel">
	<property name="Extends" value="partsMaster" />
	<property name="CustomIcon" value="partsPistol_barrel" /> <!-- xxx -->
	<property name="DescriptionKey" value="partsAK47GroupDesc"/>
	<property name="PartType" value="Barrel" />
	<property name="Weight" value="35" />
	<property class="Attributes">
		<property name="EntityDamage" value="30,45" />
		</property>
		<property name="SellableToTrader" value="false" />
	<property name="Candrop" value="false" />
		<property name="IsDeveloper" value="true" />
</item>

<item id="2060" name="banditpartsHuntingRifle_stock">
	<property name="Extends" value="partsMaster" />
	<property name="DescriptionKey" value="partsHuntingRifleGroupDesc"/>
	<property name="PartType" value="Stock" />
	<property name="Material" value="wood" />
	<property name="Weight" value="20" />
	<property name="FuelValue" value="40" />
	<property class="Attributes">
		<property name="DismembermentBaseChance" value="0,0"/>
		<property name="DismembermentBonus" value="0,0"/>
		<property name="DegradationRate" value="0,0" />
		<property name="DegradationMax" value="0,0" />
	</property>
		<property name="SellableToTrader" value="false" />
	<property name="Candrop" value="false" />
		<property name="IsDeveloper" value="true" />
</item>
<item id="2061" name="banditpartsHuntingRifle_receiver">
	<property name="Extends" value="partsMaster" />
	<property name="DescriptionKey" value="partsHuntingRifleGroupDesc"/>
	<property name="PartType" value="Receiver" />
	<property name="Weight" value="30" />
	<property class="Attributes">
		<property name="FalloffRange" value="54,160" />
		</property>
		<property name="SellableToTrader" value="false" />
	<property name="Candrop" value="false" />
		<property name="IsDeveloper" value="true" />
</item>
<item id="2062" name="banditpartsHuntingRifle_parts">
	<property name="Extends" value="partsMaster" />
	<property name="CustomIcon" value="partsPistol_parts" /> <!-- xxx -->
	<property name="DescriptionKey" value="partsHuntingRifleGroupDesc"/>
	<property name="PartType" value="Pump" />
	<property name="Weight" value="15" />
	<property class="Attributes">
		<property name="Accuracy" value=".7,0.01" />
		</property>
		<property name="SellableToTrader" value="false" />
	<property name="Candrop" value="false" />
		<property name="IsDeveloper" value="true" />
</item>
<item id="2063" name="banditpartsHuntingRifle_barrel">
	<property name="Extends" value="partsMaster" />
	<property name="DescriptionKey" value="partsHuntingRifleGroupDesc"/>
	<property name="PartType" value="Barrel" />
	<property name="Weight" value="35" />
	<property class="Attributes">
		<property name="EntityDamage" value="35,70" />
		</property>
		<property name="SellableToTrader" value="false" />
	<property name="Candrop" value="false" />
		<property name="IsDeveloper" value="true" />
</item>

<item id="2064" name="banditpartsSniperRifle_stock">
	<property name="Extends" value="partsMaster" />
	<property name="DescriptionKey" value="partsSniperRifleGroupDesc"/>
	<property name="PartType" value="Stock" />
	<property name="Weight" value="30" />
	<property class="Attributes">
		<property name="DismembermentBaseChance" value="0,0"/>
		<property name="DismembermentBonus" value="0,0"/>
		<property name="DegradationRate" value="0,0" />
		<property name="DegradationMax" value="0,0" />
	</property>
		<property name="SellableToTrader" value="false" />
	<property name="Candrop" value="false" />
		<property name="IsDeveloper" value="true" />
</item>
<item id="2065" name="banditpartsSniperRifle_receiver">
	<property name="Extends" value="partsMaster" />
	<property name="DescriptionKey" value="partsSniperRifleGroupDesc"/>
	<property name="PartType" value="Receiver" />
	<property name="Weight" value="30" />
	<property class="Attributes">
		<property name="FalloffRange" value="54,160" />
		</property>
	<property name="SellableToTrader" value="false" />
	<property name="Candrop" value="false" />
		<property name="IsDeveloper" value="true" />
</item>
<item id="2066" name="banditpartsSniperRifle_parts">
	<property name="Extends" value="partsMaster" />
	<property name="CustomIcon" value="partsPistol_parts" /> <!-- xxx -->
	<property name="DescriptionKey" value="partsSniperRifleGroupDesc"/>
	<property name="PartType" value="Pump" />
	<property name="Weight" value="15" />
	<property class="Attributes">
		<property name="Accuracy" value="0,0" />
		<property name="DegradationMax" value="0,0" />
	</property>
		<property name="SellableToTrader" value="false" />
	<property name="Candrop" value="false" />
		<property name="IsDeveloper" value="true" />
</item>
<item id="2067" name="banditpartsSniperRifle_barrel">
	<property name="Extends" value="partsMaster" />
	<property name="DescriptionKey" value="partsSniperRifleGroupDesc"/>
	<property name="PartType" value="Barrel" />
	<property name="Weight" value="40" />
	<property class="Attributes">
		<property name="EntityDamage" value="25,40" />
		</property>
		<property name="SellableToTrader" value="false" />
	<property name="Candrop" value="false" />
		<property name="IsDeveloper" value="true" />
</item>

<item id="2068" name="banditpartsRocketLauncher_stock">
	<property name="Extends" value="partsMaster" />
	<property name="DescriptionKey" value="partsRocketLauncherGroupDesc"/>
	<property name="PartType" value="Stock" />
	<property name="Weight" value="35" />
	<property class="Attributes">
		<property name="DegradationRate" value="0,0" />
		<property name="DegradationMax" value="0,0" />
	</property>
		<property name="SellableToTrader" value="false" />
	<property name="Candrop" value="false" />
		<property name="IsDeveloper" value="true" />
</item>
<item id="2069" name="banditpartsRocketLauncher_receiver">
	<property name="Extends" value="partsMaster" />
	<property name="DescriptionKey" value="partsRocketLauncherGroupDesc"/>
	<property name="PartType" value="Receiver" />
	<property name="Weight" value="35" />
	<property class="Attributes">
		<property name="FalloffRange" value="15,70" />
		</property>
		<property name="SellableToTrader" value="false" />
	<property name="Candrop" value="false" />
		<property name="IsDeveloper" value="true" />
</item>
<item id="2070" name="banditpartsRocketLauncher_parts">
	<property name="Extends" value="partsMaster" />
	<property name="DescriptionKey" value="partsRocketLauncherGroupDesc"/>
	<property name="PartType" value="Pump" />
	<property name="Weight" value="20" />
	<property class="Attributes">
		<property name="Accuracy" value="1,0.01" />
		</property>
		<property name="SellableToTrader" value="false" />
	<property name="Candrop" value="false" />
		<property name="IsDeveloper" value="true" />
</item>
<item id="2071" name="banditpartsRocketLauncher_barrel">
	<property name="Extends" value="partsMaster" />
	<property name="DescriptionKey" value="partsRocketLauncherGroupDesc"/>
	<property name="PartType" value="Barrel" />
	<property name="Weight" value="45" />
	<property class="Attributes">
		<property name="EntityDamage" value="6,42" />
		</property>
		<property name="SellableToTrader" value="false" />
	<property name="Candrop" value="false" />
		<property name="IsDeveloper" value="true" />
</item>

<item id="2072" name="banditpartsChainsaw_parts">
	<property name="Extends" value="partsMaster" />
	<property name="CustomIcon" value="partsAuger_parts" /> <!-- xxx -->
	<property name="PartType" value="Stock" />
	<property name="Weight" value="10" />
	<property class="Attributes">
		<property name="FalloffRange" value="2.35,2.35" />
		
		</property>
		<property name="SellableToTrader" value="false" />
	<property name="Candrop" value="false" />
		<property name="IsDeveloper" value="true" />
</item>
<item id="2073" name="banditpartsChainsaw_blade">
	<property name="Extends" value="partsMaster" />
	<property name="PartType" value="Barrel" />
	<property name="Weight" value="50" />
	<property class="Attributes">
		<property name="EntityDamage" value="50,60" />
		<property name="BlockDamage" value="150,300" />
		<property name="Accuracy" value="1,0.01" />
		<property name="DismembermentBaseChance" value="2,3"/>
		<property name="DismembermentBonus" value="1,1"/>
		</property>
		<property name="SellableToTrader" value="false" />
	<property name="Candrop" value="false" />
		<property name="IsDeveloper" value="true" />
</item>
<item id="2074" name="banditpartsAuger_parts">
	<property name="Extends" value="partsMaster" />
	<property name="PartType" value="Stock" />
	<property name="Weight" value="10" />
	<property class="Attributes">
		<property name="FalloffRange" value="4,4" />
	</property>
		<property name="SellableToTrader" value="false" />
	<property name="Candrop" value="false" />
		<property name="IsDeveloper" value="true" />
</item>
<item id="2075" name="banditpartsAuger_blade">
	<property name="Extends" value="partsMaster" />
	<property name="PartType" value="Barrel" />
	<property name="Weight" value="40" />
	<property class="Attributes">
		<property name="EntityDamage" value="25,50" />
		<property name="BlockDamage" value="150,440" />
		<property name="Accuracy" value="0,0" />
		<property name="DismembermentBaseChance" value=".2,.3"/>
		<property name="DismembermentBonus" value="0,0.00036"/>
		</property>
		<property name="SellableToTrader" value="false" />
	<property name="Candrop" value="false" />
		<property name="IsDeveloper" value="true" />
</item>

<item id="2076" name="banditsmallEngine">
	<property name="PartType" value="Receiver" />
	<property name="Meshfile" value="Items/Misc/sackPrefab" />
	<property name="DropMeshfile" value="Items/Misc/sack_droppedPrefab" />
	<property name="VehicleSlotType" value="engine" />
	<property name="Material" value="metal" />
	<property name="RepairTools" value="repairKit" />
	<property name="HoldType" value="45" />
	<property name="Stacknumber" value="1" />
	<property name="Weight" value="100" />
	<property name="Group" value="Resources" />
	<property name="DegradationBreaksAfter" value="false" />
	<property class="Attributes">
		<property name="DegradationMax" value="0,0" />
		<property name="VehicleNoise" value="1,0.1" />
		<property name="VehicleMaxSpeed" value="5,18" />
		<property name="VehicleAcceleration" value="7,14" />
		<property name="VehicleMetersPerLiter" value="8,12" />
		<property name="VehicleIdleSecondsPerLiter" value="6,12" />
		<property name="VehicleStartDelayInSeconds" value="1,0.1" />
		<property name="VehicleStartChance" value="0.5,0.99" />
		<property name="VehicleTankSize" value="99999, 999999" />
	</property>
	<property name="SellableToTrader" value="false" />
	<property name="Candrop" value="false" />
		<property name="IsDeveloper" value="true" />
</item>

<item id="2077" name="banditpartsHandlebars">
	<property name="Extends" value="partsMaster" />
	<property name="PartType" value="Pump" />
	<property name="EconomicValue" value="306" />
	<property class="Attributes">
		<property name="DegradationRate" value="0,0" />
 		<!-- One tank = 200 gas.  6000 / 3 = 2000 shots or 10 tanks until the item breaks -->
		<property name="DegradationMax" value="0,0" />
	</property>
	<property name="Group" value="Resources" />
</item>

<item id="2078" name="nailgun">
	<property name="Meshfile" value="Items/Tools/nailgunPrefab" />
	<property name="Material" value="metal" />
	<property name="RepairTools" value="repairKit" />
	<property name="HoldType" value="37" />
	<property name="DegradationBreaksAfter" value="false" />
	<property name="SoundJammed" value="Weapons/weapon_jam" />
	<property class="Parts">
		<property name="Stock" value="banditpartsNailgun_frame" />
		<property name="Receiver" value="banditpartsNailgun_receiver" />
		<property name="Pump" value="banditpartsNailgun_parts" />
		<property name="Barrel" value="banditpartsNailgun_battery" />
	</property>
	<property class="Action0"> <!-- AttackAction -->
		<property name="Class" value="Launcher" />
		<property name="Hitmask_override" value="Arrow" />
		<property name="Delay" value="0.3" />
		<property name="Magazine_size" value="25" />
		<property name="Magazine_items" value="nail" />
		<property name="Rays_spread" value="0.042" />
		<property name="Instantiate_on_load" value="false" />
		<property name="Reload_time" value="2" />
		<property name="Bullet_icon" value="uzi" />
		<property name="Sound_start" value="Weapons/Motorized/Nailgun/nailgun_fire" />
		<property name="Particles_muzzle_fire" value="nailgunfire" />
	<!-- <property name="Particles_muzzle_smoke" value="nozzlesmoke" /> -->
		<property name="Sound_repeat" value="" />
		<property name="Sound_end" value="" />
		<property name="Sound_empty" value="Weapons/weapon_empty" />
		<property name="Sound_reload" value="Weapons/Motorized/Nailgun/nailgun_reload" />
		<property name="DamageBonus.head" value="6" />
		<property name="DamageBonus.glass" value="25" />
		<property name="ActionExp" value="2" />
	</property>
	<property class="Action1"> <!-- UseAction -->
		<property name="Class" value="Repair" />
		<property name="Delay" value="0.25" />
		<property name="Repair_amount" value="250" />
		<property name="Upgrade_hit_offset" value="-3" />
		<property name="Repair_action_sound" value="Weapons/Motorized/Nailgun/nailgun_fire" />
		<property name="Upgrade_action_sound" value="Weapons/Motorized/Nailgun/nailgun_fire" />
		<property name="Allowed_upgrade_items" value="wood,clayLump,dirtFragment,snowBall,scrapIron,forgedIron,forgedSteel,steelPolish,concreteMix,cobblestones,yuccaFibers,nail" />
		<!--<property name="Restricted_upgrade_items" value="concrete" />-->
	</property>
	<property name="Group" value="Tools/Traps" />
	<property name="ActionSkillGroup" value="Construction Tools"/>
	<property name="CraftingSkillGroup" value="Gun Smithing"/> <!-- 15.0 workaround. Should be Science -->
	<property name="RepairExpMultiplier" value="10.8"/>
	<property name="PickupJournalEntry" value="gunAssemblyTip" />
</item>

<item id="2079" name="banditpartsNailgun_frame">
	<property name="Extends" value="partsMaster" />
	<property name="DescriptionKey" value="partsNailgunGroupDesc"/>
	<property name="PartType" value="Stock" />
	<property name="Material" value="Mplastics" />
	<property name="Weight" value="8" />
	<property class="Attributes">
		<property name="DegradationRate" value="5,5" />
		<property name="DegradationMax" value="1000,4000" />
	</property>
		<property name="SellableToTrader" value="false" />
	<property name="Candrop" value="false" />
		<property name="IsDeveloper" value="true" />
</item>
<item id="2080" name="banditpartsNailgun_receiver">
	<property name="Extends" value="partsMaster" />
	<property name="DescriptionKey" value="partsNailgunGroupDesc"/>
	<property name="PartType" value="Receiver" />
	<property name="Material" value="metal" />
	<property name="Weight" value="27" />
	<property class="Attributes">
		<property name="DegradationMax" value="1000,4000" />
	</property>
	<property name="SellableToTrader" value="false" />
	<property name="Candrop" value="false" />
		<property name="IsDeveloper" value="true" />
</item>
<item id="2081" name="banditpartsNailgun_parts">
	<property name="Extends" value="partsMaster" />
	<property name="DescriptionKey" value="partsNailgunGroupDesc"/>
	<property name="PartType" value="Pump" />
	<property name="Material" value="metal" />
	<property name="Weight" value="10" />
	<property class="Attributes">
		<property name="Accuracy" value="1,0.01" />
		<property name="DegradationMax" value="1000,4000" />
	</property>
		<property name="SellableToTrader" value="false" />
	<property name="Candrop" value="false" />
		<property name="IsDeveloper" value="true" />
</item>
<item id="2082" name="banditpartsNailgun_battery">
	<property name="Extends" value="partsMaster" />
	<property name="DescriptionKey" value="partsNailgunGroupDesc"/>
	<property name="PartType" value="Barrel" />
	<property name="Material" value="lead" />
	<property name="Weight" value="15" />
	<property class="Attributes">
		<property name="DegradationMax" value="1000,4000" />
	</property>
		<property name="SellableToTrader" value="false" />
	<property name="Candrop" value="false" />
		<property name="IsDeveloper" value="true" />
</item>

<!-- Bandits -->