<!-- Bandits -->
				<block id="1933" name="cntcorpsebanditMelee">				
				<property name="CustomIcon" value="cntCorpseLoot01"/>
				<property name="Class" value="Loot"/>
				<property name="Material" value="organic"/>
				<property name="Shape" value="ModelEntity"/>
				<property name="Mesh" value="models"/>
				<property name="Model" value="Entities/LootContainers/corpse_loot01Prefab" param1="main_mesh"/>
				<property name="Texture" value="241"/>
				<property name="Collide" value="movement,melee,bullet,rocket"/>
				<property name="LootList" value="92"/>
				<drop event="Destroy" name="GoreBlock1Prefab" count="1"/>
				<drop event="Fall" name="GoreBlock1Prefab" count="1" prob="1" stick_chance="1"/>
				<property name="DowngradeBlock" value="GoreBlock1Prefab" /> 
				</block>
				
				 <block id="1934" name="cntcorpsebanditFighter"  >
				 <property name="Extends" value="cntcorpsebanditMelee" />
				<property name="LootList" value="93"/>
				</block>
				
				 <block id="1935" name="cntcorpsebanditFixer" >
				 <property name="Extends" value="cntcorpsebanditMelee" />
				<property name="LootList" value="94"/>
				</block>
				
				<block id="1936" name="cntcorpsebanditGrenadier"  >
				<property name="Extends" value="cntcorpsebanditMelee" />
				<property name="LootList" value="95"/>
				</block>
				
				 <block id="1937" name="cntcorpsebanditSledger"  >
				 <property name="Extends" value="cntcorpsebanditMelee" />
				<property name="LootList" value="96"/>
				</block>
				
				 <block id="1938" name="cntcorpsebanditSlasher"  >
				 <property name="Extends" value="cntcorpsebanditMelee" />
				<property name="LootList" value="97"/>
				</block>
				
				<block id="1939" name="cntcorpsebanditClubber"  >
				<property name="Extends" value="cntcorpsebanditMelee" />
				<property name="LootList" value="98"/>
				</block>
				
				 <block id="1940" name="cntcorpsebanditRanged"  >
				 <property name="Extends" value="cntcorpsebanditMelee" />
				<property name="LootList" value="99"/>
				</block>
				
				 <block id="1941" name="cntcorpsebanditdestroyer" >
				 <property name="Extends" value="cntcorpsebanditMelee" />
				<property name="LootList" value="100"/>
				</block>
				
				<block id="1942" name="cntcorpsebanditSniper"  >
				<property name="Extends" value="cntcorpsebanditMelee" />
				<property name="LootList" value="101"/>
				</block>
				
				 <block id="1943" name="cntcorpsebanditMassachist"  >
				 <property name="Extends" value="cntcorpsebanditMelee" />
				<property name="LootList" value="102"/>
				</block>
				
				 <block id="1944" name="cntcorpsebanditCop"  >
				 <property name="Extends" value="cntcorpsebanditMelee" />
				<property name="LootList" value="103"/>
				</block>
				
				<block id="1945" name="cntcorpsebanditBullseye"  >
				<property name="Extends" value="cntcorpsebanditMelee" />
				<property name="LootList" value="104"/>
				</block>
				
				 <block id="1946" name="cntcorpsebanditDestructor"  >
				 <property name="Extends" value="cntcorpsebanditMelee" />
				<property name="LootList" value="105"/>
				</block>
				
				 <block id="1947" name="cntcorpseNegan"  >
				 <property name="Extends" value="cntcorpsebanditMelee" />
				<property name="LootList" value="106"/>
				</block>
				
				<block id="1948" name="cntcorpsebanditMusketeer"  >
				<property name="Extends" value="cntcorpsebanditMelee" />
				<property name="LootList" value="107"/>
				</block>
				
				 <block id="1949" name="cntcorpsebanditDeadAim"  >
				 <property name="Extends" value="cntcorpsebanditMelee" />
				<property name="LootList" value="108"/>
				</block>
				
				 <block id="1950" name="cntcorpsebanditDeadAim1"  >
				 <property name="Extends" value="cntcorpsebanditMelee" />
				<property name="LootList" value="109"/>
				</block>
				
				<block id="1951" name="cntcorpsebanditDeadAim2"  >
				<property name="Extends" value="cntcorpsebanditMelee" />
				<property name="LootList" value="110"/>
				</block>
				
				 <block id="1952" name="cntcorpsebanditHeadshot"  >
				 <property name="Extends" value="cntcorpsebanditMelee" />
				<property name="LootList" value="111"/>
				</block>
				
				 <block id="1953" name="cntcorpsebanditBeserker"  >
				 <property name="Extends" value="cntcorpsebanditMelee" />
				<property name="LootList" value="112"/>
				</block>
								
				 <block id="1954" name="cntcorpsebanditLeader"  >
				 <property name="Extends" value="cntcorpsebanditMelee" />
				<property name="LootList" value="113"/>
				</block>				
				
				<!-- Bandits -->