<!-- lootcontainer 92 banditMelee -->
<lootcontainer id="92" count="1,1" size="8,8" destroy_on_close="true" sound_open="UseActions/open_corpse" sound_close="UseActions/close_corpse" loot_quality_template="baseTemplate">
	<item group="banditsGeneral" prob="0.5" />
	<item name="fireaxeSteel" count="1" />
</lootcontainer>

<!-- lootcontainer 93 banditFighter -->
<lootcontainer id="93" count="1,1" size="8,8" destroy_on_close="true" sound_open="UseActions/open_corpse" sound_close="UseActions/close_corpse" loot_quality_template="baseTemplate">
	<item group="banditsGeneral"/>
	<item name="shotgunSlug" count="1,50" />
	<item name="gunPumpShotgun" count="1" />
	
</lootcontainer>

<!-- lootcontainer 94 banditFixer -->
<lootcontainer id="94" count="1,1" size="8,8" destroy_on_close="true" sound_open="UseActions/open_corpse" sound_close="UseActions/close_corpse" loot_quality_template="baseTemplate">
	<item group="banditsGeneral"/>
	<item name="762mmBullet" count="1,50" />
	<item name="gunHuntingRifle" count="1" />
</lootcontainer>

<!-- lootcontainer 95 banditGrenadier -->
<lootcontainer id="95" count="1,1" size="8,8" destroy_on_close="true" sound_open="UseActions/open_corpse" sound_close="UseActions/close_corpse" loot_quality_template="baseTemplate">
	<item group="banditsGeneral"/>
	<item name="pipeBomb" count="1,50" />
</lootcontainer>

<!-- lootcontainer 96 banditSledger -->
<lootcontainer id="96" count="1,1" size="8,8" destroy_on_close="true" sound_open="UseActions/open_corpse" sound_close="UseActions/close_corpse" loot_quality_template="baseTemplate">
	<item group="banditsGeneral"/>
	<item name="sledgehammer" count="1" />
</lootcontainer>

<!-- lootcontainer 97 banditSlasher -->
<lootcontainer id="97" count="1,1" size="8,8" destroy_on_close="true" sound_open="UseActions/open_corpse" sound_close="UseActions/close_corpse" loot_quality_template="baseTemplate">
	<item group="banditsGeneral"/>
	<item name="machete" count="1" />
</lootcontainer>

<!-- lootcontainer 98 banditClubber -->
<lootcontainer id="98" count="1,1" size="8,8" destroy_on_close="true" sound_open="UseActions/open_corpse" sound_close="UseActions/close_corpse" loot_quality_template="baseTemplate">
	<item group="banditsGeneral"/>
	<item name="clubWood" count="1" />
</lootcontainer>

<!-- lootcontainer 99 banditRanged -->
<lootcontainer id="99" count="1,1" size="8,8" destroy_on_close="true" sound_open="UseActions/open_corpse" sound_close="UseActions/close_corpse" loot_quality_template="baseTemplate">
	<item group="banditsGeneral"/>
	<item name="9mmBullet" count="1,50" />
	<item name="gunPistol" count="1" />
</lootcontainer>

<!-- lootcontainer 100 banditdestroyer -->
<lootcontainer id="100" count="1,1" size="8,8" destroy_on_close="true" sound_open="UseActions/open_corpse" sound_close="UseActions/close_corpse" loot_quality_template="baseTemplate">
	<item group="banditsGeneral"/>
	<item name="gunRocketLauncher" count="1" />
	<item name="rocket" count="1,50" />
</lootcontainer>

<!-- lootcontainer 101 banditSniper -->
<lootcontainer id="101" count="1,1" size="8,8" destroy_on_close="true" sound_open="UseActions/open_corpse" sound_close="UseActions/close_corpse" loot_quality_template="baseTemplate">
	<item group="banditsGeneral"/>
	<item name="762mmBullet" count="1,50" />
	<item name="gunSniperRifle" count="1" />
</lootcontainer>

<!-- lootcontainer 102 banditMassachist -->
<lootcontainer id="102" count="1,1" size="8,8" destroy_on_close="true" sound_open="UseActions/open_corpse" sound_close="UseActions/close_corpse" loot_quality_template="baseTemplate">
	<item group="banditsGeneral"/>
	<item name="chainsaw" count="1" />
	<item name="gasCan" count="1,50" />
</lootcontainer>

<!-- lootcontainer 103 banditCop -->
<lootcontainer id="103" count="1,1" size="8,8" destroy_on_close="true" sound_open="UseActions/open_corpse" sound_close="UseActions/close_corpse" loot_quality_template="baseTemplate">
	<item group="banditsGeneral"/>
	<item name="gun44Magnum" count="1" />
	<item name="44MagBullet" count="1,50" />
</lootcontainer>

<!-- lootcontainer 104 banditBullseye -->
<lootcontainer id="104" count="1,1" size="8,8" destroy_on_close="true" sound_open="UseActions/open_corpse" sound_close="UseActions/close_corpse" loot_quality_template="baseTemplate">
	<item group="banditsGeneral"/>
	<item name="woodenBow" count="1" />
	<item name="arrow" count="1,50" />
</lootcontainer>

<!-- lootcontainer 105 banditDestructor -->
<lootcontainer id="105" count="1,1" size="8,8" destroy_on_close="true" sound_open="UseActions/open_corpse" sound_close="UseActions/close_corpse" loot_quality_template="baseTemplate">
	<item group="banditsGeneral"/>
	<item name="gasCan" count="1,50" />
	<item name="auger" count="1" />
</lootcontainer>

<!-- lootcontainer 106 Negan -->
<lootcontainer id="106" count="1,1" size="8,8" destroy_on_close="true" sound_open="UseActions/open_corpse" sound_close="UseActions/close_corpse" loot_quality_template="baseTemplate">
	<item group="banditsGeneral"/>
	<item name="clubSpiked" count="1" />
	</lootcontainer>

<!-- lootcontainer 107 banditMusketeer -->
<lootcontainer id="107" count="1,1" size="8,8" destroy_on_close="true" sound_open="UseActions/open_corpse" sound_close="UseActions/close_corpse" loot_quality_template="baseTemplate">
	<item group="banditsGeneral"/>
	<item name="woodenBow" count="1" />
	<item name="flamingArrow" count="1,50" />
</lootcontainer>

<!-- lootcontainer 108 banditDeadAim -->
<lootcontainer id="108" count="1,1" size="8,8" destroy_on_close="true" sound_open="UseActions/open_corpse" sound_close="UseActions/close_corpse" loot_quality_template="baseTemplate">
	<item group="banditsGeneral"/>
	<item name="ironCrossbowBolt" count="1,50" />
	<item name="crossbow" count="1" />
</lootcontainer>

<!-- lootcontainer 109 banditDeadAim1 -->
<lootcontainer id="109" count="1,1" size="8,8" destroy_on_close="true" sound_open="UseActions/open_corpse" sound_close="UseActions/close_corpse" loot_quality_template="baseTemplate">
	<item group="banditsGeneral"/>
	<item name="crossbow" count="1" />
	<item name="steelCrossbowBolt" count="1,50" />
</lootcontainer>

<!-- lootcontainer 110 banditDeadAim2 -->
<lootcontainer id="110" count="1,1" size="8,8" destroy_on_close="true" sound_open="UseActions/open_corpse" sound_close="UseActions/close_corpse" loot_quality_template="baseTemplate">
	<item group="banditsGeneral"/>
	<item name="crossbow" count="1" />
	<item name="explodingCrossbowBolt" count="1,50" />
</lootcontainer>

<!-- lootcontainer 111 banditHeadshot -->
<lootcontainer id="111" count="1,1" size="8,8" destroy_on_close="true" sound_open="UseActions/open_corpse" sound_close="UseActions/close_corpse" loot_quality_template="baseTemplate">
	<item group="banditsGeneral"/>
	<item name="shotgunShell" count="1,50" />
	<item name="gunSawedOffPumpShotgun" count="1" />
</lootcontainer>

<!-- lootcontainer 112 banditBeserker -->
<lootcontainer id="112" count="1,1" size="8,8" destroy_on_close="true" sound_open="UseActions/open_corpse" sound_close="UseActions/close_corpse" loot_quality_template="baseTemplate">
	<item group="banditsGeneral"/>
	<item name="gunMP5" count="1" />
	<item name="10mmBullet" count="1,50" />
</lootcontainer>

<!-- lootcontainer 113 bandit Leader -->
<lootcontainer id="113" count="1,1" size="8,8" destroy_on_close="true" sound_open="UseActions/open_corpse" sound_close="UseActions/close_corpse" loot_quality_template="baseTemplate">
	<item group="banditsGeneral"/>
	<item name="gunAK47" count="1" />
	<item name="762mmBullet" count="1,50" />
</lootcontainer>
<!-- Bandits -->