<configs>
<append xpath="/entitygroups/entitygroup[@name='ZombiesAll']"> <!-- Nightstands -->
		<entity name="banditMelee"  />
		<entity name="banditFighter"  />
		<entity name="banditFixer"  />
		<entity name="banditSledger"  />
		<entity name="banditSlasher"   />
		<entity name="banditClubber"   />
		<entity name="banditFlamer"   />
		<entity name="banditMassachist"  />	
		<entity name="banditMusketeer"  />	
		<entity name="banditRanged"   />
		<entity name="banditCop"   />
		<entity name="banditBullseye"   />
		<entity name="banditDestructor"   />
		<entity name="Negan"   />
		<entity name="banditMusketeer"   />
		<entity name="banditDeadAim"   />
		<entity name="banditDeadAim1"   />
		<entity name="banditDeadAim2"   />	
		<entity name="banditHeadshot"   />
		<entity name="banditBeserker"   />
		<entity name="banditdestroyer"   />
		<entity name="banditSniper"   />
		<entity name="banditLeader" />		
		</append>
		
		<append xpath="/entitygroups/entitygroup[@name='ZombiesNight']"> <!-- Nightstands -->
		<entity name="banditFighter"  />
		<entity name="banditFlamer"   />
		<entity name="banditMassachist"  />	
		<entity name="banditMusketeer"  />	
		<entity name="banditRanged"   />
		<entity name="banditCop"   />
		<entity name="banditBullseye"   />
		<entity name="banditDestructor"   />
		<entity name="Negan"   />
		<entity name="banditHeadshot"   />
		<entity name="banditBeserker"   />
		<entity name="banditdestroyer"   />
		<entity name="banditSniper"   />
		<entity name="banditLeader" />		
		</append>
		
		<append xpath="/entitygroups/entitygroup[@name='ZombiesWasteland']"> <!-- Nightstands -->
		<entity name="banditMelee"  />
		<entity name="banditFighter"  />
		<entity name="banditFixer"  />
		<entity name="banditSledger"  />
		<entity name="banditSlasher"   />
		<entity name="banditClubber"   />
		<entity name="banditFlamer"   />
		<entity name="banditMassachist"  />	
		<entity name="banditMusketeer"  />	
		<entity name="banditRanged"   />
		<entity name="banditCop"   />
		<entity name="banditBullseye"   />
		<entity name="banditDestructor"   />
		<entity name="Negan"   />
		<entity name="banditMusketeer"   />
		<entity name="banditDeadAim"   />
		<entity name="banditDeadAim1"   />
		<entity name="banditDeadAim2"   />	
		<entity name="banditHeadshot"   />
		<entity name="banditBeserker"   />
		<entity name="banditdestroyer"   />
		<entity name="banditSniper"   />
		<entity name="banditLeader" />		
		</append>
		
		<append xpath="/entitygroups/entitygroup[@name='ZombiesWastelandNight']"> <!-- Nightstands -->
		<entity name="banditMelee"  />
		<entity name="banditFighter"  />
		<entity name="banditFixer"  />
		<entity name="banditSledger"  />
		<entity name="banditSlasher"   />
		<entity name="banditClubber"   />
		<entity name="banditFlamer"   />
		<entity name="banditMassachist"  />	
		<entity name="banditMusketeer"  />	
		<entity name="banditRanged"   />
		<entity name="banditCop"   />
		<entity name="banditBullseye"   />
		<entity name="banditDestructor"   />
		<entity name="Negan"   />
		<entity name="banditMusketeer"   />
		<entity name="banditDeadAim"   />
		<entity name="banditDeadAim1"   />
		<entity name="banditDeadAim2"   />	
		<entity name="banditHeadshot"   />
		<entity name="banditBeserker"   />
		<entity name="banditdestroyer"   />
		<entity name="banditSniper"   />
		<entity name="banditLeader" />		
		</append>
		
		<append xpath="/entitygroups/entitygroup[@name='ZombiesWastelandNightNoBears']"> <!-- Nightstands -->
		<entity name="banditMelee"  />
		<entity name="banditFighter"  />
		<entity name="banditFixer"  />
		<entity name="banditSledger"  />
		<entity name="banditSlasher"   />
		<entity name="banditClubber"   />
		<entity name="banditFlamer"   />
		<entity name="banditMassachist"  />	
		<entity name="banditMusketeer"  />	
		<entity name="banditRanged"   />
		<entity name="banditCop"   />
		<entity name="banditBullseye"   />
		<entity name="banditDestructor"   />
		<entity name="Negan"   />
		<entity name="banditMusketeer"   />
		<entity name="banditDeadAim"   />
		<entity name="banditDeadAim1"   />
		<entity name="banditDeadAim2"   />	
		<entity name="banditHeadshot"   />
		<entity name="banditBeserker"   />
		<entity name="banditdestroyer"   />
		<entity name="banditSniper"   />
		<entity name="banditLeader" />		
		</append>
		
		<append xpath="/entitygroups/entitygroup[@name='ZombiesWastelandNight2']"> <!-- Nightstands -->
		<entity name="banditMelee"  />
		<entity name="banditFighter"  />
		<entity name="banditFixer"  />
		<entity name="banditSledger"  />
		<entity name="banditSlasher"   />
		<entity name="banditClubber"   />
		<entity name="banditFlamer"   />
		<entity name="banditMassachist"  />	
		<entity name="banditMusketeer"  />	
		<entity name="banditRanged"   />
		<entity name="banditCop"   />
		<entity name="banditBullseye"   />
		<entity name="banditDestructor"   />
		<entity name="Negan"   />
		<entity name="banditMusketeer"   />
		<entity name="banditDeadAim"   />
		<entity name="banditDeadAim1"   />
		<entity name="banditDeadAim2"   />	
		<entity name="banditHeadshot"   />
		<entity name="banditBeserker"   />
		<entity name="banditdestroyer"   />
		<entity name="banditSniper"   />
		<entity name="banditLeader" />		
		</append>
		
		<append xpath="/entitygroups/entitygroup[@name='ZombiesWastelandNight2NoBears']"> <!-- Nightstands -->
		<entity name="banditMelee"  />
		<entity name="banditFighter"  />
		<entity name="banditFixer"  />
		<entity name="banditSledger"  />
		<entity name="banditSlasher"   />
		<entity name="banditClubber"   />
		<entity name="banditFlamer"   />
		<entity name="banditMassachist"  />	
		<entity name="banditMusketeer"  />	
		<entity name="banditRanged"   />
		<entity name="banditCop"   />
		<entity name="banditBullseye"   />
		<entity name="banditDestructor"   />
		<entity name="Negan"   />
		<entity name="banditMusketeer"   />
		<entity name="banditDeadAim"   />
		<entity name="banditDeadAim1"   />
		<entity name="banditDeadAim2"   />	
		<entity name="banditHeadshot"   />
		<entity name="banditBeserker"   />
		<entity name="banditdestroyer"   />
		<entity name="banditSniper"   />
		<entity name="banditLeader" />		
		</append>
		
		<append xpath="/entitygroups/entitygroup[@name='SnowZombies']"> <!-- Nightstands -->
		<entity name="banditMelee"  />
		<entity name="banditFighter"  />
		<entity name="banditFixer"  />
		<entity name="banditSledger"  />
		<entity name="banditSlasher"   />
		<entity name="banditClubber"   />
		<entity name="banditFlamer"   />
		<entity name="banditMassachist"  />	
		<entity name="banditMusketeer"  />	
		<entity name="banditRanged"   />
		<entity name="banditCop"   />
		<entity name="banditBullseye"   />
		<entity name="banditDestructor"   />
		<entity name="Negan"   />
		<entity name="banditMusketeer"   />
		<entity name="banditDeadAim"   />
		<entity name="banditDeadAim1"   />
		<entity name="banditDeadAim2"   />	
		<entity name="banditHeadshot"   />
		<entity name="banditBeserker"   />
		<entity name="banditdestroyer"   />
		<entity name="banditSniper"   />
		<entity name="banditLeader" />		
		</append>
		
		<append xpath="/entitygroups/entitygroup[@name='ZombieBadassGroup']"> <!-- Nightstands -->
		<entity name="banditFlamer"   />
		<entity name="banditRanged"   />
		<entity name="banditCop"   />
		<entity name="Negan"   />
		<entity name="banditMusketeer"   />
		<entity name="banditHeadshot"   />
		<entity name="banditSniper"   />
		<entity name="banditLeader" />		
		</append>
		
		<append xpath="/entitygroups/entitygroup[@name='ZombieFarmGroup']"> <!-- Nightstands -->
		<entity name="banditMelee"  />
		<entity name="banditFighter"  />
		<entity name="banditFixer"  />
		<entity name="banditSledger"  />
		<entity name="banditSlasher"   />
		<entity name="banditClubber"   />
		<entity name="banditFlamer"   />
		<entity name="banditMassachist"  />	
		<entity name="banditMusketeer"  />	
		<entity name="banditBullseye"   />
		<entity name="banditDestructor"   />
		<entity name="banditMusketeer"   />
		<entity name="banditDeadAim"   />
		<entity name="banditDeadAim1"   />
		<entity name="banditDeadAim2"   />	
		<entity name="banditHeadshot"   />
		<entity name="banditBeserker"   />
		<entity name="banditdestroyer"   />
		<entity name="banditLeader" />			
		</append>
		
		<append xpath="/entitygroups/entitygroup[@name='ZombieFootballStadiumGroup']"> <!-- Nightstands -->
		<entity name="banditMelee"  />
		<entity name="banditFighter"  />
		<entity name="banditFixer"  />
		<entity name="banditSledger"  />
		<entity name="banditSlasher"   />
		<entity name="banditClubber"   />
		<entity name="banditFlamer"   />
		<entity name="banditMassachist"  />	
		<entity name="banditMusketeer"  />	
		<entity name="banditRanged"   />
		<entity name="banditCop"   />
		<entity name="banditBullseye"   />
		<entity name="banditDestructor"   />
		<entity name="Negan"   />
		<entity name="banditMusketeer"   />
		<entity name="banditDeadAim"   />
		<entity name="banditDeadAim1"   />
		<entity name="banditDeadAim2"   />	
		<entity name="banditHeadshot"   />
		<entity name="banditBeserker"   />
		<entity name="banditdestroyer"   />
		<entity name="banditSniper"   />
		<entity name="banditLeader" />		
		</append>
		
		<append xpath="/entitygroups/entitygroup[@name='ZombieGhostTownGroup']"> <!-- Nightstands -->
		<entity name="banditMelee"  />
		<entity name="banditFighter"  />
		<entity name="banditFixer"  />
		<entity name="banditSledger"  />
		<entity name="banditSlasher"   />
		<entity name="banditClubber"   />
		<entity name="banditFlamer"   />
		<entity name="banditMassachist"  />	
		<entity name="banditMusketeer"  />	
		<entity name="banditRanged"   />
		<entity name="banditCop"   />
		<entity name="banditBullseye"   />
		<entity name="banditDestructor"   />
		<entity name="Negan"   />
		<entity name="banditMusketeer"   />
		<entity name="banditDeadAim"   />
		<entity name="banditDeadAim1"   />
		<entity name="banditDeadAim2"   />	
		<entity name="banditHeadshot"   />
		<entity name="banditBeserker"   />
		<entity name="banditdestroyer"   />
		<entity name="banditSniper"   />
		<entity name="banditLeader" />		
		</append>
		
		<append xpath="/entitygroups/entitygroup[@name='HospitalGroup']"> <!-- Nightstands -->
		<entity name="banditMelee"  />
		<entity name="banditFighter"  />
		<entity name="banditFixer"  />
		<entity name="banditSledger"  />
		<entity name="banditSlasher"   />
		<entity name="banditClubber"   />
		<entity name="banditFlamer"   />
		<entity name="banditMassachist"  />	
		<entity name="banditMusketeer"  />	
		<entity name="banditRanged"   />
		<entity name="banditCop"   />
		<entity name="banditBullseye"   />
		<entity name="banditDestructor"   />
		<entity name="Negan"   />
		<entity name="banditMusketeer"   />
		<entity name="banditDeadAim"   />
		<entity name="banditDeadAim1"   />
		<entity name="banditDeadAim2"   />	
		<entity name="banditHeadshot"   />
		<entity name="banditBeserker"   />
		<entity name="banditdestroyer"   />
		<entity name="banditSniper"   />
		<entity name="banditLeader" />		
		</append>
</configs>		