<configs>
<insertAfter xpath="/lootcontainers/lootcontainer[@id='110']" >
<!-- Bandits -->

<!-- lootcontainer 230 BanditContainerRegular -->
<lootcontainer id="230" count="0,2" size="8,9" destroy_on_close="true" sound_open="UseActions/open_corpse" sound_close="UseActions/close_corpse" loot_quality_template="baseTemplate">
	<item group="banditsGeneral"/>
	<item group="cannedfood" count="1,2" prob="2"/>
	<item group="tools" prob="1"/>
	<item group="rareTools" prob=".5"/>
	<item group="ironArmor" prob=".5"/>
	<item group="steelArmor" prob=".3"/>
	<item group="militaryArmor" prob=".3"/>
	<item group="clothes"/>
	<item group="warmClothes" prob=".3"/>
	<item group="ammo" prob="2"/>
	<item group="ammoSteel" count="1,2"/>
	<item group="weaponsPistol+ammo" prob="0.8"/>
	<item group="weaponsMagnum+ammo" prob="0.15"/>
	<item group="weaponsAnyShotguns+ammo" prob=".8"/>
	<item group="weaponsHuntingRifle+ammo" prob=".5"/>
	<item group="weaponsMilitaryGuns+ammo" prob=".15"/>
	<item group="rareMedicine" prob="0.3"/>
	<item name="drugPainkillers" count="1,2" prob=".5"/>
	<item name="drugVitamins" count="1,2" prob=".7"/>
</lootcontainer>
</insertAfter>
<insertAfter xpath="/lootcontainers/lootcontainer[@id='230']" >
<!-- lootcontainer 231 BanditContainerStrong -->
<lootcontainer id="231" count="0,2" size="8,9" destroy_on_close="true" sound_open="UseActions/open_corpse" sound_close="UseActions/close_corpse" loot_quality_template="baseTemplate">
	<item group="banditsGeneral"/>
	<item group="modAllT1"/>
	<item group="cannedfood" count="1,2" prob="1.5"/>
	<item group="books" prob="1"/>
	<item group="tools" prob="1"/>
	<item group="rareTools" prob=".8"/>
	<item group="ironArmor" prob=".5"/>
	<item group="steelArmor" prob=".5"/>
	<item group="militaryArmor" prob=".5"/>
	<item name="armorSwatHelmet"/>
	<item group="hazmatGear" prob=".5"/>
	<item group="clothes"/>
	<item group="warmClothes" prob=".3"/>
	<item group="ammo" count="1,2" prob="2"/>
	<item group="ammoSteel" count="2"/>
	<item group="weaponsPistol+ammo" prob="0.8"/>
	<item group="weaponsMagnum+ammo" prob="0.4"/>
	<item group="weaponsAnyShotguns+ammo" prob=".8"/>
	<item group="weaponsHuntingRifle+ammo" prob=".6"/>
	<item group="weaponsMilitaryGuns+ammo" prob=".4"/>
	<item group="rareMedicine" prob="0.3"/>
</lootcontainer>
</insertAfter>
<insertAfter xpath="/lootcontainers/lootcontainer[@id='231']" >
<!-- lootcontainer 232 BanditContainerBoss -->
<lootcontainer id="232" count="0,2" size="8,9" destroy_on_close="true" sound_open="UseActions/open_corpse" sound_close="UseActions/close_corpse" loot_quality_template="baseTemplate">
	<item group="banditsGeneral"/>
	<item group="modAllT1" prob=".5"/>
	<item group="modAllT2" prob=".5"/>
	<item name="meleeToolPaintTool"/>
	<item name="meleeToolWireTool" prob="0.4"/>
	<item name="meleeToolClawHammer"/>
	<item name="meleeToolWrench"/>
	<item name="meleeToolPickaxeSteel" prob="0.4"/>
	<item name="meleeToolFireaxeSteel" prob="0.4"/>
	<item name="meleeToolShovelSteel" prob="0.4"/>
	<item name="meleeToolSledgehammer" prob="0.4"/>
	<item name="gunToolNailgun" prob="0.4"/>
	<item group="electricalDevices" prob="2"/>
	<item group="weaponsPistol+ammo" prob="1.5"/>
	<item group="weaponsMagnum+ammo" prob=".5"/>
	<item group="weaponsMP5+ammo" prob=".3"/>
</lootcontainer>
</insertAfter>
<insertAfter xpath="/lootcontainers/lootcontainer[@id='232']" >
<!-- lootcontainer 233 BanditContainerLegendary -->
<lootcontainer id="233" count="0,2" size="8,9" destroy_on_close="true" sound_open="UseActions/open_corpse" sound_close="UseActions/close_corpse" loot_quality_template="baseTemplate">
	<item group="banditsGeneral"/>
	<item group="modAllT1" prob=".5"/>
	<item group="modAllT2" prob=".5"/>
	<item group="modAllT3" prob=".5"/>
	<item group="cannedfood" count="1,2" prob="2"/>
	<item name="drinkJarBeer" count="1,3" prob=".8"/>
	<item name="drinkJarBoiledWater" count="1,4" prob="1.5"/>
	<item group="books" prob="1"/>
	<item name="resourceCandleStick" count="1,2" prob="1"/>
	<item name="resourceForgedIron" count="1,8" prob="0.5"/>
	<item name="resourceForgedSteel" count="1,8" prob="0.5"/>
	<item group="tools" prob="1"/>
	<item group="rareTools" prob=".5"/>
	<item group="ironArmor" prob=".5"/>
	<item group="steelArmor" prob=".3"/>
	<item group="militaryArmor" prob=".3"/>
	<item group="clothes"/>
	<item group="warmClothes" prob=".3"/>
	<item group="ammo" prob="2"/>
	<item group="ammoSteel" count="1,2"/>
	<item group="weaponsPistol+ammo" prob="0.8"/>
	<item group="weaponsMagnum+ammo" prob="0.15"/>
	<item group="weaponsAnyShotguns+ammo" prob=".8"/>
	<item group="weaponsHuntingRifle+ammo" prob=".5"/>
	<item group="weaponsMilitaryGuns+ammo" prob=".15"/>
	<item name="gunCompoundBow" prob="0.4"/>
	<item name="nightvisionGoggles" prob="0.2"/>
	<item name="casinoCoin" count="150,1100" prob="1"/>
	<item name="oldCash" count="25,100"/>
	<item name="drugHerbalAntibiotics" count="1,2" prob="0.2"/>
	<item group="rareMedicine" prob="0.3"/>
	<item name="drugPainkillers" count="1,2" prob=".5"/>
	<item name="drugVitamins" count="1,2" prob=".7"/>
	<item group="treasureMaps" count="1" prob="0.1"/>
	<item group="questChallenge" count="1" prob="0.1"/>
</lootcontainer>

</insertAfter>
</configs>