<rulesets>
<cell_rule name="stallionsCasinoHub" position="1,0" prob="0" />


<cell_rules>
<cell_rule name="stallionsCasinoHub">
			<cave_count value="0,4" />
			<path_material value="asphalt" />
			<path_radius value="7" />
			<hub_rule name="stallionsCasinoHub" />
			<wilderness_rule name="wildernessDefault" />
		</cell_rule>


<hub_rules>	
<hub_rule name="stallionsCasinoHub">
			<hub_type value="town" />
			<width value="133, 133" />
			<height value="133, 133" />
			<hub_layout name="stallionsCasinoHubLayout" />
			<prefab_rule name="StallionsPrefabs" />
		</hub_rule>
		
<prefab_rules>
<prefab_rule name="StallionsPrefabs">
			<prefab name="StallionsdenCasinoV3" />
			</prefab_rule>	
		

<hub_layouts>			
<hub_layout name="stallionsCasinoHubLayout">
			<township_type value="town" />
			<street start_point="0,118" end_point="118,0" path_material="asphalt" path_radius="7" />
			<street start_point="118,0" end_point="118,118" path_material="asphalt" path_radius="7" />
			<street start_point="118,118" end_point="0,118" path_material="asphalt" path_radius="7" />
			<street start_point="0,118" end_point="0,0" path_material="asphalt" path_radius="7" />
			<street start_point="0,0" end_point="118,0" path_material="asphalt" path_radius="7" />
			<street start_point="118,0" end_point="118,118" path_material="asphalt" path_radius="7" />
			<street start_point="118,118" end_point="0,118" path_material="asphalt" path_radius="7" />
			<street start_point="0,118" end_point="0,0" path_material="asphalt" path_radius="7" />
			<lot min_x_y="8,111" prefab="StallionsdenCasinoV3" rotation_to_road="0" />
		</hub_layout>			