				<block id="1955" name="cntcorpseShiva">
				<property name="CustomIcon" value="cntCorpseLoot01"/>
				<property name="Class" value="Loot"/>
				<property name="Material" value="organic"/>
				<property name="Shape" value="ModelEntity"/>
				<property name="Mesh" value="models"/>
				<property name="Model" value="Entities/LootContainers/corpse_loot01Prefab" param1="main_mesh"/>
				<property name="Texture" value="241"/>
				<property name="Collide" value="movement,melee,bullet,rocket"/>
				<property name="LootList" value="114"/>
				<drop event="Destroy" name="GoreBlock1Prefab" count="1"/>
				<drop event="Fall" name="GoreBlock1Prefab" count="1" prob="1" stick_chance="1"/>
				<property name="DowngradeBlock" value="GoreBlock1Prefab" /> 
				</block>
				
				<block id="1956" name="cntcorpseJesse">
				<property name="Extends" value="cntcorpseShiva" />
				<property name="LootList" value="115"/>
				</block>
				
				 <block id="1957" name="cntcorpseJesus">
				<property name="Extends" value="cntcorpseShiva" />
				<property name="LootList" value="116"/>
				</block>
				
				 <block id="1958" name="cntcorpseTara">
				<property name="Extends" value="cntcorpseShiva" /><property name="Collide" value="movement,melee,bullet,rocket"/>
				<property name="LootList" value="117"/>
				</block>
				
				<block id="1959" name="cntcorpseAbraham">
				<property name="Extends" value="cntcorpseShiva" />
				<property name="LootList" value="118"/>
				</block>
				
				 <block id="1960" name="cntcorpseMichonne">
				<property name="Extends" value="cntcorpseShiva" />
				<property name="LootList" value="119"/>
				</block>
				
				 <block id="1961" name="cntcorpseMorgan">
				<property name="Extends" value="cntcorpseShiva" />
				<property name="LootList" value="120"/>
				</block>
				
				<block id="1962" name="cntcorpseLori">
				<property name="Extends" value="cntcorpseShiva" />
				<property name="LootList" value="121"/>
				</block>
				
				 <block id="1963" name="cntcorpseGlenn">
				<property name="Extends" value="cntcorpseShiva" />
				<property name="LootList" value="122"/>
				</block>
				
				 <block id="1964" name="cntcorpseCarol">
				<property name="Extends" value="cntcorpseShiva" />
				<property name="LootList" value="123"/>
				</block>
				
				<block id="1965" name="cntcorpseTyreese">
				<property name="Extends" value="cntcorpseShiva" />
				<property name="LootList" value="124"/>
				</block>
				
				 <block id="1966" name="cntcorpseRick">
				<property name="Extends" value="cntcorpseShiva" />
				<property name="LootList" value="125"/>
				</block>
				
				 <block id="1967" name="cntcorpseAaron">
				<property name="Extends" value="cntcorpseShiva" />
				<property name="LootList" value="126"/>
				</block>
				
				<block id="1968" name="cntcorpseDarrylDixon">
				<property name="Extends" value="cntcorpseShiva" />
				<property name="LootList" value="127"/>
				</block>
				
				 <block id="1969" name="cntcorpseEzekiel">
				<property name="Extends" value="cntcorpseShiva" />
				<property name="LootList" value="128"/>
			</block>
				
				 <block id="1970" name="cntcorpseRosita">
				<property name="Extends" value="cntcorpseShiva" />
				<property name="LootList" value="129"/>
				</block>
								
				 <block id="1971" name="cntcorpseShane">
				<property name="Extends" value="cntcorpseShiva" />
				<property name="LootList" value="130"/>
				</block>
				
				 <block id="1972" name="cntcorpseMaggi">
				<property name="Extends" value="cntcorpseShiva" />
				<property name="LootList" value="131"/>
				</block>
				
				 <block id="1973" name="cntcorpseCarl">
				<property name="Extends" value="cntcorpseShiva" />
				<property name="LootList" value="132"/>
				</block>