<!-- followers -->
<item id="2082" name="followerchainsaw" >
		<property name="Extends" value="chainsaw" />
		<property class="Parts">
		<property name="Stock" value="followerpartsChainsaw_parts" />
		<property name="Receiver" value="followersmallEngine" />
		<property name="Pump" value="followerpartsHandlebars" /> <!-- DegradationRate -->
		<property name="Barrel" value="followerpartsChainsaw_blade" />
		 </property>
		<property class="Action0"> 
		<property name="Class" value="Ranged" />
		<property name="Delay" value="1" />
		<property name="Magazine_size" value="1" />
		<property name="Infinite_ammo" value="true" />
		<property name="Single_magazine_usage" value="false" />
		<property name="Magazine_items" value="followergasCan" />
		<property name="Reload_time" value="1" />	
		</property>
		<property name="SellableToTrader" value="false" />
		<property name="Candrop" value="false" />
		<property name="IsDeveloper" value="true" />
		</item>

<item id="2083" name="followerclubSpiked" >
	<property name="Extends" value="clubIron" />
	<property name="EntityDamage" value="45,75" />
		<property name="BlockDamage" value="11.8,29.5" />
		<property name="SellableToTrader" value="false" />
	<property name="Candrop" value="false" />
	<property name="IsDeveloper" value="true" />
	</item>

<item id="2084" name="followersledgehammer" >
<property name="Extends" value="sledgehammer" />
		<property class="Action0"> <!-- AttackAction -->
		<property name="Delay" value="1" />
		<property name="Range" value="2" />	
		</property>
		<property name="SellableToTrader" value="false" />
		<property name="Candrop" value="false" />
		<property name="IsDeveloper" value="true" />
		</item>

<item id="2085" name="followerclubWood" >
<property name="Extends" value="clubWood" />
<property name="SellableToTrader" value="false" />
	<property name="Candrop" value="false" />
	<property name="IsDeveloper" value="true" />
	</item>

<item id="2086" name="followerfireaxeSteel" >
<property name="Extends" value="fireaxeSteel" />
<property name="SellableToTrader" value="false" />
	<property name="Candrop" value="false" />
	<property name="IsDeveloper" value="true" />
	</item>

<item id="2087" name="followermachete" >
<property name="Extends" value="machete" />
	<property class="Action0"> <!-- AttackAction -->
		<property name="Delay" value="1" />
		</property>
		<property name="SellableToTrader" value="false" />
		<property name="Candrop" value="false" />
		<property name="IsDeveloper" value="true" />
		</item>

<item id="2088" name="followergunPistol" >
<property name="Extends" value="gunPistol" />
	<property class="Parts">
		<property name="Stock" value="followerpartsPistol_grip" />
		<property name="Receiver" value="followerpartsPistol_receiver" />
		<property name="Pump" value="followerpartsPistol_parts" />
		<property name="Barrel" value="followerpartsPistol_barrel" />
	</property>
	<property class="Action0"> <!-- AttackAction -->
		<property name="Class" value="Ranged" />
		<property name="Delay" value="0.5" />
		<property name="Magazine_size" value="1" />
		<property name="Infinite_ammo" value="true" />
		<property name="Magazine_items" value="follower9mmBullet" />
		<property name="Reload_time" value="0.1" />
		</property>
		<property name="SellableToTrader" value="false" />
		<property name="Candrop" value="false" />
	<property name="IsDeveloper" value="true" />
	</item>

<item id="2089" name="followergun44Magnum" >
	<property name="Extends" value="gun44Magnum" />
			<property class="Parts">
		<property name="Stock" value="followerparts44Magnum_grip" />
		<property name="Receiver" value="followerparts44Magnum_cylinder" />
		<property name="Pump" value="followerparts44Magnum_parts" />
		<property name="Barrel" value="followerparts44Magnum_frame" />
	</property>
	<property class="Action0"> <!-- AttackAction -->
		<property name="Class" value="Ranged" />
		<property name="Delay" value="1" />
		<property name="Magazine_size" value="1" />
		<property name="Infinite_ammo" value="true" />
		<property name="Magazine_items" value="follower44MagBullet" />
		<property name="Reload_time" value="0.1" />
		</property>
		<property name="SellableToTrader" value="false" />
		<property name="Candrop" value="false" />
	<property name="IsDeveloper" value="true" />
		</item>

<item id="2090" name="followergunSawedOffPumpShotgun" >
<property name="Extends" value="gunSawedOffPumpShotgun" />
	<property class="Parts">
		<property name="Stock" value="followerpartsPumpShotgun_stockShort" />
		<property name="Receiver" value="followerpartsPumpShotgun_receiver" />
		<property name="Pump" value="followerpartsPumpShotgun_parts" />
		<property name="Barrel" value="followerpartsPumpShotgun_barrelShort" />
	</property>
		<property class="Action0"> <!-- AttackAction -->
		<property name="Delay" value="2" />
		<property name="Magazine_size" value="1" />
		<property name="Infinite_ammo" value="true" />
		<property name="Magazine_items" value="followershotgunShell" />
		<property name="Reload_time" value="1" />
		</property>
		<property name="SellableToTrader" value="false" />
		<property name="Candrop" value="false" />
	<property name="IsDeveloper" value="true" />
		</item>

<item id="2091" name="followergunMP5" >
<property name="Extends" value="gunMP5" />
		<property class="Parts">
		<property name="Stock" value="followerpartsMP5_stock" />
		<property name="Receiver" value="followerpartsMP5_receiver" />
		<property name="Pump" value="followerpartsMP5_parts" />
		<property name="Barrel" value="followerpartsMP5_barrel" />
	</property>
		<property class="Action0"> <!-- AttackAction -->
		<property name="Delay" value="3" />
		<property name="Magazine_size" value="1" />
		<property name="Infinite_ammo" value="true" />
		<property name="Magazine_items" value="follower10mmBullet" />
		<property name="Reload_time" value="2" />
		</property>
		<property name="SellableToTrader" value="false" />
		<property name="Candrop" value="false" />
	<property name="IsDeveloper" value="true" />
		</item>

<item id="2092" name="followergunAK47" >
<property name="Extends" value="gunAK47" />
<property class="Parts">
		<property name="Stock" value="followerpartsAK47_stock" />
		<property name="Receiver" value="followerpartsAK47_receiver" />
		<property name="Pump" value="followerpartsAK47_parts" />
		<property name="Barrel" value="followerpartsAK47_barrel" />
	</property>
	<property class="Action0"> <!-- AttackAction -->
		<property name="Delay" value="4" />
		<property name="Magazine_size" value="1" />
		<property name="Infinite_ammo" value="true" />
		<property name="Magazine_items" value="follower762mmBullet" />
		<property name="Reload_time" value="4" />
</property>
<property name="SellableToTrader" value="false" />
		<property name="Candrop" value="false" />
	<property name="IsDeveloper" value="true" />
		</item>

<item id="2093" name="followergunHuntingRifle" >
<property name="Extends" value="gunHuntingRifle" />
		<property class="Parts">
		<property name="Stock" value="followerpartsHuntingRifle_stock" />
		<property name="Receiver" value="followerpartsHuntingRifle_receiver" />
		<property name="Pump" value="followerpartsHuntingRifle_parts" />
		<property name="Barrel" value="followerpartsHuntingRifle_barrel" />
	</property>
		<property class="Action0"> <!-- AttackAction -->
		<property name="Delay" value="2" />
		<property name="Magazine_size" value="1" />
		<property name="Infinite_ammo" value="true" />
		<property name="Magazine_items" value="follower762mmBullet" />
		<property name="Reload_time" value="2" />
		</property>
		<property name="SellableToTrader" value="false" />
		<property name="Candrop" value="false" />
	<property name="IsDeveloper" value="true" />
		</item>

<item id="2094" name="followergunSniperRifle" >
<property name="Extends" value="gunSniperRifle" />
		<property class="Parts">
		<property name="Stock" value="followerpartsSniperRifle_stock" />
		<property name="Receiver" value="followerpartsSniperRifle_receiver" />
		<property name="Pump" value="followerpartsSniperRifle_parts" />
		<property name="Barrel" value="followerpartsSniperRifle_barrel" />
	</property>
				<property class="Action0"> <!-- AttackAction -->
		<property name="Delay" value="2" />
		<property name="Magazine_size" value="1" />
		<property name="Infinite_ammo" value="true" />
		<property name="Magazine_items" value="follower762mmBullet" />
		<property name="Reload_time" value="2" />
		</property>
		<property name="SellableToTrader" value="false" />
		<property name="Candrop" value="false" />
	<property name="IsDeveloper" value="true" />
		</item>		

<item id="2095" name="followergunRocketLauncher" >
<property name="Extends" value="gunRocketLauncher" />
		<property class="Parts">
		<property name="Stock" value="followerpartsRocketLauncher_stock" />
		<property name="Receiver" value="followerpartsRocketLauncher_receiver" />
		<property name="Pump" value="followerpartsRocketLauncher_parts" />
		<property name="Barrel" value="followerpartsRocketLauncher_barrel" />
	</property>
		<property class="Action0"> <!-- AttackAction -->
		<property name="Delay" value="4" />
		<property name="Magazine_size" value="1" />
		<property name="Infinite_ammo" value="true" />
		<property name="Magazine_items" value="followerrocket" />
		<property name="Reload_time" value="6" />
		</property>
		<property name="SellableToTrader" value="false" />
		<property name="Candrop" value="false" />
		<property name="IsDeveloper" value="true" />
		</item>

<item id="2096" name="followerblunderbuss" >
<property name="Extends" value="followergunSawedOffPumpShotgun" />
	<property name="Meshfile" value="Items/Weapons/Ranged/blunderbuss/blunderbussPrefab" />
	<property name="Material" value="metal" />
	<property name="RepairTools" value="repairKit" />
	<property name="EconomicValue" value="460" />
	<property name="HoldType" value="39" />
	<property name="SellableToTrader" value="false" />
	<property name="Candrop" value="false" />
		<property name="IsDeveloper" value="true" />
 	<property name="DegradationBreaksAfter" value="false" />
	<property name="SoundJammed" value="Weapons/weapon_jam" />
	<property class="Action0"> <!-- AttackAction -->
		<property name="Class" value="Ranged" />
		<property name="Delay" value="5" />
		<property name="Range" value="40" />
		<property name="Crosshair_min_distance" value="30" />
		<property name="Crosshair_max_distance" value="50" />
		<property name="Magazine_size" value="1" />
		<property name="Infinite_ammo" value="true" />
		<property name="Magazine_items" value="followerblunderbussAmmo" />
		<property name="Magazine_item_ray_counts" value="10" />
		<property name="Magazine_item_ray_spreads" value="0.96" />
		<property name="Reload_time" value="3" />
		<property name="Bullet_icon" value="uzi" />
		<property name="Sound_start" value="Weapons/Ranged/Blunderbuss/blunderbuss_fire" />
		<property name="Sound_repeat" value="" />
		<property name="Sound_end" value="" />
		<property name="Sound_empty" value="Weapons/weapon_empty" />
		<property name="Sound_reload" value="Weapons/Ranged/Blunderbuss/blunderbuss_reload" />
		<property name="Particles_muzzle_fire" value="nozzleflash_shotgun" />
		<property name="Particles_muzzle_smoke" value="nozzlesmokeuzi" />
		<property name="DamageBonus.head" value="3" />
		<property name="DamageBonus.wood" value="2.5" />
		<property name="DamageBonus.glass" value="25" />
		<property name="DamageBonus.earth" value=".2" />
		<property name="Buff" value="shotgunWound" />
		<property name="Buff_chance" value=".8" />
	</property>
	<property class="Action1"> <!-- UseAction -->
		<property name="Class" value="Zoom" />
		<property name="Zoom_max_out" value="40" />
		<property name="Zoom_max_in" value="40" />
	</property>
	<property name="Group" value="Ammo/Weapons" />
	<property class="Attributes">
		<property name="EntityDamage" value="6,9.4" />
		<property name="BlockDamage" value="0,0" />
		<property name="Accuracy" value="1,0.1" />
		<property name="DegradationMax" value="0,0" />
		<property name="DegradationRate" value="0,0" />
	</property>
	<property name="Group" value="Ammo/Weapons" />
	<property name="ActionSkillGroup" value="Shotguns"/>
	<property name="CraftingSkillGroup" value="Weapon Smithing"/> <!-- 15.0 workaround. Should be Gun Smithing -->
	<property name="RepairExpMultiplier" value="10.8"/>
</item>

<item id="2097" name="followerwoodenBow" >
<property name="Extends" value="followerblunderbuss" />
	<property name="Meshfile" value="Items/Weapons/Ranged/Bows/WoodenBow/WoodenBowPrefab" />
 	<property name="Material" value="wood" />
	<property name="RepairTools" value="wood" />
	<property name="HoldType" value="27" />
	<property name="FuelValue" value="36" />
	<property name="SellableToTrader" value="false" />
	<property name="Candrop" value="false" />
		<property name="IsDeveloper" value="true" />
	<property name="DegradationBreaksAfter" value="false" />
	<property name="SoundJammed" value="ItemNeedsRepair" />
 	<property name="SoundDestroy" value="wooddestroy1" />
	<property name="CrosshairOnAim" value="true" />
	<property name="CrosshairUpAfterShot" value="false" />
	<property class="Action0"> <!-- AttackAction -->
		<property name="Class" value="Ranged" />
		<!-- Catapult might not be the best name for it but it can also be used for a slingshot -->
		<property name="Hitmask_override" value="Arrow" />
		<property name="Delay" value="0.5" />
		<property name="Magazine_size" value="1" />
		<property name="Infinite_ammo" value="true" />
		<property name="Magazine_items" value="followerarrow" />
		<property name="Rays_spread" value="0.017" />
		<property name="Reload_time" value="0.1" />
		<property name="Bullet_icon" value="uzi" />
		<property name="Sound_start" value="Weapons/Ranged/Bows/Bow/bow_fire" />
		<property name="Sound_repeat" value="" />
		<property name="Sound_end" value="" />
		<property name="Sound_empty" value="Weapons/weapon_empty" />
		<property name="Sound_reload" value="Weapons/Ranged/Bows/Bow/bow_reload" />
		<property name="Sound_draw" value="Weapons/Ranged/Bows/Bow/bow_draw" />
		<property name="Sound_cancel" value="Weapons/Ranged/Bows/Bow/bow_fire_cancel" />
		<property name="Particles_muzzle_fire" value="nozzleflashuzi" />
		<property name="Particles_muzzle_smoke" value="nozzlesmokeuzi" />
		<property name="Max_strain_time" value=".5" />
		<!-- ammunition can override Exp values 
		<property name="ActionExp" value="3" />
		<property name="ActionExpBonusMultiplier" value="3" />-->
	</property>
	<property class="Action1"> <!-- UseAction -->
		<property name="Class" value="Zoom" />
		<property name="Zoom_max_out" value="35" />
		<property name="Zoom_max_in" value="35" />
	</property>
	<property name="Group" value="Ammo/Weapons,Basics" />
	<property class="Attributes">
		<property name="DegradationRate" value="1,1" />
		<property name="DegradationMax" value="50,600" />
	</property>
	<property name="DescriptionKey" value="woodenBowDesc"/>
	<property name="ActionSkillGroup" value="Archery"/>
	<property name="CraftingSkillGroup" value="Weapon Smithing"/>
	<property name="RepairExpMultiplier" value="5.5"/>
	<property name="PickupJournalEntry" value="alternateAmmoTip" />
</item>
	
<item id="2098" name="followerAuger" >
	<property name="Extends" value="auger" />
	<property class="Parts">
		<property name="Stock" value="followerpartsAuger_parts" />
		<property name="Receiver" value="followersmallEngine" />
		<property name="Pump" value="followerpartsHandlebars" /> <!-- DegradationRate -->
		<property name="Barrel" value="followerpartsAuger_blade" />
	</property>
		<property class="Action0"> <!-- AttackAction -->
		<property name="Class" value="Melee" />
		<property name="Auto_fire" value="true" />
		<property name="Delay" value="0.1" />
		<property name="Magazine_size" value="1" />
		<property name="Infinite_ammo" value="true" />
		<property name="Magazine_items" value="followergasCan" />
		<property name="Reload_time" value="1" />
		<property name="Range" value="2.1" />
		<property name="Block_range" value="3" />
		<property name="DamageBonus.head" value="0" />
		<property name="DamageBonus.glass" value="250" />
		<property name="DamageBonus.wood" value="100" />
		<property name="DamageBonus.metal" value="1000" />
		<property name="DamageBonus.earth" value="750" />
		<property name="DamageBonus.organic" value="100" />
		<property name="EntityDamage" value="25,50" />
		<property name="BlockDamage" value="200,2600" />
		</property>
		<property name="SellableToTrader" value="false" />
	<property name="Candrop" value="false" />
		<property name="IsDeveloper" value="true" />
		</item>		

	<item id="2099" name="followergunPumpShotgun">
	<property name="Extends" value="gunPumpShotgun" />
		<property class="Parts">
		<property name="Stock" value="followerpartsPumpShotgun_stock" />
		<property name="Receiver" value="followerpartsPumpShotgun_receiver" />
		<property name="Pump" value="followerpartsPumpShotgun_parts" />
		<property name="Barrel" value="followerpartsPumpShotgun_barrel" />
	</property>

		<property class="Action0"> <!-- AttackAction -->
		<property name="Delay" value="3" />
		<property name="Magazine_size" value="1" />
		<property name="Infinite_ammo" value="true" />
		<property name="Magazine_items" value="followerShotgunSlug" />
		<property name="Magazine_item_ray_counts" value="2, 1" />
		<property name="Magazine_item_ray_spreads" value="0.75, 0.25" />
		<property name="Reload_time" value="2.6" />
				</property>
				<property name="SellableToTrader" value="false" />
		<property name="Candrop" value="false" />
		<property name="IsDeveloper" value="true" />
		</item>	

<item id="2100" name="followercrossbow" >
<property name="Extends" value="followerblunderbuss" />
		<property name="Meshfile" value="Items/Weapons/Ranged/Bows/Crossbow/crossbowPrefab" />
		<property name="Material" value="metal" />
		<property name="RepairTools" value="repairKit" />
		<property name="HoldType" value="26" />
		<property name="SellableToTrader" value="false" />
		<property name="Candrop" value="false" />
		<property name="IsDeveloper" value="true" />
		<property name="DegradationBreaksAfter" value="false" />
		<property name="SoundJammed" value="Weapons/weapon_jam" />
		<property name="SoundDestroy" value="wooddestroy1" />
		<property name="Attachments" value="flashlight02" />
		<property class="Action0"> <!-- AttackAction -->
		<property name="Class" value="Ranged" />
		<property name="Hitmask_override" value="Arrow" />
		<property name="Crosshair_min_distance" value="5" />
		<property name="Crosshair_max_distance" value="50" />
		<!--<property name="Range" value="200" />-->
		<property name="Delay" value="2" />
		<property name="Magazine_size" value="1" />
		<property name="Infinite_ammo" value="true" />
		<property name="Magazine_items" value="followerCrossbowBolt" />
		<property name="Reload_time" value="3" />
		<property name="Bullet_icon" value="uzi" />
		<property name="Sound_start" value="Weapons/Ranged/Bows/Crossbow/crossbow_fire" />
		<property name="Sound_repeat" value="" />
		<property name="Sound_end" value="" />
		<property name="Sound_empty" value="Weapons/weapon_empty" />
		<property name="Sound_reload" value="Weapons/Ranged/Bows/Crossbow/crossbow_reload" />
		</property>
		<property class="Action1"> <!-- UseAction -->
		<property name="Class" value="Zoom" />
		<property name="Zoom_max_out" value="45" />
		<property name="Zoom_max_in" value="45" />
		</property>
		<property name="LightSource" value="lightSource" /> <!-- Start: Needed for the attachment flashlight -->
		<property name="ActivateObject" value="Attachments/flashlight/lightSource" />
		<property name="AttachmentFlashlight" value="flashlight02" /> <!-- End: Needed for the attachment flashlight -->
		<property name="Group" value="Ammo/Weapons" />
		<property name="ActionSkillGroup" value="Shotguns"/>
		<property name="CraftingSkillGroup" value="Gun Smithing"/>
		<property name="RepairExpMultiplier" value="10.8"/>
		<property name="PickupJournalEntry" value="gunAssemblyTip,augmentGunsTip" />
		</item>

<item id="2101" name="followercrossbow1" >
<property name="Extends" value="followercrossbow" />
<property name="SellableToTrader" value="false" />
<property name="Candrop" value="false" />
		<property name="IsDeveloper" value="true" />
		<property name="Magazine_items" value="followerexplodingCrossbowBolt" />
	</item>

<item id="2102" name="followercrossbow2" >
<property name="Extends" value="followercrossbow" />
<property name="SellableToTrader" value="false" />
<property name="Candrop" value="false" />
		<property name="IsDeveloper" value="true" />
		<property name="Magazine_items" value="followersteelCrossbowBolt" />
	</item>	

	<item id="2103" name="follower9mmBullet" >
	<property name="Extends" value="9mmBullet" />
	<property name="SellableToTrader" value="false" />
<property name="Candrop" value="false" />
		<property name="IsDeveloper" value="true" />
	</item>

<item id="2104" name="follower10mmBullet" >
<property name="Extends" value="10mmBullet" />
	<property name="SellableToTrader" value="false" />
<property name="Candrop" value="false" />
		<property name="IsDeveloper" value="true" />
	</item>

<item id="2105" name="follower44MagBullet" >
<property name="Extends" value="44MagBullet" />
	<property name="SellableToTrader" value="false" />
<property name="Candrop" value="false" />
		<property name="IsDeveloper" value="true" />
	</item>

<item id="2106" name="follower762mmBullet" >
<property name="Extends" value="762mmBullet" />
	<property name="SellableToTrader" value="false" />
<property name="Candrop" value="false" />
		<property name="IsDeveloper" value="true" />
	</item>

<item id="2107" name="followershotgunShell" >
<property name="Extends" value="shotgunShell" />
	<property name="SellableToTrader" value="false" />
<property name="Candrop" value="false" />
		<property name="IsDeveloper" value="true" />
	</item>

<item id="2108" name="followerrocket" >
<property name="Extends" value="rocket" />
	<property name="SellableToTrader" value="false" />
<property name="Candrop" value="false" />
		<property name="IsDeveloper" value="true" />
	</item>

<item id="2109" name="followerblunderbussAmmo" >
<property name="Extends" value="blunderbussAmmo" />
	<property name="SellableToTrader" value="false" />
<property name="Candrop" value="false" />
		<property name="IsDeveloper" value="true" />
	</item>

<item id="2110" name="followergasCan" >
<property name="Extends" value="gasCan" />
	<property name="SellableToTrader" value="false" />
<property name="Candrop" value="false" />
		<property name="IsDeveloper" value="true" />
	</item>

<item id="2111" name="followerCrossbowBolt" > 
<property name="Extends" value="ironCrossbowBolt" />
<property name="SellableToTrader" value="false" />
<property name="Candrop" value="false" />
		<property name="IsDeveloper" value="true" />
</item>

<item id="2112" name="followersteelCrossbowBolt" >
<property name="Extends" value="followerCrossbowBolt" />
	<property name="SellableToTrader" value="false" />
<property name="Candrop" value="false" />
		<property name="IsDeveloper" value="true" />
	</item>

<item id="2113" name="followerexplodingCrossbowBolt" >
<property name="Extends" value="explodingCrossbowBolt" />
	<property name="SellableToTrader" value="false" />
<property name="Candrop" value="false" />
		<property name="IsDeveloper" value="true" />
	</item>

<item id="2114" name="followerarrow" >
<property name="Extends" value="arrow" />
	<property name="SellableToTrader" value="false" />
<property name="Candrop" value="false" />
		<property name="IsDeveloper" value="true" />
	</item>

<item id="2115" name="followerShotgunSlug">
	<property name="Extends" value="shotgunSlug" />
	<property name="SellableToTrader" value="false" />
<property name="Candrop" value="false" />
		<property name="IsDeveloper" value="true" />
	</item>
	
	<item id="2116" name="followerPipeBomb">
		<property name="Extends" value="pipeBomb" />
		<property name="SellableToTrader" value="false" />
<property name="Candrop" value="false" />
		<property name="IsDeveloper" value="true" />
	<property name="Explosion.BlockDamage" value="150" />
	<property name="Explosion.EntityDamage" value="90" />
	<property name="Explosion.ParticleIndex" value="1" />
	<property name="Explosion.RadiusBlocks" value="30" />
	<property name="Explosion.RadiusEntities" value="15" />
	<property name="Explosion.DamageBonus.stone" value="25" />
	<property name="Explosion.DamageBonus.metal" value="25" />
	<property name="Explosion.DamageBonus.earth" value="25" /> <!-- should work? -->
	<property name="Explosion.DamageBonus.wood" value="25" />
	<property name="Explosion.DamageBonus.water" value="0" />
	<property name="Explosion.DamageBonus.glass" value="25" />
	<property name="FuseTime" value="0.5" /> <!-- End: Needed for  time in sec, max 6 -->
	<property name="DropScale" value="2" />
	<property class="Action0"> <!-- AttackAction -->
		<property name="Class" value="ThrowAway" />
		<!-- <property name="Hitmask_override" value="Arrow" /> unfortunately this cannot work without a serious rewrite of the hitmask system -->
		<property name="Delay" value="2" />
		<property name="Throw_strength_default" value="30" />
		<property name="Throw_strength_max" value="50" />
		<property name="Max_strain_time" value="3" />
		</property>
	</item>
	
	<item id="2117" name="handGrenade">
	<property name="Extends" value="handCopZombie" />
	<property name="SellableToTrader" value="false" />
<property name="Candrop" value="false" />
		<property name="IsDeveloper" value="true" />
	<property class="Action0"> <!-- AttackAction -->
		<property name="Range" value="30" />
		<property name="DamageEntity" value="80" />
		<property name="DamageBlock" value="250" />
		<property name="Buff" value="bleeding,infection,stunned" />
		<property name="Buff_chance" value="0.2,0.2,0.4" />
	</property>
	<property class="Action1"> <!-- UseAction -->
		<property name="Class" value="Vomit" />
		<property name="Delay" value="4" />
		<property name="Range" value="200" />
		<property name="Auto_fire" value="true" />
		<property name="Infinite_ammo" value="true" />
		<property name="Magazine_items" value="PipeBombProjectile" />
		<property name="Rays_spread" value="1" />
		<property name="Reload_time" value="3" />
 		</property>
</item>

<item id="2118" name="PipeBombProjectile">
	<property name="Extends" value="followerPipeBomb" />
	<property name="SellableToTrader" value="false" />
	<property name="Candrop" value="false" />
		<property name="IsDeveloper" value="true" />
	<property class="Action1">
		<property name="Class" value="Projectile" />
		<property name="DamageEntity" value="50" />
		<property name="DamageBlock" value="150" />
		<property name="Explosion.ParticleIndex" value="7" />
		<property name="Velocity" value="10" />
		<property name="FlyTime" value="3" />
		<property name="LifeTime" value="4" />
		<property name="CollisionRadius" value="0.5" />
	</property>
</item>	

<item id="2119" name="followerpartsPistol_grip">
	<property name="Extends" value="partsMaster" />
	<property name="DescriptionKey" value="partsPistolGroupDesc"/>
	<property name="PartType" value="Stock" />
	<property name="Weight" value="10" />
	<property class="Attributes">
		<property name="DegradationRate" value="0,0" />
		<property name="DegradationMax" value="0,0" />
	</property>
		<property name="SellableToTrader" value="false" />
	<property name="Candrop" value="false" />
		<property name="IsDeveloper" value="true" />
</item>
<item id="2120" name="followerpartsPistol_receiver">
	<property name="Extends" value="partsMaster" />
	<property name="DescriptionKey" value="partsPistolGroupDesc"/>
	<property name="PartType" value="Receiver" />
	<property name="Weight" value="20" />
	<property class="Attributes">
		<property name="FalloffRange" value="17,50" />
		</property>
		<property name="SellableToTrader" value="false" />
	<property name="Candrop" value="false" />
		<property name="IsDeveloper" value="true" />
</item>
<item id="2113" name="followerpartsPistol_parts">
	<property name="Extends" value="partsMaster" />
	<property name="DescriptionKey" value="partsPistolGroupDesc"/>
	<property name="PartType" value="Pump" />
	<property name="Weight" value="10" />
	<property class="Attributes">
		<property name="Accuracy" value="1,0.5" />
		<property name="DegradationMax" value="0,0" />
	</property>
		<property name="SellableToTrader" value="false" />
	<property name="Candrop" value="false" />
		<property name="IsDeveloper" value="true" />
</item>
<item id="2114" name="followerpartsPistol_barrel">
	<property name="Extends" value="partsMaster" />
	<property name="DescriptionKey" value="partsPistolGroupDesc"/>
	<property name="PartType" value="Barrel" />
	<property name="Weight" value="10" />
	<property class="Attributes">
		<property name="EntityDamage" value="15, 30" />
		</property>
		<property name="SellableToTrader" value="false" />
	<property name="Candrop" value="false" />
		<property name="IsDeveloper" value="true" />
</item>

<item id="2115" name="followerparts44Magnum_grip">
	<property name="Extends" value="partsMaster" />
	<property name="DescriptionKey" value="parts44MagnumGroupDesc"/>
	<property name="PartType" value="Stock" />
	<property name="Weight" value="15" />
	<property class="Attributes">
		<property name="DegradationRate" value="0,0" />
		<property name="DegradationMax" value="0,0" />
	</property>
		<property name="SellableToTrader" value="false" />
	<property name="Candrop" value="false" />
		<property name="IsDeveloper" value="true" />
</item>
<item id="2116" name="followerparts44Magnum_cylinder">
	<property name="Extends" value="partsMaster" />
	<property name="DescriptionKey" value="parts44MagnumGroupDesc"/>
	<property name="PartType" value="Receiver" />
	<property name="Weight" value="10" />
	<property class="Attributes">
		<property name="FalloffRange" value="17,50" />
		</property>
		<property name="SellableToTrader" value="false" />
	<property name="Candrop" value="false" />
		<property name="IsDeveloper" value="true" />
</item>
<item id="2117" name="followerparts44Magnum_parts">
	<property name="Extends" value="partsMaster" />
	<property name="DescriptionKey" value="parts44MagnumGroupDesc"/>
	<property name="PartType" value="Pump" />
	<property name="Weight" value="10" />
	<property class="Attributes">
		<property name="Accuracy" value="1,0.09" />
		</property>
		<property name="SellableToTrader" value="false" />
	<property name="Candrop" value="false" />
		<property name="IsDeveloper" value="true" />
</item>
<item id="2118" name="followerparts44Magnum_frame">
	<property name="Extends" value="partsMaster" />
	<property name="DescriptionKey" value="parts44MagnumGroupDesc"/>
	<property name="PartType" value="Barrel" />
	<property name="Weight" value="20" />
	<property class="Attributes">
		<property name="EntityDamage" value="30,50" />
		</property>
		<property name="SellableToTrader" value="false" />
	<property name="Candrop" value="false" />
		<property name="IsDeveloper" value="true" />
</item>

<item id="2119" name="followerpartsPumpShotgun_stockShort">
	<property name="Extends" value="partsMaster" />
	<property name="DescriptionKey" value="partsPumpShotgunShortGroupDesc"/>
	<property name="PartType" value="Stock" />
	<property name="Material" value="wood" />
	<property name="Weight" value="15" />
	<property name="FuelValue" value="10" />
	<property class="Attributes">
		<property name="DegradationRate" value="0" />
		<property name="DegradationMax" value="0,0" />
	</property>
		<property name="SellableToTrader" value="false" />
	<property name="Candrop" value="false" />
		<property name="IsDeveloper" value="true" />
</item>
<item id="2120" name="followerpartsPumpShotgun_receiver">
	<property name="Extends" value="partsMaster" />
	<property name="DescriptionKey" value="commonShotgunPartsGroupDesc"/>
	<property name="PartType" value="Receiver" />
	<property name="Weight" value="25" />
	<property class="Attributes">
		<property name="FalloffRange" value="22,66" />
		</property>
		<property name="SellableToTrader" value="false" />
	<property name="Candrop" value="false" />
		<property name="IsDeveloper" value="true" />
</item>
<item id="2121" name="followerpartsPumpShotgun_parts">
	<property name="Extends" value="partsMaster" />
	<property name="DescriptionKey" value="commonShotgunPartsGroupDesc"/>
	<property name="PartType" value="Pump" />
	<property name="Weight" value="15" />
	<property class="Attributes">
		<property name="Accuracy" value="1,0.08" />
			</property>
		<property name="SellableToTrader" value="false" />
	<property name="Candrop" value="false" />
		<property name="IsDeveloper" value="true" />
</item>
<item id="2122" name="followerpartsPumpShotgun_barrelShort">
	<property name="Extends" value="partsMaster" />
	<property name="DescriptionKey" value="partsPumpShotgunShortGroupDesc"/>
	<property name="PartType" value="Barrel" />
	<property name="Weight" value="20" />
	<property class="Attributes">
		<property name="DegradationMax" value="0,0" />
	</property>
		<property name="SellableToTrader" value="false" />
	<property name="Candrop" value="false" />
		<property name="IsDeveloper" value="true" />
</item>
<item id="2123" name="followerpartsPumpShotgun_stock">
	<property name="Extends" value="partsMaster" />
	<property name="DescriptionKey" value="partsPumpShotgunGroupDesc"/>
	<property name="PartType" value="Stock" />
	<property name="Material" value="wood" />
	<property name="Weight" value="20" />
	<property name="FuelValue" value="24" />
	<property class="Attributes">
		<property name="DegradationRate" value="0,0" />
		<property name="DegradationMax" value="0,0" />
	</property>
		<property name="SellableToTrader" value="false" />
	<property name="Candrop" value="false" />
		<property name="IsDeveloper" value="true" />
</item>
<item id="2124" name="followerpartsPumpShotgun_barrel">
	<property name="Extends" value="partsMaster" />
	<property name="DescriptionKey" value="partsPumpShotgunGroupDesc"/>
	<property name="PartType" value="Barrel" />
	<property name="Weight" value="30" />
	<property class="Attributes">
		<property name="DegradationMax" value="0,0" />
	</property>
		<property name="SellableToTrader" value="false" />
	<property name="Candrop" value="false" />
		<property name="IsDeveloper" value="true" />
</item>

<item id="2125" name="followerpartsMP5_stock">
	<property name="Extends" value="partsMaster" />
	<property name="DescriptionKey" value="partsMP5GroupDesc"/>
	<property name="PartType" value="Stock" />
	<property name="Weight" value="25" />
	<property class="Attributes">
		<property name="DegradationRate" value="0,0" />
		<property name="DegradationMax" value="0,0" />
	</property>
		<property name="SellableToTrader" value="false" />
	<property name="Candrop" value="false" />
		<property name="IsDeveloper" value="true" />
</item>
<item id="2126" name="followerpartsMP5_receiver">
	<property name="Extends" value="partsMaster" />
	<property name="DescriptionKey" value="partsMP5GroupDesc"/>
	<property name="PartType" value="Receiver" />
	<property name="Weight" value="25" />
	<property class="Attributes">
		<property name="FalloffRange" value="24,72" />
		<property name="DegradationMax" value="0,0" />
	</property>
		<property name="SellableToTrader" value="false" />
	<property name="Candrop" value="false" />
		<property name="IsDeveloper" value="true" />
</item>
<item id="2127" name="followerpartsMP5_parts">
	<property name="Extends" value="partsMaster" />
	<property name="CustomIcon" value="parts44Magnum_parts" /> <!-- xxx -->
	<property name="DescriptionKey" value="partsMP5GroupDesc"/>
	<property name="PartType" value="Pump" />
	<property name="Weight" value="15" />
	<property class="Attributes">
		<property name="Accuracy" value="1,0.01" />
		<property name="DegradationMax" value="0,0" />
	</property>
		<property name="SellableToTrader" value="false" />
	<property name="Candrop" value="false" />
		<property name="IsDeveloper" value="true" />
</item>
<item id="2128" name="followerpartsMP5_barrel">
	<property name="Extends" value="partsMaster" />
	<property name="DescriptionKey" value="partsMP5GroupDesc"/>
	<property name="PartType" value="Barrel" />
	<property name="Weight" value="25" />
	<property class="Attributes">
		<property name="EntityDamage" value="35,55" />
		<property name="BlockDamage" value="0,0" />
		<property name="DegradationMax" value="0,0" />
	</property>
		<property name="SellableToTrader" value="false" />
	<property name="Candrop" value="false" />
		<property name="IsDeveloper" value="true" />
</item>

<item id="2129" name="followerpartsAK47_stock">
	<property name="Extends" value="partsMaster" />
	<property name="DescriptionKey" value="partsAK47GroupDesc"/>
	<property name="PartType" value="Stock" />
	<property name="Weight" value="30" />
	<property class="Attributes">
		<property name="DegradationRate" value="0,0" />
		<property name="DegradationMax" value="0,0" />
	</property>
		<property name="SellableToTrader" value="false" />
	<property name="Candrop" value="false" />
		<property name="IsDeveloper" value="true" />
</item>
<item id="2130" name="followerpartsAK47_receiver">
	<property name="Extends" value="partsMaster" />
	<property name="DescriptionKey" value="partsAK47GroupDesc"/>
	<property name="PartType" value="Receiver" />
	<property name="Weight" value="30" />
	<property class="Attributes">
		<property name="FalloffRange" value="30,90" />
		</property>
		<property name="SellableToTrader" value="false" />
	<property name="Candrop" value="false" />
		<property name="IsDeveloper" value="true" />
</item>
<item id="2131" name="followerpartsAK47_parts">
	<property name="Extends" value="partsMaster" />
	<property name="DescriptionKey" value="partsAK47GroupDesc"/>
	<property name="PartType" value="Pump" />
	<property name="Weight" value="15" />
	<property class="Attributes">
		<property name="Accuracy" value="0,0" />
		</property>
		<property name="SellableToTrader" value="false" />
	<property name="Candrop" value="false" />
		<property name="IsDeveloper" value="true" />
</item>
<item id="2132" name="followerpartsAK47_barrel">
	<property name="Extends" value="partsMaster" />
	<property name="CustomIcon" value="partsPistol_barrel" /> <!-- xxx -->
	<property name="DescriptionKey" value="partsAK47GroupDesc"/>
	<property name="PartType" value="Barrel" />
	<property name="Weight" value="35" />
	<property class="Attributes">
		<property name="EntityDamage" value="30,45" />
		</property>
		<property name="SellableToTrader" value="false" />
	<property name="Candrop" value="false" />
		<property name="IsDeveloper" value="true" />
</item>

<item id="2133" name="followerpartsHuntingRifle_stock">
	<property name="Extends" value="partsMaster" />
	<property name="DescriptionKey" value="partsHuntingRifleGroupDesc"/>
	<property name="PartType" value="Stock" />
	<property name="Material" value="wood" />
	<property name="Weight" value="20" />
	<property name="FuelValue" value="40" />
	<property class="Attributes">
		<property name="DismembermentBaseChance" value="0,0"/>
		<property name="DismembermentBonus" value="0,0"/>
		<property name="DegradationRate" value="0,0" />
		<property name="DegradationMax" value="0,0" />
	</property>
		<property name="SellableToTrader" value="false" />
	<property name="Candrop" value="false" />
		<property name="IsDeveloper" value="true" />
</item>
<item id="2134" name="followerpartsHuntingRifle_receiver">
	<property name="Extends" value="partsMaster" />
	<property name="DescriptionKey" value="partsHuntingRifleGroupDesc"/>
	<property name="PartType" value="Receiver" />
	<property name="Weight" value="30" />
	<property class="Attributes">
		<property name="FalloffRange" value="54,160" />
		</property>
		<property name="SellableToTrader" value="false" />
	<property name="Candrop" value="false" />
		<property name="IsDeveloper" value="true" />
</item>
<item id="2135" name="followerpartsHuntingRifle_parts">
	<property name="Extends" value="partsMaster" />
	<property name="CustomIcon" value="partsPistol_parts" /> <!-- xxx -->
	<property name="DescriptionKey" value="partsHuntingRifleGroupDesc"/>
	<property name="PartType" value="Pump" />
	<property name="Weight" value="15" />
	<property class="Attributes">
		<property name="Accuracy" value=".7,0.01" />
		</property>
		<property name="SellableToTrader" value="false" />
	<property name="Candrop" value="false" />
		<property name="IsDeveloper" value="true" />
</item>
<item id="2136" name="followerpartsHuntingRifle_barrel">
	<property name="Extends" value="partsMaster" />
	<property name="DescriptionKey" value="partsHuntingRifleGroupDesc"/>
	<property name="PartType" value="Barrel" />
	<property name="Weight" value="35" />
	<property class="Attributes">
		<property name="EntityDamage" value="35,70" />
		</property>
		<property name="SellableToTrader" value="false" />
	<property name="Candrop" value="false" />
		<property name="IsDeveloper" value="true" />
</item>

<item id="2137" name="followerpartsSniperRifle_stock">
	<property name="Extends" value="partsMaster" />
	<property name="DescriptionKey" value="partsSniperRifleGroupDesc"/>
	<property name="PartType" value="Stock" />
	<property name="Weight" value="30" />
	<property class="Attributes">
		<property name="DismembermentBaseChance" value="0,0"/>
		<property name="DismembermentBonus" value="0,0"/>
		<property name="DegradationRate" value="0,0" />
		<property name="DegradationMax" value="0,0" />
	</property>
		<property name="SellableToTrader" value="false" />
	<property name="Candrop" value="false" />
		<property name="IsDeveloper" value="true" />
</item>
<item id="2138" name="followerpartsSniperRifle_receiver">
	<property name="Extends" value="partsMaster" />
	<property name="DescriptionKey" value="partsSniperRifleGroupDesc"/>
	<property name="PartType" value="Receiver" />
	<property name="Weight" value="30" />
	<property class="Attributes">
		<property name="FalloffRange" value="54,160" />
		</property>
	<property name="SellableToTrader" value="false" />
	<property name="Candrop" value="false" />
		<property name="IsDeveloper" value="true" />
</item>
<item id="2139" name="followerpartsSniperRifle_parts">
	<property name="Extends" value="partsMaster" />
	<property name="CustomIcon" value="partsPistol_parts" /> <!-- xxx -->
	<property name="DescriptionKey" value="partsSniperRifleGroupDesc"/>
	<property name="PartType" value="Pump" />
	<property name="Weight" value="15" />
	<property class="Attributes">
		<property name="Accuracy" value="0,0" />
		<property name="DegradationMax" value="0,0" />
	</property>
		<property name="SellableToTrader" value="false" />
	<property name="Candrop" value="false" />
		<property name="IsDeveloper" value="true" />
</item>
<item id="2140" name="followerpartsSniperRifle_barrel">
	<property name="Extends" value="partsMaster" />
	<property name="DescriptionKey" value="partsSniperRifleGroupDesc"/>
	<property name="PartType" value="Barrel" />
	<property name="Weight" value="40" />
	<property class="Attributes">
		<property name="EntityDamage" value="25,40" />
		</property>
		<property name="SellableToTrader" value="false" />
	<property name="Candrop" value="false" />
		<property name="IsDeveloper" value="true" />
</item>

<item id="2141" name="followerpartsRocketLauncher_stock">
	<property name="Extends" value="partsMaster" />
	<property name="DescriptionKey" value="partsRocketLauncherGroupDesc"/>
	<property name="PartType" value="Stock" />
	<property name="Weight" value="35" />
	<property class="Attributes">
		<property name="DegradationRate" value="0,0" />
		<property name="DegradationMax" value="0,0" />
	</property>
		<property name="SellableToTrader" value="false" />
	<property name="Candrop" value="false" />
		<property name="IsDeveloper" value="true" />
</item>
<item id="2142" name="followerpartsRocketLauncher_receiver">
	<property name="Extends" value="partsMaster" />
	<property name="DescriptionKey" value="partsRocketLauncherGroupDesc"/>
	<property name="PartType" value="Receiver" />
	<property name="Weight" value="35" />
	<property class="Attributes">
		<property name="FalloffRange" value="15,70" />
		</property>
		<property name="SellableToTrader" value="false" />
	<property name="Candrop" value="false" />
		<property name="IsDeveloper" value="true" />
</item>
<item id="2143" name="followerpartsRocketLauncher_parts">
	<property name="Extends" value="partsMaster" />
	<property name="DescriptionKey" value="partsRocketLauncherGroupDesc"/>
	<property name="PartType" value="Pump" />
	<property name="Weight" value="20" />
	<property class="Attributes">
		<property name="Accuracy" value="1,0.01" />
		</property>
		<property name="SellableToTrader" value="false" />
	<property name="Candrop" value="false" />
		<property name="IsDeveloper" value="true" />
</item>
<item id="2144" name="followerpartsRocketLauncher_barrel">
	<property name="Extends" value="partsMaster" />
	<property name="DescriptionKey" value="partsRocketLauncherGroupDesc"/>
	<property name="PartType" value="Barrel" />
	<property name="Weight" value="45" />
	<property class="Attributes">
		<property name="EntityDamage" value="6,42" />
		</property>
		<property name="SellableToTrader" value="false" />
	<property name="Candrop" value="false" />
		<property name="IsDeveloper" value="true" />
</item>

<item id="2145" name="followerpartsChainsaw_parts">
	<property name="Extends" value="partsMaster" />
	<property name="CustomIcon" value="partsAuger_parts" /> <!-- xxx -->
	<property name="PartType" value="Stock" />
	<property name="Weight" value="10" />
	<property class="Attributes">
		<property name="FalloffRange" value="2.35,2.35" />
		
		</property>
		<property name="SellableToTrader" value="false" />
	<property name="Candrop" value="false" />
		<property name="IsDeveloper" value="true" />
</item>
<item id="2146" name="followerpartsChainsaw_blade">
	<property name="Extends" value="partsMaster" />
	<property name="PartType" value="Barrel" />
	<property name="Weight" value="50" />
	<property class="Attributes">
		<property name="EntityDamage" value="50,60" />
		<property name="BlockDamage" value="150,300" />
		<property name="Accuracy" value="1,0.01" />
		<property name="DismembermentBaseChance" value="2,3"/>
		<property name="DismembermentBonus" value="1,1"/>
		</property>
		<property name="SellableToTrader" value="false" />
	<property name="Candrop" value="false" />
		<property name="IsDeveloper" value="true" />
</item>
<item id="2147" name="followerpartsAuger_parts">
	<property name="Extends" value="partsMaster" />
	<property name="PartType" value="Stock" />
	<property name="Weight" value="10" />
	<property class="Attributes">
		<property name="FalloffRange" value="4,4" />
	</property>
		<property name="SellableToTrader" value="false" />
	<property name="Candrop" value="false" />
		<property name="IsDeveloper" value="true" />
</item>
<item id="2148" name="followerpartsAuger_blade">
	<property name="Extends" value="partsMaster" />
	<property name="PartType" value="Barrel" />
	<property name="Weight" value="40" />
	<property class="Attributes">
		<property name="EntityDamage" value="25,50" />
		<property name="BlockDamage" value="150,440" />
		<property name="Accuracy" value="0,0" />
		<property name="DismembermentBaseChance" value=".2,.3"/>
		<property name="DismembermentBonus" value="0,0.00036"/>
		</property>
		<property name="SellableToTrader" value="false" />
	<property name="Candrop" value="false" />
		<property name="IsDeveloper" value="true" />
</item>

<item id="2149" name="followersmallEngine">
	<property name="PartType" value="Receiver" />
	<property name="Meshfile" value="Items/Misc/sackPrefab" />
	<property name="DropMeshfile" value="Items/Misc/sack_droppedPrefab" />
	<property name="VehicleSlotType" value="engine" />
	<property name="Material" value="metal" />
	<property name="RepairTools" value="repairKit" />
	<property name="HoldType" value="45" />
	<property name="Stacknumber" value="1" />
	<property name="Weight" value="100" />
	<property name="Group" value="Resources" />
	<property name="DegradationBreaksAfter" value="false" />
	<property class="Attributes">
		<property name="DegradationMax" value="0,0" />
		<property name="VehicleNoise" value="1,0.1" />
		<property name="VehicleMaxSpeed" value="5,18" />
		<property name="VehicleAcceleration" value="7,14" />
		<property name="VehicleMetersPerLiter" value="8,12" />
		<property name="VehicleIdleSecondsPerLiter" value="6,12" />
		<property name="VehicleStartDelayInSeconds" value="1,0.1" />
		<property name="VehicleStartChance" value="0.5,0.99" />
		<property name="VehicleTankSize" value="99999, 999999" />
	</property>
	<property name="SellableToTrader" value="false" />
	<property name="Candrop" value="false" />
		<property name="IsDeveloper" value="true" />
</item>

<item id="2150" name="followerpartsHandlebars">
	<property name="Extends" value="partsMaster" />
	<property name="PartType" value="Pump" />
	<property name="EconomicValue" value="306" />
	<property class="Attributes">
		<property name="DegradationRate" value="0,0" />
 		<!-- One tank = 200 gas.  6000 / 3 = 2000 shots or 10 tanks until the item breaks -->
		<property name="DegradationMax" value="0,0" />
	</property>
	<property name="Group" value="Resources" />
</item>

<item id="2151" name="nailgun">
	<property name="Meshfile" value="Items/Tools/nailgunPrefab" />
	<property name="Material" value="metal" />
	<property name="RepairTools" value="repairKit" />
	<property name="HoldType" value="37" />
	<property name="DegradationBreaksAfter" value="false" />
	<property name="SoundJammed" value="Weapons/weapon_jam" />
	<property class="Parts">
		<property name="Stock" value="followerpartsNailgun_frame" />
		<property name="Receiver" value="followerpartsNailgun_receiver" />
		<property name="Pump" value="followerpartsNailgun_parts" />
		<property name="Barrel" value="followerpartsNailgun_battery" />
	</property>
	<property class="Action0"> <!-- AttackAction -->
		<property name="Class" value="Launcher" />
		<property name="Hitmask_override" value="Arrow" />
		<property name="Delay" value="0.3" />
		<property name="Magazine_size" value="25" />
		<property name="Magazine_items" value="nail" />
		<property name="Rays_spread" value="0.042" />
		<property name="Instantiate_on_load" value="false" />
		<property name="Reload_time" value="2" />
		<property name="Bullet_icon" value="uzi" />
		<property name="Sound_start" value="Weapons/Motorized/Nailgun/nailgun_fire" />
		<property name="Particles_muzzle_fire" value="nailgunfire" />
	<!-- <property name="Particles_muzzle_smoke" value="nozzlesmoke" /> -->
		<property name="Sound_repeat" value="" />
		<property name="Sound_end" value="" />
		<property name="Sound_empty" value="Weapons/weapon_empty" />
		<property name="Sound_reload" value="Weapons/Motorized/Nailgun/nailgun_reload" />
		<property name="DamageBonus.head" value="6" />
		<property name="DamageBonus.glass" value="25" />
		<property name="ActionExp" value="2" />
	</property>
	<property class="Action1"> <!-- UseAction -->
		<property name="Class" value="Repair" />
		<property name="Delay" value="0.25" />
		<property name="Repair_amount" value="250" />
		<property name="Upgrade_hit_offset" value="-3" />
		<property name="Repair_action_sound" value="Weapons/Motorized/Nailgun/nailgun_fire" />
		<property name="Upgrade_action_sound" value="Weapons/Motorized/Nailgun/nailgun_fire" />
		<property name="Allowed_upgrade_items" value="wood,clayLump,dirtFragment,snowBall,scrapIron,forgedIron,forgedSteel,steelPolish,concreteMix,cobblestones,yuccaFibers,nail" />
		<!--<property name="Restricted_upgrade_items" value="concrete" />-->
	</property>
	<property name="Group" value="Tools/Traps" />
	<property name="ActionSkillGroup" value="Construction Tools"/>
	<property name="CraftingSkillGroup" value="Gun Smithing"/> <!-- 15.0 workaround. Should be Science -->
	<property name="RepairExpMultiplier" value="10.8"/>
	<property name="PickupJournalEntry" value="gunAssemblyTip" />
</item>

<item id="2152" name="followerpartsNailgun_frame">
	<property name="Extends" value="partsMaster" />
	<property name="DescriptionKey" value="partsNailgunGroupDesc"/>
	<property name="PartType" value="Stock" />
	<property name="Material" value="Mplastics" />
	<property name="Weight" value="8" />
	<property class="Attributes">
		<property name="DegradationRate" value="5,5" />
		<property name="DegradationMax" value="1000,4000" />
	</property>
		<property name="SellableToTrader" value="false" />
	<property name="Candrop" value="false" />
		<property name="IsDeveloper" value="true" />
</item>
<item id="2153" name="followerpartsNailgun_receiver">
	<property name="Extends" value="partsMaster" />
	<property name="DescriptionKey" value="partsNailgunGroupDesc"/>
	<property name="PartType" value="Receiver" />
	<property name="Material" value="metal" />
	<property name="Weight" value="27" />
	<property class="Attributes">
		<property name="DegradationMax" value="1000,4000" />
	</property>
	<property name="SellableToTrader" value="false" />
	<property name="Candrop" value="false" />
		<property name="IsDeveloper" value="true" />
</item>
<item id="2154" name="followerpartsNailgun_parts">
	<property name="Extends" value="partsMaster" />
	<property name="DescriptionKey" value="partsNailgunGroupDesc"/>
	<property name="PartType" value="Pump" />
	<property name="Material" value="metal" />
	<property name="Weight" value="10" />
	<property class="Attributes">
		<property name="Accuracy" value="1,0.01" />
		<property name="DegradationMax" value="1000,4000" />
	</property>
		<property name="SellableToTrader" value="false" />
	<property name="Candrop" value="false" />
		<property name="IsDeveloper" value="true" />
</item>
<item id="2155" name="followerpartsNailgun_battery">
	<property name="Extends" value="partsMaster" />
	<property name="DescriptionKey" value="partsNailgunGroupDesc"/>
	<property name="PartType" value="Barrel" />
	<property name="Material" value="lead" />
	<property name="Weight" value="15" />
	<property class="Attributes">
		<property name="DegradationMax" value="1000,4000" />
	</property>
		<property name="SellableToTrader" value="false" />
	<property name="Candrop" value="false" />
		<property name="IsDeveloper" value="true" />
</item>

<item id="2156" name="handMaster2">
	<property name="IsDeveloper" value="true" />
	<property name="Material" value="organic" />
	<property name="Canhold" value="false" />
	<property name="HoldType" value="9" />
	<property name="Stacknumber" value="1" />
	<property name="Candrop" value="false" />
	<property class="Action0"><!-- AttackAction -->
		<property name="Class" value="Melee" />
		<property name="Delay" value="0.8" />
		<property name="Range" value="15" /> <!--1.65 --> <!-- This not what "clientside melee combat" means. =) This is the adjustment afterwards due to code changes. -->
		<property name="Sphere" value="0.1" />
		<property name="Block_range" value="2.5" /> <!--2.5 -->
		<property name="Sound_start" value="swoosh" />
		<property name="DamageBonus.glass" value="25" />
	</property>
</item>

<item id="2157" name="handBearBite">
	<property name="Extends" value="handMaster" />
	<property name="IsDeveloper" value="true" />
	<property name="HoldType" value="46" />
	<property class="Action0"> <!-- AttackAction -->
		<property name="Delay" value="0" />
		<property name="Range" value="2.75" />
		<property name="Sphere" value="0.4" />
		<property name="DamageEntity" value="50" />
		<property name="DamageBlock" value="30" />
		<property name="Buff" value="bleeding,stunned" />
		<property name="Buff_chance" value="0.2,0.3" />
	</property>
</item>

<item id="2158" name="friendTamer">
<property name="CustomIcon" value="femur" />
        <property name="CustomIconTint" value="FF0000" />
	<property name="Meshfile" value="Items/Crafting/femur" />
	<property name="Material" value="organic" />
	<property name="HoldType" value="2" />
	<property name="Stacknumber" value="30000" /> <!-- STK resource -->
	<property name="EconomicValue" value="5" />
	<property name="SellableToTrader" value="false" />
	<property name="SoundDestroy" value="wooddestroy1" />
	<property class="Action0"> <!-- AttackAction -->
		<property name="Class" value="Melee" />
		<property name="Delay" value="1.33" />
		<property name="Range" value="100" />
		<property name="DamageEntity" value="0" />
		<property name="DamageBlock" value="0" />
		<property name="Sound_start" value="swoosh" />
		<property name="Stamina_usage" value="4" />
		<property name="DamageBonus.head" value="2" />
	</property>
	<property name="Group" value="Resources" />
</item>

<item id="2159" name="handDogBite">
	<property name="Extends" value="handMaster2" />
	<property name="IsDeveloper" value="true" />
	<property name="HoldType" value="35" />
	<property class="Action0">
		<property name="Delay" value="0" />
		<property name="Range" value="1.5" />
		<property name="DamageEntity" value="35" />
		<property name="DamageBlock" value="20" />
		<property name="Buff" value="bleeding,infection" />
		<property name="Buff_chance" value="0.3,0.2" />
		<property name="DamageBonus.earth" value="4" />
	</property>
</item>

<item id="2160" name="medicClub">
	<property name="Extends" value="clubMaster" />
	<property name="Meshfile" value="Items/Weapons/Melee/Club/Club_Wood_SpikedPrefab" />
	<property name="RepairTools" value="forgedIron" />
	<property name="EconomicValue" value="300" />
	<property class="Action0"> <!-- AttackAction -->
		<property name="Delay" value="60" />
		<property name="Range" value="4" />
		<property name="Buff" value="medicBag,splint,firstAid,firstAidLarge,painkillerBuff,cured,redPillBuff" />
		<property name="Debuff" value="freezing,hypo1,hypo2,hypo3,overheated,heat1,heat2,drowning,bleeding,burning,burningSmall,infection,infection2,infection3,foodPoisoning,sprainedLeg,internalBleeding,dysentery,dysentery2,brokenLeg,AlcoholPoisoning" />
		<property name="Buff_chance" value="1" />	
	</property>
	<property class="Attributes">
		<property name="DegradationMax" value="100,600" />
		<property name="DegradationRate" value="1,1" />
	</property>
	<property name="Candrop" value="false" />
	<property name="IsDeveloper" value="true" />
	<property name="CritChance" value=".4" />
	<property name="DescriptionKey" value="clubSpikedDesc"/>
</item>

<item id="2161" name="handMedic">
<property name="Extends" value="handMaster2" />
	<property name="IsDeveloper" value="true" />
	<property name="HoldType" value="46" />
	<property class="Action0"> <!-- AttackAction -->
		<property name="Delay" value="0" />
		<property name="Range" value="2" />
		<property name="Sphere" value="0.4" />
		<property name="Sound_start" value="swoosh" />
		<property name="Sound_repeat" value="" />
		<property name="Sound_end" value="" />
		<property name="Buff" value="medicBag,splint,firstAid,firstAidLarge,painkillerBuff,cured,redPillBuff" />
		<property name="Debuff" value="freezing,hypo1,hypo2,hypo3,overheated,heat1,heat2,drowning,bleeding,burning,burningSmall,infection,infection2,infection3,foodPoisoning,sprainedLeg,internalBleeding,dysentery,dysentery2,brokenLeg,AlcoholPoisoning" />
		<property name="Buff_chance" value="1" />
	</property>
</item>
<!--  Followers -->

<!-- followers -->