<lootgroup name="SurvivorGerneral" count="1">
	<item group="Armor" prob="3"/>
	<item group="medicine"/>
	<item group="cannedfood"/>
	<item group="junk"/>
	<item name="bottledWater" count="1,3"/>
	<item group="clothes"/>
	</lootgroup>

<!-- lootcontainer 114 Shiva -->
<lootcontainer id="114" count="1,4" size="8,8" destroy_on_close="true" sound_open="UseActions/open_corpse" sound_close="UseActions/close_corpse" loot_quality_template="baseTemplate">
	<item group="SurvivorGerneral"/>
	<item name="clubSpiked" count="1" />
</lootcontainer>

<!-- lootcontainer 115 Jesse -->
<lootcontainer id="115" count="1,4" size="8,8" destroy_on_close="true" sound_open="UseActions/open_corpse" sound_close="UseActions/close_corpse" loot_quality_template="baseTemplate">
	<item group="SurvivorGerneral"/>
	<item name="fireaxeSteel" count="1" />
</lootcontainer>

<!-- lootcontainer 116 Jesus -->
<lootcontainer id="116" count="1,4" size="8,8" destroy_on_close="true" sound_open="UseActions/open_corpse" sound_close="UseActions/close_corpse" loot_quality_template="baseTemplate">
	<item group="SurvivorGerneral"/>
	<item name="762mmBullet" count="1,50" />
	<item name="gunHuntingRifle" count="1" />
</lootcontainer>

<!-- lootcontainer 117 Tara -->
<lootcontainer id="117" count="1,4" size="8,8" destroy_on_close="true" sound_open="UseActions/open_corpse" sound_close="UseActions/close_corpse" loot_quality_template="baseTemplate">
	<item group="SurvivorGerneral"/>
	<item name="blunderbuss" count="1" />
	<item name="blunderbussAmmo" count="1,50" />
</lootcontainer>

<!-- lootcontainer 118 Abraham -->
<lootcontainer id="118" count="1,4" size="8,8" destroy_on_close="true" sound_open="UseActions/open_corpse" sound_close="UseActions/close_corpse" loot_quality_template="baseTemplate">
	<item group="SurvivorGerneral"/>
	<item name="sledgehammer" count="1" />
</lootcontainer>

<!-- lootcontainer 119 Michonne -->
<lootcontainer id="119" count="1,4" size="8,8" destroy_on_close="true" sound_open="UseActions/open_corpse" sound_close="UseActions/close_corpse" loot_quality_template="baseTemplate">
	<item group="SurvivorGerneral"/>
	<item name="machete" count="1" />
</lootcontainer>

<!-- lootcontainer 120 Morgan -->
<lootcontainer id="120" count="1,4" size="8,8" destroy_on_close="true" sound_open="UseActions/open_corpse" sound_close="UseActions/close_corpse" loot_quality_template="baseTemplate">
	<item group="SurvivorGerneral"/>
	<item name="clubWood" count="1" />
</lootcontainer>

<!-- lootcontainer 121 Lori -->
<lootcontainer id="121" count="1,4" size="8,8" destroy_on_close="true" sound_open="UseActions/open_corpse" sound_close="UseActions/close_corpse" loot_quality_template="baseTemplate">
	<item group="SurvivorGerneral"/>
	<item name="9mmBullet" count="1,50" />
	<item name="gunPistol" count="1" />
</lootcontainer>

<!-- lootcontainer 122 Glenn -->
<lootcontainer id="122" count="1,4" size="8,8" destroy_on_close="true" sound_open="UseActions/open_corpse" sound_close="UseActions/close_corpse" loot_quality_template="baseTemplate">
	<item group="SurvivorGerneral"/>
	<item name="gunRocketLauncher" count="1" />
	<item name="rocket" count="1,50" />
</lootcontainer>

<!-- lootcontainer 123 Carol -->
<lootcontainer id="123" count="1,4" size="8,8" destroy_on_close="true" sound_open="UseActions/open_corpse" sound_close="UseActions/close_corpse" loot_quality_template="baseTemplate">
	<item group="SurvivorGerneral"/>
	<item name="762mmBullet" count="1,50" />
	<item name="gunSniperRifle" count="1" />
</lootcontainer>

<!-- lootcontainer 124 Tyreese -->
<lootcontainer id="124" count="1,4" size="8,8" destroy_on_close="true" sound_open="UseActions/open_corpse" sound_close="UseActions/close_corpse" loot_quality_template="baseTemplate">
	<item group="SurvivorGerneral"/>
	<item name="chainsaw" count="1" />
	<item name="gasCan" count="1,50" />
</lootcontainer>

<!-- lootcontainer 125 Rick -->
<lootcontainer id="125" count="1,4" size="8,8" destroy_on_close="true" sound_open="UseActions/open_corpse" sound_close="UseActions/close_corpse" loot_quality_template="baseTemplate">
	<item group="SurvivorGerneral"/>
	<item name="gun44Magnum" count="1" />
	<item name="44MagBullet" count="1,50" />
</lootcontainer>

<!-- lootcontainer 126 Aaron -->
<lootcontainer id="126" count="1,4" size="8,8" destroy_on_close="true" sound_open="UseActions/open_corpse" sound_close="UseActions/close_corpse" loot_quality_template="baseTemplate">
	<item group="SurvivorGerneral"/>
	<item name="woodenBow" count="1" />
	<item name="steelArrow" count="1,50" />
</lootcontainer>

<!-- lootcontainer 127 DarrylDixon -->
<lootcontainer id="127" count="1,4" size="8,8" destroy_on_close="true" sound_open="UseActions/open_corpse" sound_close="UseActions/close_corpse" loot_quality_template="baseTemplate">
	<item group="SurvivorGerneral"/>
	<item name="crossbow" count="1" />
	<item name="steelCrossbowBolt" count="1,50" />
</lootcontainer>

<!-- lootcontainer 128 Ezekiel -->
<lootcontainer id="128" count="1,4" size="8,8" destroy_on_close="true" sound_open="UseActions/open_corpse" sound_close="UseActions/close_corpse" loot_quality_template="baseTemplate">
	<item group="SurvivorGerneral"/>
	<item name="shotgunShell" count="1,50" />
	<item name="gunSawedOffPumpShotgun" count="1" />
</lootcontainer>

<!-- lootcontainer 129 Rosita -->
<lootcontainer id="129" count="1,4" size="8,8" destroy_on_close="true" sound_open="UseActions/open_corpse" sound_close="UseActions/close_corpse" loot_quality_template="baseTemplate">
	<item group="SurvivorGerneral"/>
	<item name="gunMP5" count="1" />
	<item name="10mmBullet" count="1,50" />
</lootcontainer>

<!-- lootcontainer 130 Shane -->
<lootcontainer id="130" count="1,4" size="8,8" destroy_on_close="true" sound_open="UseActions/open_corpse" sound_close="UseActions/close_corpse" loot_quality_template="baseTemplate">
	<item group="SurvivorGerneral"/>
	<item name="gunAK47" count="1" />
	<item name="762mmBullet" count="1,50" />
</lootcontainer>

<!-- lootcontainer 131 Maggi -->
<lootcontainer id="131" count="1,4" size="8,8" destroy_on_close="true" sound_open="UseActions/open_corpse" sound_close="UseActions/close_corpse" loot_quality_template="baseTemplate">
	<item group="medicine"/>
	<item group="rareMedicine"/>
	<item group="SurvivorGerneral"/>
</lootcontainer>

<!-- lootcontainer 132 Carl -->
<lootcontainer id="132" count="1,4" size="8,8" destroy_on_close="true" sound_open="UseActions/open_corpse" sound_close="UseActions/close_corpse" loot_quality_template="baseTemplate">
	<item group="SurvivorGerneral"/>
	<item name="9mmBullet" count="1,50" />
	<item name="gunPistol" count="1" />
</lootcontainer>