<!-- MY CREW -->

	<entity_class name="Maggi" extends="Survivor" >
	<property name="Archetype" value="Maggi"/>
	<property name="Class" value="EntityNPC" />
	<property name="SoundHurt" value="Player_Female/player2painlg" />
	<property name="SoundHurtSmall" value="Player_Female/player2painsm" />
	<property name="SoundDeath" value="Player_Female/player2death" />
	<property name="SoundStamina" value="Player_Female/player2stamina" />
	<property name="SoundDrownPain" value="Player_Female/player2drownpain" />
	<property name="SoundWaterSurface" value="Player_Female/player2drownsurface" />
	<property name="SoundDrownDeath" value="Player_Female/player2drowndeath" />
	<property name="SoundJump" value="Player_Male/player2Jump" />
	<property name="SoundLandSoft" value="Player_Male/player2LandSoft" />
	<property name="SoundLandHard" value="Player_Male/player2LandHard" />
	<property name="SoundPlayerLandThump" value="PlayerLandThump" />
	<property name="ItemsOnEnterGame.GameModeSurvivalSP" value="medicClub" />
	<property name="ItemsOnEnterGame.GameModeSurvivalMP" value="medicClub" />
	<!--<property name="Class" value="EntityBandit" />-->
	<property name="Parent" value="Players" />
	<property name="PhysicsBody" value="Player" />
	<!-- AI properties -->
	<property name="AITask-1" value="ApproachAndAttackTarget" param1="EntityPlayer" />
	<property name="AITask-2" value="ApproachAndAttackTarget" param1="EntitySurvivor" />
	<property name="AITask-3" value="Follow" param1="EntityPlayerLocal" />	
	<property name="AITask-4" value="ApproachSpot" />
	<property name="AITask-5" value="Wander" />
	<property name="AITarget-1" value="SetAsTargetIfHurt" param1="EntityPlayer" />
	<property name="AITarget-2" value="SetAsTargetIfHurt" param1="EntitySurvivor" />
	<property name="AITarget-3" value="BlockingTargetTask" />
	<property name="AITarget-4" value="SetNearestEntityAsTarget" param1="EntityPlayer" />
	<property name="AITarget-5" value="SetNearestEntityAsTarget" param1="EntitySurvivor" />
	<!-- General entity properties -->
	<property name="HandItem" value="handMedic" />
	<property name="MaxHealth" value="550" />
	<property name="MaxViewAngle" value="180" />
	<property name="Weight" value="70" />
	<property name="WanderSpeed" value="0.5" />
	<property name="ApproachSpeed" value="1" />
	<property name="NightWanderSpeed" value="0.5" />
	<property name="NightApproachSpeed" value="1" />
	<property name="PanicSpeed" value="1.15" />
	<property name="CanClimbLadders" value="true" />
	<property name="IsEnemyEntity" value="false" />
	<!-- This decides on the particle effect played on hit -->
	<property name="SurfaceCategory" value="organic" />
	<property name="WalkType" value="7" />
	<property name="ParticleOnDeath" value="blood_death" />
	<property name="SoundRandomTime" value="200.0" />
	<!-- It will play the roam every 60/30 seconds -->
	<property name="TimeStayAfterDeath" value="5" />
	<!-- in s -->
	<property name="CorpseBlock" value="cntcorpseMaggi"/>
	<property name="CorpseBlockChance" value="1"/> 
	<property name="ExperienceGain" value="1500"/>
	<property name="DeadBodyHitPoints" value="20" />
	<property name="HasDeathAnim" value="true" />
</entity_class>

<entity_class name="Shiva" extends="Survivor" >
	<property name="Archetype" value="Shiva"/>
	<property name="Class" value="EntityNPC" />
	<property name="SoundHurt" value="Player_Female/player2painlg" />
	<property name="SoundHurtSmall" value="Player_Female/player2painsm" />
	<property name="SoundDeath" value="Player_Female/player2death" />
	<property name="SoundStamina" value="Player_Female/player2stamina" />
	<property name="SoundDrownPain" value="Player_Female/player2drownpain" />
	<property name="SoundWaterSurface" value="Player_Female/player2drownsurface" />
	<property name="SoundDrownDeath" value="Player_Female/player2drowndeath" />
	<property name="SoundJump" value="Player_Male/player2Jump" />
	<property name="SoundLandSoft" value="Player_Male/player2LandSoft" />
	<property name="SoundLandHard" value="Player_Male/player2LandHard" />
	<property name="SoundPlayerLandThump" value="PlayerLandThump" />
	<!--<property name="Class" value="EntityBandit" />-->
	<property name="Parent" value="Players" />
	<property name="PhysicsBody" value="Player" />
	<!-- AI properties -->
	<property name="AITask-1" value="Follow" param1="EntityPlayerLocal" />	
	<property name="AITask-2" value="ApproachAndAttackTarget" param1="EntityZombie" />
	<property name="AITask-3" value="ApproachAndAttackTarget" param1="EntityZombieCop" />
	<property name="AITask-4" value="ApproachAndAttackTarget" param1="EntityBandit" />
	<property name="AITask-5" value="ApproachAndAttackTarget" param1="EntityZombieDog" />
	<property name="AITask-6" value="ApproachSpot" />
	<property name="AITarget-1" value="SetAsTargetIfHurt" param1="EntityZombie" />
	<property name="AITarget-2" value="SetAsTargetIfHurt" param1="EntityZombieCop" />
	<property name="AITarget-3" value="SetAsTargetIfHurt" param1="EntityBandit" />
	<property name="AITask-4" value="SetAsTargetIfHurt" param1="EntityZombieDog" />
	<property name="AITarget-5" value="BlockingTargetTask" />
	<property name="AITarget-6" value="SetNearestEntityAsTarget" param1="EntityZombie" />
	<property name="AITarget-7" value="SetNearestEntityAsTarget" param1="EntityZombieCop" />
	<property name="AITarget-8" value="SetNearestEntityAsTarget" param1="EntityBandit" />
	<property name="AITarget-9" value="SetNearestEntityAsTarget" param1="EntityZombieDog" />
	<!-- General entity properties -->
	<property name="ItemsOnEnterGame.GameModeSurvivalSP" value="FollowerclubSpiked" />
	<property name="ItemsOnEnterGame.GameModeSurvivalMP" value="FollowerclubSpiked" />
	<property name="MaxHealth" value="350" />
	<property name="MaxViewAngle" value="180" />
	<property name="Weight" value="70" />
	<property name="WanderSpeed" value="0.5" />
	<property name="ApproachSpeed" value="1" />
	<property name="NightWanderSpeed" value="0.5" />
	<property name="NightApproachSpeed" value="1" />
	<property name="PanicSpeed" value="1.15" />
	<property name="CanClimbLadders" value="true" />
	<property name="IsEnemyEntity" value="false" />
	<!-- This decides on the particle effect played on hit -->
	<property name="SurfaceCategory" value="organic" />
	<property name="WalkType" value="7" />
	<property name="ParticleOnDeath" value="blood_death" />
	<property name="SoundRandomTime" value="200.0" />
	<!-- It will play the roam every 60/30 seconds -->
	<property name="SoundRandom" value="malehateroam" />
	<property name="SoundAlert" value="malehatealert" />
	<property name="SoundSense" value="malehatesense" />
	<property name="SoundHurt" value="malehatepain" />
	<property name="SoundDeath" value="malehatedeath" />
	<property name="SoundAttack" value="malehateattack" />
	<property name="TimeStayAfterDeath" value="5" />
	<!-- in s -->
	<property name="CorpseBlock" value="cntcorpseShiva"/>
	<property name="CorpseBlockChance" value="1"/> 
	<property name="ExperienceGain" value="1500"/>
	<property name="DeadBodyHitPoints" value="20" />
	<property name="HasDeathAnim" value="true" />
</entity_class>

<entity_class name="Jesse" extends="Survivor">
	<property name="Archetype" value="Jesse"/>
	<property name="ItemsOnEnterGame.GameModeSurvivalSP" value="FollowerfireaxeSteel" />
	<property name="ItemsOnEnterGame.GameModeSurvivalMP" value="FollowerfireaxeSteel" />
	<property name="SoundHurt" value="Player_Female/player2painlg" />
	<property name="SoundHurtSmall" value="Player_Female/player2painsm" />
	<property name="SoundDeath" value="Player_Female/player2death" />
	<property name="SoundStamina" value="Player_Female/player2stamina" />
	<property name="SoundDrownPain" value="Player_Female/player2drownpain" />
	<property name="SoundWaterSurface" value="Player_Female/player2drownsurface" />
	<property name="SoundDrownDeath" value="Player_Female/player2drowndeath" />
	<property name="SoundJump" value="Player_Male/player2Jump" />
	<property name="SoundLandSoft" value="Player_Male/player2LandSoft" />
	<property name="SoundLandHard" value="Player_Male/player2LandHard" />
	<property name="SoundPlayerLandThump" value="PlayerLandThump" />
	<!-- in s -->
	<property name="AttackTimeoutDay" value="0.5" />
	<property name="AttackTimeoutNight" value="0.5" />
	
	<!-- AI properties -->
	<property name="AITask-1" value="Follow" param1="EntityPlayerLocal" />	
	<property name="AITask-2" value="ApproachAndAttackTarget" param1="EntityZombie" />
	<property name="AITask-3" value="ApproachAndAttackTarget" param1="EntityZombieCop" />
	<property name="AITask-4" value="ApproachAndAttackTarget" param1="EntityBandit" />
	<property name="AITask-5" value="ApproachAndAttackTarget" param1="EntityZombieDog" />
	<property name="AITask-6" value="ApproachSpot" />
	<property name="AITarget-1" value="SetAsTargetIfHurt" param1="EntityZombie" />
	<property name="AITarget-2" value="SetAsTargetIfHurt" param1="EntityZombieCop" />
	<property name="AITarget-3" value="SetAsTargetIfHurt" param1="EntityBandit" />
	<property name="AITask-4" value="SetAsTargetIfHurt" param1="EntityZombieDog" />
	<property name="AITarget-5" value="BlockingTargetTask" />
	<property name="AITarget-6" value="SetNearestEntityAsTarget" param1="EntityZombie" />
	<property name="AITarget-7" value="SetNearestEntityAsTarget" param1="EntityZombieCop" />
	<property name="AITarget-8" value="SetNearestEntityAsTarget" param1="EntityBandit" />
	<property name="AITarget-9" value="SetNearestEntityAsTarget" param1="EntityZombieDog" />
	<!-- General entity properties -->
	<property name="CorpseBlock" value="cntcorpseJesse"/>
	<property name="CorpseBlockChance" value="1"/>
	</entity_class>

<entity_class name="Jesus" extends="Survivor">
	<property name="Archetype" value="Jesus"/>
	<property name="ItemsOnEnterGame.GameModeSurvivalSP" value="FollowergunHuntingRifle" />
	<property name="ItemsOnEnterGame.GameModeSurvivalMP" value="FollowergunHuntingRifle" />
	<property name="SoundRandom" value="Player_Male/player1stamina" />
	<property name="SoundHurt" value="Player_Male/player1painlg" />
	<property name="SoundHurtSmall" value="Player_Male/player1painsm" />
	<property name="SoundDeath" value="Player_Male/player1death" />
	<property name="SoundStamina" value="Player_Male/player1stamina" />
	<property name="SoundDrownPain" value="Player_Male/player1drownpain" />
	<property name="SoundWaterSurface" value="Player_Male/player1drownsurface" />
	<property name="SoundDrownDeath" value="Player_Male/player1drowndeath" />
	<property name="SoundJump" value="Player_Male/player1Jump" />
	<property name="SoundLandSoft" value="Player_Male/player1LandSoft" />
	<property name="SoundLandHard" value="Player_Male/player1LandHard" />
	<property name="SoundPlayerLandThump" value="PlayerLandThump" />
	<!-- in s -->
	<property name="AttackTimeoutDay" value="0.5" />
	<property name="AttackTimeoutNight" value="0.5" />
	
	<!-- AI properties -->
	<property name="AITask-1" value="Follow" param1="EntityPlayerLocal" />	
	<property name="AITask-2" value="ApproachAndAttackTarget" param1="EntityZombie" />
	<property name="AITask-3" value="ApproachAndAttackTarget" param1="EntityZombieCop" />
	<property name="AITask-4" value="ApproachAndAttackTarget" param1="EntityBandit" />
	<property name="AITask-5" value="ApproachAndAttackTarget" param1="EntityZombieDog" />
	<property name="AITask-6" value="ApproachSpot" />
	<property name="AITarget-1" value="SetAsTargetIfHurt" param1="EntityZombie" />
	<property name="AITarget-2" value="SetAsTargetIfHurt" param1="EntityZombieCop" />
	<property name="AITarget-3" value="SetAsTargetIfHurt" param1="EntityBandit" />
	<property name="AITask-4" value="SetAsTargetIfHurt" param1="EntityZombieDog" />
	<property name="AITarget-5" value="BlockingTargetTask" />
	<property name="AITarget-6" value="SetNearestEntityAsTarget" param1="EntityZombie" />
	<property name="AITarget-7" value="SetNearestEntityAsTarget" param1="EntityZombieCop" />
	<property name="AITarget-8" value="SetNearestEntityAsTarget" param1="EntityBandit" />
	<property name="AITarget-9" value="SetNearestEntityAsTarget" param1="EntityZombieDog" />
	<!-- General entity properties -->
	<property name="CorpseBlock" value="cntcorpseJesus"/>
	<property name="CorpseBlockChance" value="1"/>
	</entity_class>

<entity_class name="Tara" extends="Survivor">
	<property name="Archetype" value="Tara"/>
	<property name="ItemsOnEnterGame.GameModeSurvivalSP" value="Followerblunderbuss" />
	<property name="ItemsOnEnterGame.GameModeSurvivalMP" value="Followerblunderbuss" />
	<property name="SoundHurt" value="Player_Female/player2painlg" />
	<property name="SoundHurtSmall" value="Player_Female/player2painsm" />
	<property name="SoundDeath" value="Player_Female/player2death" />
	<property name="SoundStamina" value="Player_Female/player2stamina" />
	<property name="SoundDrownPain" value="Player_Female/player2drownpain" />
	<property name="SoundWaterSurface" value="Player_Female/player2drownsurface" />
	<property name="SoundDrownDeath" value="Player_Female/player2drowndeath" />
	<property name="SoundJump" value="Player_Male/player2Jump" />
	<property name="SoundLandSoft" value="Player_Male/player2LandSoft" />
	<property name="SoundLandHard" value="Player_Male/player2LandHard" />
	<property name="SoundPlayerLandThump" value="PlayerLandThump" />
	<!-- in s -->
	<property name="AttackTimeoutDay" value="0.5" />
	<property name="AttackTimeoutNight" value="0.5" />
	
	<!-- AI properties -->
	<property name="AITask-1" value="Follow" param1="EntityPlayerLocal" />	
	<property name="AITask-2" value="RangedAttackTarget2" param1="0" param2="20"/>		
	<property name="AITask-3" value="ApproachAndAttackTarget" param1="EntityZombie" />
	<property name="AITask-4" value="ApproachAndAttackTarget" param1="EntityZombieCop" />
	<property name="AITask-5" value="ApproachAndAttackTarget" param1="EntityBandit" />
	<property name="AITask-6" value="ApproachAndAttackTarget" param1="EntityZombieDog" />
	<property name="AITask-7" value="ApproachSpot" />
	<property name="AITarget-1" value="SetAsTargetIfHurt" param1="EntityZombie" />
	<property name="AITarget-2" value="SetAsTargetIfHurt" param1="EntityZombieCop" />
	<property name="AITarget-3" value="SetAsTargetIfHurt" param1="EntityBandit" />
	<property name="AITarget-4" value="SetAsTargetIfHurt" param1="EntityZombieDog" />
	<property name="AITarget-5" value="BlockingTargetTask" />
	<property name="AITarget-6" value="SetNearestEntityAsTarget" param1="EntityZombie" />
	<property name="AITarget-7" value="SetNearestEntityAsTarget" param1="EntityZombieCop" />
	<property name="AITarget-8" value="SetNearestEntityAsTarget" param1="EntityBandit" />
	<property name="AITarget-9" value="SetNearestEntityAsTarget" param1="EntityZombieDog" />
	<!-- General entity properties -->
	<property name="CorpseBlock" value="cntcorpseTara"/>
	<property name="CorpseBlockChance" value="1"/>
	</entity_class>

<entity_class name="Abraham" extends="Survivor">
	<property name="Archetype" value="Abraham"/>
	<property name="ItemsOnEnterGame.GameModeSurvivalSP" value="Followersledgehammer" />
	<property name="ItemsOnEnterGame.GameModeSurvivalMP" value="Followersledgehammer" />
	<property name="SoundRandom" value="Player_Male/player1stamina" />
	<property name="SoundHurt" value="Player_Male/player1painlg" />
	<property name="SoundHurtSmall" value="Player_Male/player1painsm" />
	<property name="SoundDeath" value="Player_Male/player1death" />
	<property name="SoundStamina" value="Player_Male/player1stamina" />
	<property name="SoundDrownPain" value="Player_Male/player1drownpain" />
	<property name="SoundWaterSurface" value="Player_Male/player1drownsurface" />
	<property name="SoundDrownDeath" value="Player_Male/player1drowndeath" />
	<property name="SoundJump" value="Player_Male/player1Jump" />
	<property name="SoundLandSoft" value="Player_Male/player1LandSoft" />
	<property name="SoundLandHard" value="Player_Male/player1LandHard" />
	<property name="SoundPlayerLandThump" value="PlayerLandThump" />
	<!-- in s -->
	<property name="AttackTimeoutDay" value="0.5" />
	<property name="AttackTimeoutNight" value="0.5" />
	
	<!-- AI properties -->
	<property name="AITask-1" value="Follow" param1="EntityPlayerLocal" />	
	<property name="AITask-2" value="RangedAttackTarget2" param1="0" param2="20"/>	
	<property name="AITask-3" value="ApproachAndAttackTarget" param1="EntityZombie" />
	<property name="AITask-4" value="ApproachAndAttackTarget" param1="EntityZombieCop" />
	<property name="AITask-5" value="ApproachAndAttackTarget" param1="EntityBandit" />
	<property name="AITask-6" value="ApproachAndAttackTarget" param1="EntityZombieDog" />
	<property name="AITask-7" value="ApproachSpot" />
	<property name="AITarget-1" value="SetAsTargetIfHurt" param1="EntityZombie" />
	<property name="AITarget-2" value="SetAsTargetIfHurt" param1="EntityZombieCop" />
	<property name="AITarget-3" value="SetAsTargetIfHurt" param1="EntityBandit" />
	<property name="AITarget-4" value="SetAsTargetIfHurt" param1="EntityZombieDog" />
	<property name="AITarget-5" value="BlockingTargetTask" />
	<property name="AITarget-6" value="SetNearestEntityAsTarget" param1="EntityZombie" />
	<property name="AITarget-7" value="SetNearestEntityAsTarget" param1="EntityZombieCop" />
	<property name="AITarget-8" value="SetNearestEntityAsTarget" param1="EntityBandit" />
	<property name="AITarget-9" value="SetNearestEntityAsTarget" param1="EntityZombieDog" />
	<!-- General entity properties -->
	<property name="CorpseBlock" value="cntcorpseAbraham"/>
	<property name="CorpseBlockChance" value="1"/>
	</entity_class>

<entity_class name="Michonne" extends="Survivor">
	<property name="Archetype" value="Michonne"/>
	<property name="ItemsOnEnterGame.GameModeSurvivalSP" value="Followermachete" />
	<property name="ItemsOnEnterGame.GameModeSurvivalMP" value="Followermachete" />
	<property name="SoundHurt" value="Player_Female/player2painlg" />
	<property name="SoundHurtSmall" value="Player_Female/player2painsm" />
	<property name="SoundDeath" value="Player_Female/player2death" />
	<property name="SoundStamina" value="Player_Female/player2stamina" />
	<property name="SoundDrownPain" value="Player_Female/player2drownpain" />
	<property name="SoundWaterSurface" value="Player_Female/player2drownsurface" />
	<property name="SoundDrownDeath" value="Player_Female/player2drowndeath" />
	<property name="SoundJump" value="Player_Male/player2Jump" />
	<property name="SoundLandSoft" value="Player_Male/player2LandSoft" />
	<property name="SoundLandHard" value="Player_Male/player2LandHard" />
	<property name="SoundPlayerLandThump" value="PlayerLandThump" />
	<!-- in s -->
	<property name="AttackTimeoutDay" value="0.5" />
	<property name="AttackTimeoutNight" value="0.5" />
	
	<!-- AI properties -->
	<property name="AITask-1" value="Follow" param1="EntityPlayerLocal" />	
	<property name="AITask-2" value="RangedAttackTarget2" param1="0" param2="20"/>	
	<property name="AITask-3" value="ApproachAndAttackTarget" param1="EntityZombie" />
	<property name="AITask-4" value="ApproachAndAttackTarget" param1="EntityZombieCop" />
	<property name="AITask-5" value="ApproachAndAttackTarget" param1="EntityBandit" />
	<property name="AITask-6" value="ApproachAndAttackTarget" param1="EntityZombieDog" />
	<property name="AITask-7" value="ApproachSpot" />
	<property name="AITarget-1" value="SetAsTargetIfHurt" param1="EntityZombie" />
	<property name="AITarget-2" value="SetAsTargetIfHurt" param1="EntityZombieCop" />
	<property name="AITarget-3" value="SetAsTargetIfHurt" param1="EntityBandit" />
	<property name="AITarget-4" value="SetAsTargetIfHurt" param1="EntityZombieDog" />
	<property name="AITarget-5" value="BlockingTargetTask" />
	<property name="AITarget-6" value="SetNearestEntityAsTarget" param1="EntityZombie" />
	<property name="AITarget-7" value="SetNearestEntityAsTarget" param1="EntityZombieCop" />
	<property name="AITarget-8" value="SetNearestEntityAsTarget" param1="EntityBandit" />
	<property name="AITarget-9" value="SetNearestEntityAsTarget" param1="EntityZombieDog" />
	<!-- General entity properties -->
	<property name="CorpseBlock" value="cntcorpseMichonne"/>
	<property name="CorpseBlockChance" value="1"/>
	</entity_class>

<entity_class name="Morgan" extends="Survivor">
	<property name="Archetype" value="Morgan"/>
	<property name="ItemsOnEnterGame.GameModeSurvivalSP" value="FollowerclubWood" />
	<property name="ItemsOnEnterGame.GameModeSurvivalMP" value="FollowerclubWood" />
	<property name="SoundRandom" value="Player_Male/player1stamina" />
	<property name="SoundHurt" value="Player_Male/player1painlg" />
	<property name="SoundHurtSmall" value="Player_Male/player1painsm" />
	<property name="SoundDeath" value="Player_Male/player1death" />
	<property name="SoundStamina" value="Player_Male/player1stamina" />
	<property name="SoundDrownPain" value="Player_Male/player1drownpain" />
	<property name="SoundWaterSurface" value="Player_Male/player1drownsurface" />
	<property name="SoundDrownDeath" value="Player_Male/player1drowndeath" />
	<property name="SoundJump" value="Player_Male/player1Jump" />
	<property name="SoundLandSoft" value="Player_Male/player1LandSoft" />
	<property name="SoundLandHard" value="Player_Male/player1LandHard" />
	<property name="SoundPlayerLandThump" value="PlayerLandThump" />
	<!-- in s -->
	<property name="AttackTimeoutDay" value="0.5" />
	<property name="AttackTimeoutNight" value="0.5" />
	
	<!-- AI properties -->
	<property name="AITask-1" value="Follow" param1="EntityPlayerLocal" />	
	<property name="AITask-2" value="RangedAttackTarget2" param1="0" param2="20"/>	
	<property name="AITask-3" value="ApproachAndAttackTarget" param1="EntityZombie" />
	<property name="AITask-4" value="ApproachAndAttackTarget" param1="EntityZombieCop" />
	<property name="AITask-5" value="ApproachAndAttackTarget" param1="EntityBandit" />
	<property name="AITask-6" value="ApproachAndAttackTarget" param1="EntityZombieDog" />
	<property name="AITask-7" value="ApproachSpot" />
	<property name="AITarget-1" value="SetAsTargetIfHurt" param1="EntityZombie" />
	<property name="AITarget-2" value="SetAsTargetIfHurt" param1="EntityZombieCop" />
	<property name="AITarget-3" value="SetAsTargetIfHurt" param1="EntityBandit" />
	<property name="AITarget-4" value="SetAsTargetIfHurt" param1="EntityZombieDog" />
	<property name="AITarget-5" value="BlockingTargetTask" />
	<property name="AITarget-6" value="SetNearestEntityAsTarget" param1="EntityZombie" />
	<property name="AITarget-7" value="SetNearestEntityAsTarget" param1="EntityZombieCop" />
	<property name="AITarget-8" value="SetNearestEntityAsTarget" param1="EntityBandit" />
	<property name="AITarget-9" value="SetNearestEntityAsTarget" param1="EntityZombieDog" />
	<!-- General entity properties -->
	<property name="CorpseBlock" value="cntcorpseMorgan"/>
	<property name="CorpseBlockChance" value="1"/>
	</entity_class>


<entity_class name="Lori" extends="Survivor">
	<property name="Archetype" value="Lori"/>
	<property name="ItemsOnEnterGame.GameModeSurvivalSP" value="FollowergunPistol" />
	<property name="ItemsOnEnterGame.GameModeSurvivalMP" value="FollowergunPistol" />
	<property name="SoundHurt" value="Player_Female/player2painlg" />
	<property name="SoundHurtSmall" value="Player_Female/player2painsm" />
	<property name="SoundDeath" value="Player_Female/player2death" />
	<property name="SoundStamina" value="Player_Female/player2stamina" />
	<property name="SoundDrownPain" value="Player_Female/player2drownpain" />
	<property name="SoundWaterSurface" value="Player_Female/player2drownsurface" />
	<property name="SoundDrownDeath" value="Player_Female/player2drowndeath" />
	<property name="SoundJump" value="Player_Male/player2Jump" />
	<property name="SoundLandSoft" value="Player_Male/player2LandSoft" />
	<property name="SoundLandHard" value="Player_Male/player2LandHard" />
	<property name="SoundPlayerLandThump" value="PlayerLandThump" />
	<!-- in s -->
	<property name="AttackTimeoutDay" value="0.5" />
	<property name="AttackTimeoutNight" value="0.5" />
	
	<!-- AI properties -->
	<property name="AITask-1" value="Follow" param1="EntityPlayerLocal" />	
	<property name="AITask-2" value="RangedAttackTarget2" param1="0" param2="20"/>	
	<property name="AITask-3" value="ApproachAndAttackTarget" param1="EntityZombie" />
	<property name="AITask-4" value="ApproachAndAttackTarget" param1="EntityZombieCop" />
	<property name="AITask-5" value="ApproachAndAttackTarget" param1="EntityBandit" />
	<property name="AITask-6" value="ApproachAndAttackTarget" param1="EntityZombieDog" />
	<property name="AITask-7" value="ApproachSpot" />
	<property name="AITarget-1" value="SetAsTargetIfHurt" param1="EntityZombie" />
	<property name="AITarget-2" value="SetAsTargetIfHurt" param1="EntityZombieCop" />
	<property name="AITarget-3" value="SetAsTargetIfHurt" param1="EntityBandit" />
	<property name="AITarget-4" value="SetAsTargetIfHurt" param1="EntityZombieDog" />
	<property name="AITarget-5" value="BlockingTargetTask" />
	<property name="AITarget-6" value="SetNearestEntityAsTarget" param1="EntityZombie" />
	<property name="AITarget-7" value="SetNearestEntityAsTarget" param1="EntityZombieCop" />
	<property name="AITarget-8" value="SetNearestEntityAsTarget" param1="EntityBandit" />
	<property name="AITarget-9" value="SetNearestEntityAsTarget" param1="EntityZombieDog" />
	<!-- General entity properties -->
	<property name="CorpseBlock" value="cntcorpseLori"/>
	<property name="CorpseBlockChance" value="1"/>
	</entity_class>

<entity_class name="Glenn" extends="Survivor">
	<property name="Archetype" value="Glenn"/>
	<property name="ItemsOnEnterGame.GameModeSurvivalSP" value="FollowergunRocketLauncher" />
	<property name="ItemsOnEnterGame.GameModeSurvivalMP" value="FollowergunRocketLauncher" />
	<property name="SoundRandom" value="Player_Male/player1stamina" />
	<property name="SoundHurt" value="Player_Male/player1painlg" />
	<property name="SoundHurtSmall" value="Player_Male/player1painsm" />
	<property name="SoundDeath" value="Player_Male/player1death" />
	<property name="SoundStamina" value="Player_Male/player1stamina" />
	<property name="SoundDrownPain" value="Player_Male/player1drownpain" />
	<property name="SoundWaterSurface" value="Player_Male/player1drownsurface" />
	<property name="SoundDrownDeath" value="Player_Male/player1drowndeath" />
	<property name="SoundJump" value="Player_Male/player1Jump" />
	<property name="SoundLandSoft" value="Player_Male/player1LandSoft" />
	<property name="SoundLandHard" value="Player_Male/player1LandHard" />
	<property name="SoundPlayerLandThump" value="PlayerLandThump" />
	<!-- in s -->
	<property name="AttackTimeoutDay" value="0.5" />
	<property name="AttackTimeoutNight" value="0.5" />
	
	<!-- AI properties -->
	<property name="AITask-1" value="Follow" param1="EntityPlayerLocal" />	
	<property name="AITask-2" value="RangedAttackTarget2" param1="0" param2="20"/>	
	<property name="AITask-3" value="ApproachAndAttackTarget" param1="EntityZombie" />
	<property name="AITask-4" value="ApproachAndAttackTarget" param1="EntityZombieCop" />
	<property name="AITask-5" value="ApproachAndAttackTarget" param1="EntityBandit" />
	<property name="AITask-6" value="ApproachAndAttackTarget" param1="EntityZombieDog" />
	<property name="AITask-7" value="ApproachSpot" />
	<property name="AITarget-1" value="SetAsTargetIfHurt" param1="EntityZombie" />
	<property name="AITarget-2" value="SetAsTargetIfHurt" param1="EntityZombieCop" />
	<property name="AITarget-3" value="SetAsTargetIfHurt" param1="EntityBandit" />
	<property name="AITarget-4" value="SetAsTargetIfHurt" param1="EntityZombieDog" />
	<property name="AITarget-5" value="BlockingTargetTask" />
	<property name="AITarget-6" value="SetNearestEntityAsTarget" param1="EntityZombie" />
	<property name="AITarget-7" value="SetNearestEntityAsTarget" param1="EntityZombieCop" />
	<property name="AITarget-8" value="SetNearestEntityAsTarget" param1="EntityBandit" />
	<property name="AITarget-9" value="SetNearestEntityAsTarget" param1="EntityZombieDog" />
	<!-- General entity properties -->
	<property name="CorpseBlock" value="cntcorpseGlenn"/>
	<property name="CorpseBlockChance" value="1"/>
</entity_class>

<entity_class name="Carol" extends="Survivor">
	<property name="Archetype" value="Carol"/>
	<property name="ItemsOnEnterGame.GameModeSurvivalSP" value="FollowergunSniperRifle" />
	<property name="ItemsOnEnterGame.GameModeSurvivalMP" value="FollowergunSniperRifle" />
	<property name="SoundHurt" value="Player_Female/player2painlg" />
	<property name="SoundHurtSmall" value="Player_Female/player2painsm" />
	<property name="SoundDeath" value="Player_Female/player2death" />
	<property name="SoundStamina" value="Player_Female/player2stamina" />
	<property name="SoundDrownPain" value="Player_Female/player2drownpain" />
	<property name="SoundWaterSurface" value="Player_Female/player2drownsurface" />
	<property name="SoundDrownDeath" value="Player_Female/player2drowndeath" />
	<property name="SoundJump" value="Player_Male/player2Jump" />
	<property name="SoundLandSoft" value="Player_Male/player2LandSoft" />
	<property name="SoundLandHard" value="Player_Male/player2LandHard" />
	<property name="SoundPlayerLandThump" value="PlayerLandThump" />
	<!-- in s -->
	<property name="AttackTimeoutDay" value="0.5" />
	<property name="AttackTimeoutNight" value="0.5" />
	
	<!-- AI properties -->
	<property name="AITask-1" value="Follow" param1="EntityPlayerLocal" />	
	<property name="AITask-2" value="RangedAttackTarget2" param1="0" param2="20"/>	
	<property name="AITask-3" value="ApproachAndAttackTarget" param1="EntityZombie" />
	<property name="AITask-4" value="ApproachAndAttackTarget" param1="EntityZombieCop" />
	<property name="AITask-5" value="ApproachAndAttackTarget" param1="EntityBandit" />
	<property name="AITask-6" value="ApproachAndAttackTarget" param1="EntityZombieDog" />
	<property name="AITask-7" value="ApproachSpot" />
	<property name="AITarget-1" value="SetAsTargetIfHurt" param1="EntityZombie" />
	<property name="AITarget-2" value="SetAsTargetIfHurt" param1="EntityZombieCop" />
	<property name="AITarget-3" value="SetAsTargetIfHurt" param1="EntityBandit" />
	<property name="AITarget-4" value="SetAsTargetIfHurt" param1="EntityZombieDog" />
	<property name="AITarget-5" value="BlockingTargetTask" />
	<property name="AITarget-6" value="SetNearestEntityAsTarget" param1="EntityZombie" />
	<property name="AITarget-7" value="SetNearestEntityAsTarget" param1="EntityZombieCop" />
	<property name="AITarget-8" value="SetNearestEntityAsTarget" param1="EntityBandit" />
	<property name="AITarget-9" value="SetNearestEntityAsTarget" param1="EntityZombieDog" />
	<!-- General entity properties -->
	<property name="CorpseBlock" value="cntcorpseCarol"/>
	<property name="CorpseBlockChance" value="1"/>
</entity_class>

<entity_class name="Tyreese" extends="Survivor">
	<property name="Archetype" value="Tyreese"/>
	<property name="ItemsOnEnterGame.GameModeSurvivalSP" value="Followerchainsaw" />
	<property name="ItemsOnEnterGame.GameModeSurvivalMP" value="Followerchainsaw" />
	<property name="SoundRandom" value="Player_Male/player1stamina" />
	<property name="SoundHurt" value="Player_Male/player1painlg" />
	<property name="SoundHurtSmall" value="Player_Male/player1painsm" />
	<property name="SoundDeath" value="Player_Male/player1death" />
	<property name="SoundStamina" value="Player_Male/player1stamina" />
	<property name="SoundDrownPain" value="Player_Male/player1drownpain" />
	<property name="SoundWaterSurface" value="Player_Male/player1drownsurface" />
	<property name="SoundDrownDeath" value="Player_Male/player1drowndeath" />
	<property name="SoundJump" value="Player_Male/player1Jump" />
	<property name="SoundLandSoft" value="Player_Male/player1LandSoft" />
	<property name="SoundLandHard" value="Player_Male/player1LandHard" />
	<property name="SoundPlayerLandThump" value="PlayerLandThump" />
	<!-- in s -->
	<property name="AttackTimeoutDay" value="0.5" />
	<property name="AttackTimeoutNight" value="0.5" />
	
	<!-- AI properties -->
	<property name="AITask-1" value="Follow" param1="EntityPlayerLocal" />	
	<property name="AITask-2" value="RangedAttackTarget2" param1="0" param2="20"/>	
	<property name="AITask-3" value="ApproachAndAttackTarget" param1="EntityZombie" />
	<property name="AITask-4" value="ApproachAndAttackTarget" param1="EntityZombieCop" />
	<property name="AITask-5" value="ApproachAndAttackTarget" param1="EntityBandit" />
	<property name="AITask-6" value="ApproachAndAttackTarget" param1="EntityZombieDog" />
	<property name="AITask-7" value="ApproachSpot" />
	<property name="AITarget-1" value="SetAsTargetIfHurt" param1="EntityZombie" />
	<property name="AITarget-2" value="SetAsTargetIfHurt" param1="EntityZombieCop" />
	<property name="AITarget-3" value="SetAsTargetIfHurt" param1="EntityBandit" />
	<property name="AITarget-4" value="SetAsTargetIfHurt" param1="EntityZombieDog" />
	<property name="AITarget-5" value="BlockingTargetTask" />
	<property name="AITarget-6" value="SetNearestEntityAsTarget" param1="EntityZombie" />
	<property name="AITarget-7" value="SetNearestEntityAsTarget" param1="EntityZombieCop" />
	<property name="AITarget-8" value="SetNearestEntityAsTarget" param1="EntityBandit" />
	<property name="AITarget-9" value="SetNearestEntityAsTarget" param1="EntityZombieDog" />
	<!-- General entity properties -->
	<property name="CorpseBlock" value="cntcorpseTyreese"/>
	<property name="CorpseBlockChance" value="1"/>
	</entity_class>

<entity_class name="Rick" extends="Survivor">
	<property name="Archetype" value="Rick"/>
	<property name="ItemsOnEnterGame.GameModeSurvivalSP" value="Followergun44Magnum" />
	<property name="ItemsOnEnterGame.GameModeSurvivalMP" value="Followergun44Magnum" />
	<property name="SoundRandom" value="Player_Male/player1stamina" />
	<property name="SoundHurt" value="Player_Male/player1painlg" />
	<property name="SoundHurtSmall" value="Player_Male/player1painsm" />
	<property name="SoundDeath" value="Player_Male/player1death" />
	<property name="SoundStamina" value="Player_Male/player1stamina" />
	<property name="SoundDrownPain" value="Player_Male/player1drownpain" />
	<property name="SoundWaterSurface" value="Player_Male/player1drownsurface" />
	<property name="SoundDrownDeath" value="Player_Male/player1drowndeath" />
	<property name="SoundJump" value="Player_Male/player1Jump" />
	<property name="SoundLandSoft" value="Player_Male/player1LandSoft" />
	<property name="SoundLandHard" value="Player_Male/player1LandHard" />
	<property name="SoundPlayerLandThump" value="PlayerLandThump" />
	<!-- in s -->
	<property name="AttackTimeoutDay" value="0.5" />
	<property name="AttackTimeoutNight" value="0.5" />
	
	<!-- AI properties -->
	<property name="AITask-1" value="Follow" param1="EntityPlayerLocal" />	
	<property name="AITask-2" value="RangedAttackTarget2" param1="0" param2="20"/>	
	<property name="AITask-3" value="ApproachAndAttackTarget" param1="EntityZombie" />
	<property name="AITask-4" value="ApproachAndAttackTarget" param1="EntityZombieCop" />
	<property name="AITask-5" value="ApproachAndAttackTarget" param1="EntityBandit" />
	<property name="AITask-6" value="ApproachAndAttackTarget" param1="EntityZombieDog" />
	<property name="AITask-7" value="ApproachSpot" />
	<property name="AITarget-1" value="SetAsTargetIfHurt" param1="EntityZombie" />
	<property name="AITarget-2" value="SetAsTargetIfHurt" param1="EntityZombieCop" />
	<property name="AITarget-3" value="SetAsTargetIfHurt" param1="EntityBandit" />
	<property name="AITarget-4" value="SetAsTargetIfHurt" param1="EntityZombieDog" />
	<property name="AITarget-5" value="BlockingTargetTask" />
	<property name="AITarget-6" value="SetNearestEntityAsTarget" param1="EntityZombie" />
	<property name="AITarget-7" value="SetNearestEntityAsTarget" param1="EntityZombieCop" />
	<property name="AITarget-8" value="SetNearestEntityAsTarget" param1="EntityBandit" />
	<property name="AITarget-9" value="SetNearestEntityAsTarget" param1="EntityZombieDog" />
	<!-- General entity properties -->
	<property name="CorpseBlock" value="cntcorpseRick"/>
	<property name="CorpseBlockChance" value="1"/>
</entity_class>

<entity_class name="Beth" extends="Survivor">
	<property name="Archetype" value="Beth"/>
	<property name="ItemsOnEnterGame.GameModeSurvivalSP" value="FollowerwoodenBow" />
	<property name="ItemsOnEnterGame.GameModeSurvivalMP" value="FollowerwoodenBow" />
	<property name="SoundRandom" value="Player_Male/player1stamina" />
	<property name="SoundHurt" value="Player_Male/player1painlg" />
	<property name="SoundHurtSmall" value="Player_Male/player1painsm" />
	<property name="SoundDeath" value="Player_Male/player1death" />
	<property name="SoundStamina" value="Player_Male/player1stamina" />
	<property name="SoundDrownPain" value="Player_Male/player1drownpain" />
	<property name="SoundWaterSurface" value="Player_Male/player1drownsurface" />
	<property name="SoundDrownDeath" value="Player_Male/player1drowndeath" />
	<property name="SoundJump" value="Player_Male/player1Jump" />
	<property name="SoundLandSoft" value="Player_Male/player1LandSoft" />
	<property name="SoundLandHard" value="Player_Male/player1LandHard" />
	<property name="SoundPlayerLandThump" value="PlayerLandThump" />
	<!-- in s -->
	<property name="AttackTimeoutDay" value="0.5" />
	<property name="AttackTimeoutNight" value="0.5" />
	
	<!-- AI properties -->
	<property name="AITask-1" value="Follow" param1="EntityPlayerLocal" />	
	<property name="AITask-2" value="RangedAttackTarget2" param1="0" param2="20"/>	
	<property name="AITask-3" value="ApproachAndAttackTarget" param1="EntityZombie" />
	<property name="AITask-4" value="ApproachAndAttackTarget" param1="EntityZombieCop" />
	<property name="AITask-5" value="ApproachAndAttackTarget" param1="EntityBandit" />
	<property name="AITask-6" value="ApproachAndAttackTarget" param1="EntityZombieDog" />
	<property name="AITask-7" value="ApproachSpot" />
	<property name="AITarget-1" value="SetAsTargetIfHurt" param1="EntityZombie" />
	<property name="AITarget-2" value="SetAsTargetIfHurt" param1="EntityZombieCop" />
	<property name="AITarget-3" value="SetAsTargetIfHurt" param1="EntityBandit" />
	<property name="AITarget-4" value="SetAsTargetIfHurt" param1="EntityZombieDog" />
	<property name="AITarget-5" value="BlockingTargetTask" />
	<property name="AITarget-6" value="SetNearestEntityAsTarget" param1="EntityZombie" />
	<property name="AITarget-7" value="SetNearestEntityAsTarget" param1="EntityZombieCop" />
	<property name="AITarget-8" value="SetNearestEntityAsTarget" param1="EntityBandit" />
	<property name="AITarget-9" value="SetNearestEntityAsTarget" param1="EntityZombieDog" />
	<!-- General entity properties -->
	<property name="CorpseBlock" value="cntcorpseBeth"/>
	<property name="CorpseBlockChance" value="1"/>
</entity_class>

<entity_class name="DarrylDixon" extends="Survivor">
	<property name="Archetype" value="DarrylDixon"/>
	<property name="ItemsOnEnterGame.GameModeSurvivalSP" value="Followercrossbow" />
	<property name="ItemsOnEnterGame.GameModeSurvivalMP" value="Followercrossbow" />
	<property name="SoundRandom" value="Player_Male/player1stamina" />
	<property name="SoundHurt" value="Player_Male/player1painlg" />
	<property name="SoundHurtSmall" value="Player_Male/player1painsm" />
	<property name="SoundDeath" value="Player_Male/player1death" />
	<property name="SoundStamina" value="Player_Male/player1stamina" />
	<property name="SoundDrownPain" value="Player_Male/player1drownpain" />
	<property name="SoundWaterSurface" value="Player_Male/player1drownsurface" />
	<property name="SoundDrownDeath" value="Player_Male/player1drowndeath" />
	<property name="SoundJump" value="Player_Male/player1Jump" />
	<property name="SoundLandSoft" value="Player_Male/player1LandSoft" />
	<property name="SoundLandHard" value="Player_Male/player1LandHard" />
	<property name="SoundPlayerLandThump" value="PlayerLandThump" />
	<!-- in s -->
	<property name="AttackTimeoutDay" value="0.5" />
	<property name="AttackTimeoutNight" value="0.5" />
	
	<!-- AI properties -->
	<property name="AITask-1" value="Follow" param1="EntityPlayerLocal" />	
	<property name="AITask-2" value="RangedAttackTarget2" param1="0" param2="20"/>	
	<property name="AITask-3" value="ApproachAndAttackTarget" param1="EntityZombie" />
	<property name="AITask-4" value="ApproachAndAttackTarget" param1="EntityZombieCop" />
	<property name="AITask-5" value="ApproachAndAttackTarget" param1="EntityBandit" />
	<property name="AITask-6" value="ApproachAndAttackTarget" param1="EntityZombieDog" />
	<property name="AITask-7" value="ApproachSpot" />
	<property name="AITarget-1" value="SetAsTargetIfHurt" param1="EntityZombie" />
	<property name="AITarget-2" value="SetAsTargetIfHurt" param1="EntityZombieCop" />
	<property name="AITarget-3" value="SetAsTargetIfHurt" param1="EntityBandit" />
	<property name="AITarget-4" value="SetAsTargetIfHurt" param1="EntityZombieDog" />
	<property name="AITarget-5" value="BlockingTargetTask" />
	<property name="AITarget-6" value="SetNearestEntityAsTarget" param1="EntityZombie" />
	<property name="AITarget-7" value="SetNearestEntityAsTarget" param1="EntityZombieCop" />
	<property name="AITarget-8" value="SetNearestEntityAsTarget" param1="EntityBandit" />
	<property name="AITarget-9" value="SetNearestEntityAsTarget" param1="EntityZombieDog" />
	<!-- General entity properties -->
	<property name="CorpseBlock" value="cntcorpseDarrylDixon"/>
	<property name="CorpseBlockChance" value="1"/>
</entity_class>

<entity_class name="Ezekiel" extends="Survivor">
	<property name="Archetype" value="Ezekiel"/>
	<property name="ItemsOnEnterGame.GameModeSurvivalSP" value="FollowergunSawedOffPumpShotgun" />
	<property name="ItemsOnEnterGame.GameModeSurvivalMP" value="FollowergunSawedOffPumpShotgun" />
	<property name="SoundRandom" value="Player_Male/player1stamina" />
	<property name="SoundHurt" value="Player_Male/player1painlg" />
	<property name="SoundHurtSmall" value="Player_Male/player1painsm" />
	<property name="SoundDeath" value="Player_Male/player1death" />
	<property name="SoundStamina" value="Player_Male/player1stamina" />
	<property name="SoundDrownPain" value="Player_Male/player1drownpain" />
	<property name="SoundWaterSurface" value="Player_Male/player1drownsurface" />
	<property name="SoundDrownDeath" value="Player_Male/player1drowndeath" />
	<property name="SoundJump" value="Player_Male/player1Jump" />
	<property name="SoundLandSoft" value="Player_Male/player1LandSoft" />
	<property name="SoundLandHard" value="Player_Male/player1LandHard" />
	<property name="SoundPlayerLandThump" value="PlayerLandThump" />
	<!-- in s -->
	<property name="AttackTimeoutDay" value="0.5" />
	<property name="AttackTimeoutNight" value="0.5" />
	
	<!-- AI properties -->
	<property name="AITask-1" value="Follow" param1="EntityPlayerLocal" />	
	<property name="AITask-2" value="RangedAttackTarget2" param1="0" param2="20"/>	
	<property name="AITask-3" value="ApproachAndAttackTarget" param1="EntityZombie" />
	<property name="AITask-4" value="ApproachAndAttackTarget" param1="EntityZombieCop" />
	<property name="AITask-5" value="ApproachAndAttackTarget" param1="EntityBandit" />
	<property name="AITask-6" value="ApproachAndAttackTarget" param1="EntityZombieDog" />
	<property name="AITask-7" value="ApproachSpot" />
	<property name="AITarget-1" value="SetAsTargetIfHurt" param1="EntityZombie" />
	<property name="AITarget-2" value="SetAsTargetIfHurt" param1="EntityZombieCop" />
	<property name="AITarget-3" value="SetAsTargetIfHurt" param1="EntityBandit" />
	<property name="AITarget-4" value="SetAsTargetIfHurt" param1="EntityZombieDog" />
	<property name="AITarget-5" value="BlockingTargetTask" />
	<property name="AITarget-6" value="SetNearestEntityAsTarget" param1="EntityZombie" />
	<property name="AITarget-7" value="SetNearestEntityAsTarget" param1="EntityZombieCop" />
	<property name="AITarget-8" value="SetNearestEntityAsTarget" param1="EntityBandit" />
	<property name="AITarget-9" value="SetNearestEntityAsTarget" param1="EntityZombieDog" />
	<!-- General entity properties -->
	<property name="CorpseBlock" value="cntcorpseEzekiel"/>
	<property name="CorpseBlockChance" value="1"/>
</entity_class>

<entity_class name="Rosita" extends="Survivor">
	<property name="Archetype" value="Rosita"/>
	<property name="ItemsOnEnterGame.GameModeSurvivalSP" value="FollowergunMP5" />
	<property name="ItemsOnEnterGame.GameModeSurvivalMP" value="FollowergunMP5" />
	<property name="SoundHurt" value="Player_Female/player2painlg" />
	<property name="SoundHurtSmall" value="Player_Female/player2painsm" />
	<property name="SoundDeath" value="Player_Female/player2death" />
	<property name="SoundStamina" value="Player_Female/player2stamina" />
	<property name="SoundDrownPain" value="Player_Female/player2drownpain" />
	<property name="SoundWaterSurface" value="Player_Female/player2drownsurface" />
	<property name="SoundDrownDeath" value="Player_Female/player2drowndeath" />
	<property name="SoundJump" value="Player_Male/player2Jump" />
	<property name="SoundLandSoft" value="Player_Male/player2LandSoft" />
	<property name="SoundLandHard" value="Player_Male/player2LandHard" />
	<property name="SoundPlayerLandThump" value="PlayerLandThump" />
	<!-- in s -->
	<property name="AttackTimeoutDay" value="0.5" />
	<property name="AttackTimeoutNight" value="0.5" />
	
	<!-- AI properties -->
	<property name="AITask-1" value="Follow" param1="EntityPlayerLocal" />	
	<property name="AITask-2" value="RangedAttackTarget2" param1="0" param2="20"/>	
	<property name="AITask-3" value="ApproachAndAttackTarget" param1="EntityZombie" />
	<property name="AITask-4" value="ApproachAndAttackTarget" param1="EntityZombieCop" />
	<property name="AITask-5" value="ApproachAndAttackTarget" param1="EntityBandit" />
	<property name="AITask-6" value="ApproachAndAttackTarget" param1="EntityZombieDog" />
	<property name="AITask-7" value="ApproachSpot" />
	<property name="AITarget-1" value="SetAsTargetIfHurt" param1="EntityZombie" />
	<property name="AITarget-2" value="SetAsTargetIfHurt" param1="EntityZombieCop" />
	<property name="AITarget-3" value="SetAsTargetIfHurt" param1="EntityBandit" />
	<property name="AITarget-4" value="SetAsTargetIfHurt" param1="EntityZombieDog" />
	<property name="AITarget-5" value="BlockingTargetTask" />
	<property name="AITarget-6" value="SetNearestEntityAsTarget" param1="EntityZombie" />
	<property name="AITarget-7" value="SetNearestEntityAsTarget" param1="EntityZombieCop" />
	<property name="AITarget-8" value="SetNearestEntityAsTarget" param1="EntityBandit" />
	<property name="AITarget-9" value="SetNearestEntityAsTarget" param1="EntityZombieDog" />
	<!-- General entity properties -->
	<property name="CorpseBlock" value="cntcorpseRosita"/>
	<property name="CorpseBlockChance" value="1"/>
</entity_class>

<entity_class name="Shane" extends="Survivor">
	<property name="Archetype" value="Shane"/>
	<property name="ItemsOnEnterGame.GameModeSurvivalSP" value="FollowergunAK47" />
	<property name="ItemsOnEnterGame.GameModeSurvivalMP" value="FollowergunAK47" />
	<property name="SoundRandom" value="Player_Male/player1stamina" />
	<property name="SoundHurt" value="Player_Male/player1painlg" />
	<property name="SoundHurtSmall" value="Player_Male/player1painsm" />
	<property name="SoundDeath" value="Player_Male/player1death" />
	<property name="SoundStamina" value="Player_Male/player1stamina" />
	<property name="SoundDrownPain" value="Player_Male/player1drownpain" />
	<property name="SoundWaterSurface" value="Player_Male/player1drownsurface" />
	<property name="SoundDrownDeath" value="Player_Male/player1drowndeath" />
	<property name="SoundJump" value="Player_Male/player1Jump" />
	<property name="SoundLandSoft" value="Player_Male/player1LandSoft" />
	<property name="SoundLandHard" value="Player_Male/player1LandHard" />
	<property name="SoundPlayerLandThump" value="PlayerLandThump" />
	<!-- in s -->
	<property name="AttackTimeoutDay" value="0.5" />
	<property name="AttackTimeoutNight" value="0.5" />
	
	<!-- AI properties -->
	<property name="AITask-1" value="Follow" param1="EntityPlayerLocal" />	
	<property name="AITask-2" value="RangedAttackTarget2" param1="0" param2="20"/>	
	<property name="AITask-3" value="ApproachAndAttackTarget" param1="EntityZombie" />
	<property name="AITask-4" value="ApproachAndAttackTarget" param1="EntityZombieCop" />
	<property name="AITask-5" value="ApproachAndAttackTarget" param1="EntityBandit" />
	<property name="AITask-6" value="ApproachAndAttackTarget" param1="EntityZombieDog" />
	<property name="AITask-7" value="ApproachSpot" />
	<property name="AITarget-1" value="SetAsTargetIfHurt" param1="EntityZombie" />
	<property name="AITarget-2" value="SetAsTargetIfHurt" param1="EntityZombieCop" />
	<property name="AITarget-3" value="SetAsTargetIfHurt" param1="EntityBandit" />
	<property name="AITarget-4" value="SetAsTargetIfHurt" param1="EntityZombieDog" />
	<property name="AITarget-5" value="BlockingTargetTask" />
	<property name="AITarget-6" value="SetNearestEntityAsTarget" param1="EntityZombie" />
	<property name="AITarget-7" value="SetNearestEntityAsTarget" param1="EntityZombieCop" />
	<property name="AITarget-8" value="SetNearestEntityAsTarget" param1="EntityBandit" />
	<property name="AITarget-9" value="SetNearestEntityAsTarget" param1="EntityZombieDog" />
	<!-- General entity properties -->
	<property name="CorpseBlock" value="cntcorpseShane"/>
	<property name="CorpseBlockChance" value="1"/>
	</entity_class>
	
	<entity_class name="Carl" extends="Survivor">
	<property name="Archetype" value="Carl"/>
	<property name="ItemsOnEnterGame.GameModeSurvivalSP" value="FollowergunPistol" />
	<property name="ItemsOnEnterGame.GameModeSurvivalMP" value="FollowergunPistol" />
	<property name="SoundHurt" value="Player_Female/player2painlg" />
	<property name="SoundHurtSmall" value="Player_Female/player2painsm" />
	<property name="SoundDeath" value="Player_Female/player2death" />
	<property name="SoundStamina" value="Player_Female/player2stamina" />
	<property name="SoundDrownPain" value="Player_Female/player2drownpain" />
	<property name="SoundWaterSurface" value="Player_Female/player2drownsurface" />
	<property name="SoundDrownDeath" value="Player_Female/player2drowndeath" />
	<property name="SoundJump" value="Player_Male/player2Jump" />
	<property name="SoundLandSoft" value="Player_Male/player2LandSoft" />
	<property name="SoundLandHard" value="Player_Male/player2LandHard" />
	<property name="SoundPlayerLandThump" value="PlayerLandThump" />
	<!-- in s -->
	<property name="AttackTimeoutDay" value="0.5" />
	<property name="AttackTimeoutNight" value="0.5" />
	
	<!-- AI properties -->
	<property name="AITask-1" value="Follow" param1="EntityPlayerLocal" />	
	<property name="AITask-2" value="RangedAttackTarget2" param1="0" param2="20"/>	
	<property name="AITask-3" value="ApproachAndAttackTarget" param1="EntityZombie" />
	<property name="AITask-4" value="ApproachAndAttackTarget" param1="EntityZombieCop" />
	<property name="AITask-5" value="ApproachAndAttackTarget" param1="EntityBandit" />
	<property name="AITask-6" value="ApproachAndAttackTarget" param1="EntityZombieDog" />
	<property name="AITask-7" value="ApproachSpot" />
	<property name="AITarget-1" value="SetAsTargetIfHurt" param1="EntityZombie" />
	<property name="AITarget-2" value="SetAsTargetIfHurt" param1="EntityZombieCop" />
	<property name="AITarget-3" value="SetAsTargetIfHurt" param1="EntityBandit" />
	<property name="AITarget-4" value="SetAsTargetIfHurt" param1="EntityZombieDog" />
	<property name="AITarget-5" value="BlockingTargetTask" />
	<property name="AITarget-6" value="SetNearestEntityAsTarget" param1="EntityZombie" />
	<property name="AITarget-7" value="SetNearestEntityAsTarget" param1="EntityZombieCop" />
	<property name="AITarget-8" value="SetNearestEntityAsTarget" param1="EntityBandit" />
	<property name="AITarget-9" value="SetNearestEntityAsTarget" param1="EntityZombieDog" />
	<!-- General entity properties -->
	<property name="CorpseBlock" value="cntcorpseCarl"/>
	<property name="CorpseBlockChance" value="1"/>
	</entity_class>
	
	<!-- MY CREW -->
	<!-- PETS -->
	<entity_class name="Gonzo">
	<!-- Mesh and class properties -->
	<property name="Mesh" value="Animals/Bear/BEAR" />
	<property name="ModelType" value="Standard" />
	<property name="Prefab" value="NPC" />
	<property name="Class" value="EntityAnimalBear" />
	<property name="Parent" value="Animals" />
	<property name="AvatarController" value="GameObjectAnimalAnimation" param2="15" />
	<property name="Weight" value="900" />
	<property name="RotateToGround" value="true"/>
	<property name="IsEntityAnimal" value="true" />
	<property name="PhysicsBody" value="bear" />
	<property name="HandItem" value="handBearBite" />
	<property name="AttackTimeoutDay" value="0" />
	<property name="AttackTimeoutNight" value="0" />
	<!-- AI properties -->	
	<property name="AITask-1" value="ApproachAndAttackTarget" param1="EntityZombie" param2="50" />	
	<property name="AITask-2" value="ApproachAndAttackTarget" param1="EntityZombieCop" param2="50" />
	<property name="AITask-3" value="ApproachAndAttackTarget" param1="EntityZombieDog" param2="50" />
	<property name="AITask-4" value="ApproachAndAttackTarget" param1="EntityBandit" param2="50" />
	<property name="AITask-5" value="Swim" />
	<property name="AITask-6" value="Follow" param1="EntityPlayerLocal" />
	<!-- give up time -->	
	<property name="AITarget-1" value="SetAsTargetIfHurt"/>
	<property name="AITarget-2" value="BlockingTargetTask" />
	<property name="AITarget-3" value="SetNearestEntityAsTarget" param1="EntityZombieDog" param2="50" />
	<property name="AITarget-4" value="SetNearestEntityAsTarget" param1="EntityZombieCop" param2="50" />
	<property name="AITarget-5" value="SetNearestEntityAsTarget" param1="EntityZombie" param2="50" />
	<property name="AITarget-6" value="SetNearestEntityAsTarget" param1="EntityBandit" param2="50" />
	<property name="CanClimbLadders" value="false" />
	<!-- General entity properties -->
	<property name="MaxHealth" value="2500" />
	<property name="MaxViewAngle" value="180" />
	<property name="WanderSpeed" value="0.25" />
	<property name="PanicSpeed" value="5.0" />
	<property name="ApproachSpeed" value="2" />
	<property name="NightWanderSpeed" value="1" />
	<property name="NightApproachSpeed" value="1.4" />
	<!-- This decides on the particle effect played on hit -->
	<property name="SurfaceCategory" value="organic" />
	<property name="ParticleOnDeath" value="blood_death" />
	<property name="SoundHurt" value="Animals/Bear/bearpain" />
	<property name="SoundDeath" value="Animals/Bear/beardeath" />
	<property name="SoundRandom" value="Animals/Bear/bearroam" />
	<property name="SoundAlert" value="Animals/Bear/bearalert" />
	<property name="SoundAttack" value="Animals/Bear/bearattack" />
	<property name="SoundSense" value="Animals/Bear/bearsense" />
	<property name="SoundGiveUp" value="Animals/Bear/beargiveup" />
	<property name="SoundFootstepModifier" value="Animals/Bear/bear_footstep" />
	<property name="TimeStayAfterDeath" value="300" />
	<!-- Set this if you want this entity to be spawned when user chooses 'enemy entities off' -->
	<property name="IsEnemyEntity" value="false" />
	<property name="ExperienceGain" value="3500"/>
	<property name="CorpseBlock" value="animalGore"/>
	<property name="CorpseBlockChance" value="1"/>
	<property name="DeadBodyHitPoints" value="250" /> <!-- For harvesting -->
	<drop event="Harvest" name="rawMeat" count="5" />
	<drop event="Harvest" name="rawMeat" tool_category="Butcher" count="1" prob=".5" />
	<drop event="Harvest" name="rawMeat" tool_category="Butcher" count="3" prob=".5" />
	<drop event="Harvest" name="animalHide" tool_category="Butcher" count="10" />
	<drop event="Harvest" name="animalHide" tool_category="Butcher" count="4" prob=".5" />
	<drop event="Harvest" name="animalHide" tool_category="Butcher" count="4" prob=".5" />
	<drop event="Harvest" name="animalFat" tool_category="Butcher" count="5" />
	<drop event="Harvest" name="animalFat" tool_category="Butcher" count="2" prob=".5" />
	<drop event="Harvest" name="animalFat" tool_category="Butcher" count="2" prob=".5" />
	<drop event="Harvest" name="femur" tool_category="Butcher" count="1" prob=".4" />
	<drop event="Harvest" name="femur" tool_category="Butcher" count="1" prob=".4" />
	<drop event="Destroy" name="femur" tool_category="Butcher" count="2" />
</entity_class>

<entity_class name="Killer" >
	<!-- todo extra properties need cleaned up -->
	<property name="EntityType" value="Zombie" />
	<property name="IsEnemyEntity" value="false" />
	<!-- Mesh and class properties -->
	<property name="Mesh" value="Zombies/zombieDogPrefab" />
	<property name="ModelType" value="Standard" />
	<property name="Parent" value="Animals" />
	<property name="HasRagdoll" value="true" />
	<property name="SurfaceCategory" value="organic" />
	<property name="AttackTimeoutDay" value="0" />
	<!-- in s -->
	<property name="AttackTimeoutNight" value="0" />
	<property name="Prefab" value="Dog" />
	<property name="WalkType" value="0" />
	<property name="HandItem" value="handDogBite" />
	<property name="Class" value="EntityZombieDog" />
	<property name="AvatarController" value="AvatarZombieDogController" />
	<property name="WanderSpeed" value="0.5" />
	<property name="ApproachSpeed" value="1.6" />
	<property name="NightWanderSpeed" value="0.3" />
	<property name="NightApproachSpeed" value="1.6" />
	<property name="PanicSpeed" value="1.6" />
	<property name="CanClimbLadders" value="false" />
	<property name="RotateToGround" value="true"/>
	<property name="MaxHealth" value="80" />
	<property name="SoundRandomTime" value="45.0" />
	<property name="SoundAlertTime" value="25.0" />
	<property name="SoundRandom" value="Enemies/Zombie_Dogs/zombiedogroam" />
	<property name="SoundAlert" value="Enemies/Zombie_Dogs/zombiedogalert" />
	<property name="SoundHurt" value="Enemies/Zombie_Dogs/zombiedogpain" />
	<property name="SoundDeath" value="Enemies/Zombie_Dogs/zombiedogdeath" />
	<property name="SoundAttack" value="Enemies/Zombie_Dogs/zombiedogattack" />
	<property name="SoundSense" value="Enemies/Zombie_Dogs/zombiedogsense" />
	<property name="SoundGiveUp" value="Enemies/Zombie_Dogs/zombiedoggiveup" />
	<property name="ExperienceGain" value="2000"/>
	<property name="Immunity" value="sickness;disease;bleeding;wellness" />
	<property name="Weight" value="70" />
	<property name="MaxViewAngle" value="180" />
	<!-- AI properties -->
	<property name="AITask-1" value="ApproachAndAttackTarget" param1="EntityZombie" param2="50" />	
	<property name="AITask-2" value="ApproachAndAttackTarget" param1="EntityZombieCop" param2="50" />
	<property name="AITask-3" value="ApproachAndAttackTarget" param1="EntityZombieDog" param2="50" />
	<property name="AITask-4" value="ApproachAndAttackTarget" param1="EntityBandit" param2="50" />
	<property name="AITask-5" value="Swim" />
	<property name="AITask-6" value="Follow" param1="EntityPlayerLocal" />
	<!-- give up time -->	
	<property name="AITarget-1" value="SetAsTargetIfHurt"/>
	<property name="AITarget-2" value="BlockingTargetTask" />
	<property name="AITarget-3" value="SetNearestEntityAsTarget" param1="EntityZombieDog" param2="50" />
	<property name="AITarget-4" value="SetNearestEntityAsTarget" param1="EntityZombieCop" param2="50" />
	<property name="AITarget-5" value="SetNearestEntityAsTarget" param1="EntityZombie" param2="50" />
	<property name="AITarget-6" value="SetNearestEntityAsTarget" param1="EntityBandit" param2="50" />
	<property name="PhysicsBody" value="zombieDog" />
	<property name="CorpseBlock" value="animalGore"/>
	<property name="CorpseBlockChance" value="0"/>
	<property name="ParticleOnDestroy" value="blood_death" />
	<property name="TimeStayAfterDeath" value="300" />
	<property name="DeadBodyHitPoints" value="150" /> <!-- For harvesting -->
	<drop event="Harvest" name="rottingFlesh" tool_category="Butcher" count="4" />
	<drop event="Harvest" name="animalHide" tool_category="Butcher" count="4" />
	<drop event="Harvest" name="femur" tool_category="Butcher" count="1" prob=".4" />
	<drop event="Harvest" name="femur" tool_category="Butcher" count="1" prob=".4" />
	<drop event="Destroy" name="animalFat" tool_category="Butcher" count="1" />
	<drop event="Harvest" name="animalFat" tool_category="Butcher" count="3" prob=".3" />
	<drop event="Destroy" name="femur" tool_category="Butcher" count="2" />
</entity_class>
<!-- PETS -->
	