<configs>
<set xpath="/blocks" >
<!-- Bandits -->
				<block name="cntcorpsebanditMelee">
				<property name="Extends" value="goreBlockHumanCorpse" />
				<property name="CustomIcon" value="goreBlockHumanCorpse"/>
				<property name="Class" value="Loot"/>
				<property name="LootList" value="230"/>
				</block>
				
				 <block name="cntcorpsebanditFighter"  >
				 <property name="Extends" value="cntcorpsebanditMelee" />
				<property name="LootList" value="231"/>
				</block>
				
				 <block name="cntcorpsebanditFixer" >
				 <property name="Extends" value="cntcorpsebanditMelee" />
				<property name="LootList" value="232"/>
				</block>
				
				<block name="cntcorpsebanditGrenadier"  >
				<property name="Extends" value="cntcorpsebanditMelee" />
				<property name="LootList" value="233"/>
				</block>
				
				 <block name="cntcorpsebanditSledger"  >
				 <property name="Extends" value="cntcorpsebanditMelee" />
				<property name="LootList" value="234"/>
				</block>
				
				 <block name="cntcorpsebanditSlasher"  >
				 <property name="Extends" value="cntcorpsebanditMelee" />
				<property name="LootList" value="235"/>
				</block>
				
				<block name="cntcorpsebanditClubber"  >
				<property name="Extends" value="cntcorpsebanditMelee" />
				<property name="LootList" value="236"/>
				</block>
				
				 <block name="cntcorpsebanditRanged"  >
				 <property name="Extends" value="cntcorpsebanditMelee" />
				<property name="LootList" value="237"/>
				</block>
				
				 <block name="cntcorpsebanditdestroyer" >
				 <property name="Extends" value="cntcorpsebanditMelee" />
				<property name="LootList" value="238"/>
				</block>
				
				<block name="cntcorpsebanditSniper"  >
				<property name="Extends" value="cntcorpsebanditMelee" />
				<property name="LootList" value="239"/>
				</block>
				
				 <block name="cntcorpsebanditMassachist"  >
				 <property name="Extends" value="cntcorpsebanditMelee" />
				<property name="LootList" value="240"/>
				</block>
				
				 <block name="cntcorpsebanditCop"  >
				 <property name="Extends" value="cntcorpsebanditMelee" />
				<property name="LootList" value="241"/>
				</block>
				
				<block name="cntcorpsebanditBullseye"  >
				<property name="Extends" value="cntcorpsebanditMelee" />
				<property name="LootList" value="242"/>
				</block>
				
				 <block name="cntcorpsebanditDestructor"  >
				 <property name="Extends" value="cntcorpsebanditMelee" />
				<property name="LootList" value="243"/>
				</block>
				
				 <block name="cntcorpseNegan"  >
				 <property name="Extends" value="cntcorpsebanditMelee" />
				<property name="LootList" value="244"/>
				</block>
				
				<block name="cntcorpsebanditMusketeer"  >
				<property name="Extends" value="cntcorpsebanditMelee" />
				<property name="LootList" value="245"/>
				</block>
				
				 <block name="cntcorpsebanditDeadAim"  >
				 <property name="Extends" value="cntcorpsebanditMelee" />
				<property name="LootList" value="246"/>
				</block>
				
				 <block name="cntcorpsebanditDeadAim1"  >
				 <property name="Extends" value="cntcorpsebanditMelee" />
				<property name="LootList" value="247"/>
				</block>
				
				<block name="cntcorpsebanditDeadAim2"  >
				<property name="Extends" value="cntcorpsebanditMelee" />
				<property name="LootList" value="248"/>
				</block>
				
				 <block name="cntcorpsebanditHeadshot"  >
				 <property name="Extends" value="cntcorpsebanditMelee" />
				<property name="LootList" value="249"/>
				</block>
				
				 <block name="cntcorpsebanditBeserker"  >
				 <property name="Extends" value="cntcorpsebanditMelee" />
				<property name="LootList" value="250"/>
				</block>
								
				 <block name="cntcorpsebanditLeader"  >
				 <property name="Extends" value="cntcorpsebanditMelee" />
				<property name="LootList" value="251"/>
				</block>

				<block name="cntcorpsebanditFlamer"  >
				 <property name="Extends" value="cntcorpsebanditMelee" />
				<property name="LootList" value="252"/>
				</block>
				
				<!-- Bandits -->



</set>
</configs>