<configs>
<append xpath="/entitygroups" >
<entity name="banditMelee"  />
		<entity name="banditFighter"  />
		<entity name="banditFixer"  />
		<entity name="banditGrenadier"  />
		<entity name="banditSledger"  />
		<entity name="banditSlasher"   />
		<entity name="banditClubber"   />
		<entity name="banditFlamer"   />
		<entity name="banditMassachist"  />	
		<entity name="banditMusketeer"  />	
		<entity name="banditRanged"   />
		<entity name="banditCop"   />
		<entity name="banditBullseye"   />
		<entity name="banditDestructor"   />
		<entity name="Negan"   />
		<entity name="banditMusketeer"   />
		<entity name="banditDeadAim"   />
		<entity name="banditDeadAim1"   />
		<entity name="banditDeadAim2"   />	
		<entity name="banditHeadshot"   />
		<entity name="banditBeserker"   />
		<entity name="banditdestroyer"   />
		<entity name="banditSniper"   />
		<entity name="banditLeader" />
		
		<entitygroup name="ZombieScouts">
		<entity name="banditScout" />		
		</entitygroup>	
		</append>
</configs>		