<configs>

<set xpath="/gamestages" >

<spawner name="BloodMoonbandit">
		<!-- XXXXXXXXXXXXXXXXXXXXXXXXXXXX  start: auto generated bandit stages  XXXXXXXXXXXXXXXXXXXXXXXXXXXX -->
		<gamestage stage="1"><spawn group="banditStageGS1" num="1" maxAlive="1" duration="1"/><spawn group="BanditsNight" num="9999999" maxAlive="1"/></gamestage>					
		<gamestage stage="2"><spawn group="banditStageGS2" num="2" maxAlive="1" duration="1"/><spawn group="BanditsNight" num="9999999" maxAlive="1"/></gamestage>					
		<gamestage stage="4"><spawn group="banditStageGS4" num="4" maxAlive="2" duration="1"/><spawn group="BanditsNight" num="9999999" maxAlive="1"/></gamestage>					
		<gamestage stage="6"><spawn group="banditStageGS4" num="6" maxAlive="3" duration="1" interval="28"/><spawn group="banditStageGS6" num="6" maxAlive="3" duration="1"/><spawn group="BanditsNight" num="9999999" maxAlive="1"/></gamestage>					
		<gamestage stage="9"><spawn group="banditStageGS6" num="9" maxAlive="5" duration="1"/><spawn group="banditStageGS9" num="9" maxAlive="5" duration="1"/><spawn group="BanditsNight" num="9999999" maxAlive="1"/></gamestage>					
		<gamestage stage="12"><spawn group="banditStageGS9" num="12" maxAlive="6" duration="1"/><spawn group="banditStageGS12" num="12" maxAlive="6" duration="1"/><spawn group="BanditsNight" num="9999999" maxAlive="1"/></gamestage>					
		<gamestage stage="14"><spawn group="banditStageGS9" num="14" maxAlive="7" duration="1"/><spawn group="banditStageGS12" num="14" maxAlive="7" duration="1"/><spawn group="banditStageGS14" num="14" maxAlive="7" duration="1"/><spawn group="BanditsNight" num="9999999" maxAlive="1"/></gamestage>					
		<gamestage stage="17"><spawn group="banditStageGS12" num="17" maxAlive="8" duration="1"/><spawn group="banditStageGS14" num="17" maxAlive="8" duration="1"/><spawn group="banditStageGS17" num="17" maxAlive="8" duration="1"/><spawn group="BanditsNight" num="9999999" maxAlive="1"/></gamestage>					
		<gamestage stage="21"><spawn group="banditStageGS14" num="17" maxAlive="8" duration="1"/><spawn group="banditStageGS17" num="17" maxAlive="8" duration="1"/><spawn group="banditStageGS21" num="17" maxAlive="8" duration="1"/><spawn group="BanditsNight" num="9999999" maxAlive="1"/></gamestage>					
		<gamestage stage="24"><spawn group="banditStageGS17" num="18" maxAlive="8" duration="1" interval="5"/><spawn group="banditStageGS21" num="18" maxAlive="8" duration="1"/><spawn group="banditStageGS24" num="18" maxAlive="8" duration="1"/><spawn group="BanditsNight" num="9999999" maxAlive="1"/></gamestage>					
		<gamestage stage="27"><spawn group="banditStageGS21" num="18" maxAlive="8" duration="1" interval="28"/><spawn group="banditStageGS24" num="18" maxAlive="8" duration="1"/><spawn group="banditStageGS27" num="18" maxAlive="8" duration="1"/><spawn group="BanditsNight" num="9999999" maxAlive="1"/></gamestage>					
		<gamestage stage="31"><spawn group="banditStageGS24" num="18" maxAlive="8" duration="1"/><spawn group="banditStageGS27" num="18" maxAlive="8" duration="1"/><spawn group="banditStageGS31" num="18" maxAlive="8" duration="1"/><spawn group="BanditsNight" num="9999999" maxAlive="1"/></gamestage>					
		<gamestage stage="35"><spawn group="banditStageGS27" num="18" maxAlive="8" duration="1"/><spawn group="banditStageGS31" num="18" maxAlive="8" duration="1"/><spawn group="banditStageGS35" num="18" maxAlive="8" duration="1"/><spawn group="BanditsNight" num="9999999" maxAlive="1"/></gamestage>					
		<gamestage stage="38"><spawn group="banditStageGS31" num="19" maxAlive="8" duration="1" interval="19"/><spawn group="banditStageGS35" num="19" maxAlive="8" duration="1"/><spawn group="banditStageGS38" num="19" maxAlive="8" duration="1"/><spawn group="BanditsNight" num="9999999" maxAlive="1"/></gamestage>					
		<gamestage stage="42"><spawn group="banditStageGS35" num="19" maxAlive="8" duration="2"/><spawn group="banditStageGS38" num="19" maxAlive="8" duration="2"/><spawn group="banditStageGS42" num="19" maxAlive="8" duration="2"/><spawn group="BanditsNight" num="9999999" maxAlive="1"/></gamestage>					
		<gamestage stage="46"><spawn group="banditStageGS38" num="19" maxAlive="8" duration="2"/><spawn group="banditStageGS42" num="19" maxAlive="8" duration="2"/><spawn group="banditStageGS46" num="19" maxAlive="8" duration="2"/><spawn group="BanditsNight" num="9999999" maxAlive="1"/></gamestage>					
		<gamestage stage="50"><spawn group="banditStageGS42" num="20" maxAlive="8" duration="2"/><spawn group="banditStageGS46" num="20" maxAlive="8" duration="2"/><spawn group="banditStageGS50" num="20" maxAlive="8" duration="2"/><spawn group="BanditsNight" num="9999999" maxAlive="1"/></gamestage>					
		<gamestage stage="55"><spawn group="banditStageGS46" num="20" maxAlive="8" duration="2" interval="11"/><spawn group="banditStageGS50" num="20" maxAlive="8" duration="2"/><spawn group="banditStageGS55" num="20" maxAlive="8" duration="2"/><spawn group="BanditsNight" num="9999999" maxAlive="1"/></gamestage>					
		<gamestage stage="59"><spawn group="banditStageGS50" num="20" maxAlive="8" duration="2"/><spawn group="banditStageGS55" num="20" maxAlive="8" duration="2"/><spawn group="banditStageGS59" num="20" maxAlive="8" duration="2"/><spawn group="BanditsNight" num="9999999" maxAlive="2"/></gamestage>					
		<gamestage stage="63"><spawn group="banditStageGS55" num="21" maxAlive="8" duration="2" interval="13"/><spawn group="banditStageGS59" num="21" maxAlive="8" duration="2"/><spawn group="banditStageGS63" num="21" maxAlive="8" duration="2"/><spawn group="BanditsNight" num="9999999" maxAlive="2"/></gamestage>					
		<gamestage stage="68"><spawn group="banditStageGS59" num="21" maxAlive="8" duration="2" interval="32"/><spawn group="banditStageGS63" num="21" maxAlive="8" duration="2"/><spawn group="banditStageGS68" num="21" maxAlive="8" duration="2"/><spawn group="BanditsNight" num="9999999" maxAlive="2"/></gamestage>					
		<gamestage stage="72"><spawn group="banditStageGS63" num="22" maxAlive="8" duration="2"/><spawn group="banditStageGS68" num="22" maxAlive="8" duration="2"/><spawn group="banditStageGS72" num="22" maxAlive="8" duration="2"/><spawn group="BanditsNight" num="9999999" maxAlive="2"/></gamestage>					
		<gamestage stage="77"><spawn group="banditStageGS68" num="22" maxAlive="8" duration="2" interval="39"/><spawn group="banditStageGS72" num="22" maxAlive="8" duration="2" interval="11"/><spawn group="banditStageGS77" num="22" maxAlive="8" duration="2"/><spawn group="BanditsNight" num="9999999" maxAlive="2"/></gamestage>					
		<gamestage stage="82"><spawn group="banditStageGS72" num="22" maxAlive="8" duration="2"/><spawn group="banditStageGS77" num="22" maxAlive="8" duration="2"/><spawn group="banditStageGS82" num="22" maxAlive="8" duration="2"/><spawn group="BanditsNight" num="9999999" maxAlive="2"/></gamestage>					
		<gamestage stage="86"><spawn group="banditStageGS77" num="23" maxAlive="8" duration="2"/><spawn group="banditStageGS82" num="23" maxAlive="8" duration="2"/><spawn group="banditStageGS86" num="23" maxAlive="8" duration="2"/><spawn group="BanditsNight" num="9999999" maxAlive="2"/></gamestage>					
		<gamestage stage="91"><spawn group="banditStageGS82" num="23" maxAlive="8" duration="2"/><spawn group="banditStageGS86" num="23" maxAlive="8" duration="2"/><spawn group="banditStageGS91" num="23" maxAlive="8" duration="2"/><spawn group="BanditsNight" num="9999999" maxAlive="2"/></gamestage>					
		<gamestage stage="96"><spawn group="banditStageGS86" num="24" maxAlive="8" duration="2"/><spawn group="banditStageGS91" num="24" maxAlive="8" duration="2" interval="19"/><spawn group="banditStageGS96" num="24" maxAlive="8" duration="2"/><spawn group="BanditsNight" num="9999999" maxAlive="2"/></gamestage>					
		<gamestage stage="101"><spawn group="banditStageGS91" num="24" maxAlive="8" duration="2"/><spawn group="banditStageGS96" num="24" maxAlive="8" duration="2"/><spawn group="banditStageGS101" num="24" maxAlive="8" duration="2"/><spawn group="BanditsNight" num="9999999" maxAlive="2"/></gamestage>					
		<gamestage stage="106"><spawn group="banditStageGS96" num="24" maxAlive="8" duration="3"/><spawn group="banditStageGS101" num="24" maxAlive="8" duration="3"/><spawn group="banditStageGS106" num="24" maxAlive="8" duration="3"/><spawn group="BanditsNight" num="9999999" maxAlive="2"/></gamestage>					
		<gamestage stage="111"><spawn group="banditStageGS101" num="25" maxAlive="8" duration="3"/><spawn group="banditStageGS106" num="25" maxAlive="8" duration="3" interval="17"/><spawn group="banditStageGS111" num="25" maxAlive="8" duration="3"/><spawn group="BanditsNight" num="9999999" maxAlive="2"/></gamestage>					
		<gamestage stage="117"><spawn group="banditStageGS106" num="25" maxAlive="8" duration="3"/><spawn group="banditStageGS111" num="25" maxAlive="8" duration="3"/><spawn group="banditStageGS117" num="25" maxAlive="8" duration="3"/><spawn group="BanditsNight" num="9999999" maxAlive="2"/></gamestage>					
		<gamestage stage="122"><spawn group="banditStageGS111" num="26" maxAlive="8" duration="3"/><spawn group="banditStageGS117" num="26" maxAlive="8" duration="3"/><spawn group="banditStageGS122" num="26" maxAlive="8" duration="3"/><spawn group="BanditsNight" num="9999999" maxAlive="2"/></gamestage>					
		<gamestage stage="127"><spawn group="banditStageGS117" num="26" maxAlive="8" duration="3"/><spawn group="banditStageGS122" num="26" maxAlive="8" duration="3" interval="19"/><spawn group="banditStageGS127" num="26" maxAlive="8" duration="3"/><spawn group="BanditsNight" num="9999999" maxAlive="2"/></gamestage>					
		<gamestage stage="133"><spawn group="banditStageGS122" num="27" maxAlive="8" duration="3"/><spawn group="banditStageGS127" num="27" maxAlive="8" duration="3"/><spawn group="banditStageGS133" num="27" maxAlive="8" duration="3"/><spawn group="BanditsNight" num="9999999" maxAlive="2"/></gamestage>					
		<gamestage stage="138"><spawn group="banditStageGS127" num="27" maxAlive="8" duration="3"/><spawn group="banditStageGS133" num="27" maxAlive="8" duration="3"/><spawn group="banditStageGS138" num="27" maxAlive="8" duration="3"/><spawn group="BanditsNight" num="9999999" maxAlive="2"/></gamestage>					
		<gamestage stage="144"><spawn group="banditStageGS133" num="28" maxAlive="8" duration="3"/><spawn group="banditStageGS138" num="28" maxAlive="8" duration="3"/><spawn group="banditStageGS144" num="28" maxAlive="8" duration="3"/><spawn group="BanditsNight" num="9999999" maxAlive="2"/></gamestage>					
		<gamestage stage="149"><spawn group="banditStageGS138" num="28" maxAlive="8" duration="3"/><spawn group="banditStageGS144" num="28" maxAlive="8" duration="3" interval="26"/><spawn group="banditStageGS149" num="28" maxAlive="8" duration="3"/><spawn group="BanditsNight" num="9999999" maxAlive="2"/></gamestage>					
		<gamestage stage="155"><spawn group="banditStageGS144" num="29" maxAlive="8" duration="3"/><spawn group="banditStageGS149" num="29" maxAlive="8" duration="3"/><spawn group="banditStageGS155" num="29" maxAlive="8" duration="3"/><spawn group="BanditsNight" num="9999999" maxAlive="2"/></gamestage>					
		<gamestage stage="160"><spawn group="banditStageGS149" num="29" maxAlive="8" duration="3"/><spawn group="banditStageGS155" num="29" maxAlive="8" duration="3"/><spawn group="banditStageGS160" num="29" maxAlive="8" duration="3"/><spawn group="BanditsNight" num="9999999" maxAlive="2"/></gamestage>					
		<gamestage stage="166"><spawn group="banditStageGS155" num="29" maxAlive="8" duration="3"/><spawn group="banditStageGS160" num="29" maxAlive="8" duration="3" interval="2"/><spawn group="banditStageGS166" num="29" maxAlive="8" duration="3"/><spawn group="BanditsNight" num="9999999" maxAlive="2"/></gamestage>					
		<gamestage stage="172"><spawn group="banditStageGS160" num="30" maxAlive="8" duration="3" interval="10"/><spawn group="banditStageGS166" num="30" maxAlive="8" duration="3"/><spawn group="banditStageGS172" num="30" maxAlive="8" duration="3"/><spawn group="BanditsNight" num="9999999" maxAlive="2"/></gamestage>					
		<gamestage stage="178"><spawn group="banditStageGS166" num="30" maxAlive="8" duration="3"/><spawn group="banditStageGS172" num="30" maxAlive="8" duration="3" interval="14"/><spawn group="banditStageGS178" num="30" maxAlive="8" duration="3"/><spawn group="BanditsNight" num="9999999" maxAlive="2"/></gamestage>					
		<gamestage stage="184"><spawn group="banditStageGS172" num="31" maxAlive="8" duration="3" interval="31"/><spawn group="banditStageGS178" num="31" maxAlive="8" duration="3"/><spawn group="banditStageGS184" num="31" maxAlive="8" duration="3"/><spawn group="BanditsNight" num="9999999" maxAlive="2"/></gamestage>					
		<gamestage stage="190"><spawn group="banditStageGS178" num="31" maxAlive="8" duration="3" interval="13"/><spawn group="banditStageGS184" num="31" maxAlive="8" duration="3" interval="28"/><spawn group="banditStageGS190" num="31" maxAlive="8" duration="3"/><spawn group="BanditsNight" num="9999999" maxAlive="2"/></gamestage>					
		<gamestage stage="196"><spawn group="banditStageGS184" num="32" maxAlive="8" duration="3"/><spawn group="banditStageGS190" num="32" maxAlive="8" duration="3" interval="26"/><spawn group="banditStageGS196" num="32" maxAlive="8" duration="3"/><spawn group="BanditsNight" num="9999999" maxAlive="2"/></gamestage>					
		<gamestage stage="202"><spawn group="banditStageGS190" num="32" maxAlive="8" duration="3"/><spawn group="banditStageGS196" num="32" maxAlive="8" duration="3"/><spawn group="banditStageGS202" num="32" maxAlive="8" duration="3"/><spawn group="BanditsNight" num="9999999" maxAlive="2"/></gamestage>					
		<gamestage stage="208"><spawn group="banditStageGS196" num="33" maxAlive="8" duration="3"/><spawn group="banditStageGS202" num="33" maxAlive="8" duration="3"/><spawn group="banditStageGS208" num="33" maxAlive="8" duration="3"/><spawn group="BanditsNight" num="9999999" maxAlive="2"/></gamestage>					
		<gamestage stage="214"><spawn group="banditStageGS202" num="33" maxAlive="8" duration="3"/><spawn group="banditStageGS208" num="33" maxAlive="8" duration="3" interval="39"/><spawn group="banditStageGS214" num="33" maxAlive="8" duration="3"/><spawn group="BanditsNight" num="9999999" maxAlive="2"/></gamestage>					
		<gamestage stage="220"><spawn group="banditStageGS208" num="34" maxAlive="8" duration="3"/><spawn group="banditStageGS214" num="34" maxAlive="8" duration="3"/><spawn group="banditStageGS220" num="34" maxAlive="8" duration="3"/><spawn group="BanditsNight" num="9999999" maxAlive="2"/></gamestage>					
		<gamestage stage="227"><spawn group="banditStageGS214" num="35" maxAlive="8" duration="3" interval="4"/><spawn group="banditStageGS220" num="35" maxAlive="8" duration="3"/><spawn group="banditStageGS227" num="35" maxAlive="8" duration="3"/><spawn group="BanditsNight" num="9999999" maxAlive="2"/></gamestage>					
		<gamestage stage="233"><spawn group="banditStageGS220" num="35" maxAlive="8" duration="3"/><spawn group="banditStageGS227" num="35" maxAlive="8" duration="3" interval="29"/><spawn group="banditStageGS233" num="35" maxAlive="8" duration="3"/><spawn group="BanditsNight" num="9999999" maxAlive="2"/></gamestage>					
		<gamestage stage="239"><spawn group="banditStageGS227" num="36" maxAlive="8" duration="3"/><spawn group="banditStageGS233" num="36" maxAlive="8" duration="3"/><spawn group="banditStageGS239" num="36" maxAlive="8" duration="3"/><spawn group="BanditsNight" num="9999999" maxAlive="2"/></gamestage>					
		<gamestage stage="246"><spawn group="banditStageGS233" num="36" maxAlive="8" duration="3" interval="18"/><spawn group="banditStageGS239" num="36" maxAlive="8" duration="3"/><spawn group="banditStageGS246" num="36" maxAlive="8" duration="3"/><spawn group="BanditsNight" num="9999999" maxAlive="2"/></gamestage>					
		<gamestage stage="252"><spawn group="banditStageGS239" num="37" maxAlive="8" duration="3"/><spawn group="banditStageGS246" num="37" maxAlive="8" duration="3"/><spawn group="banditStageGS252" num="37" maxAlive="8" duration="3"/><spawn group="BanditsNight" num="9999999" maxAlive="2"/></gamestage>					
		<gamestage stage="259"><spawn group="banditStageGS246" num="37" maxAlive="8" duration="3"/><spawn group="banditStageGS252" num="37" maxAlive="8" duration="3"/><spawn group="banditStageGS259" num="37" maxAlive="8" duration="3"/><spawn group="BanditsNight" num="9999999" maxAlive="2"/></gamestage>					
		<gamestage stage="265"><spawn group="banditStageGS252" num="38" maxAlive="8" duration="3"/><spawn group="banditStageGS259" num="38" maxAlive="8" duration="3" interval="36"/><spawn group="banditStageGS265" num="38" maxAlive="8" duration="3"/><spawn group="BanditsNight" num="9999999" maxAlive="2"/></gamestage>					
		<gamestage stage="272"><spawn group="banditStageGS259" num="38" maxAlive="8" duration="3" interval="1"/><spawn group="banditStageGS265" num="38" maxAlive="8" duration="3"/><spawn group="banditStageGS272" num="38" maxAlive="8" duration="3"/><spawn group="BanditsNight" num="9999999" maxAlive="2"/></gamestage>					
		<gamestage stage="279"><spawn group="banditStageGS265" num="39" maxAlive="8" duration="3"/><spawn group="banditStageGS272" num="39" maxAlive="8" duration="3" interval="31"/><spawn group="banditStageGS279" num="39" maxAlive="8" duration="3"/><spawn group="BanditsNight" num="9999999" maxAlive="2"/></gamestage>					
		<gamestage stage="285"><spawn group="banditStageGS272" num="39" maxAlive="8" duration="3"/><spawn group="banditStageGS279" num="39" maxAlive="8" duration="3"/><spawn group="banditStageGS285" num="39" maxAlive="8" duration="3"/><spawn group="BanditsNight" num="9999999" maxAlive="2"/></gamestage>					
		<gamestage stage="292"><spawn group="banditStageGS279" num="40" maxAlive="8" duration="3"/><spawn group="banditStageGS285" num="40" maxAlive="8" duration="3"/><spawn group="banditStageGS292" num="40" maxAlive="8" duration="3"/><spawn group="BanditsNight" num="9999999" maxAlive="2"/></gamestage>					
		<gamestage stage="299"><spawn group="banditStageGS285" num="41" maxAlive="8" duration="3"/><spawn group="banditStageGS292" num="41" maxAlive="8" duration="3"/><spawn group="banditStageGS299" num="41" maxAlive="8" duration="3"/><spawn group="BanditsNight" num="9999999" maxAlive="2"/></gamestage>					
		<gamestage stage="306"><spawn group="banditStageGS292" num="41" maxAlive="8" duration="3" interval="3"/><spawn group="banditStageGS299" num="41" maxAlive="8" duration="3"/><spawn group="banditStageGS306" num="41" maxAlive="8" duration="3"/><spawn group="BanditsNight" num="9999999" maxAlive="2"/></gamestage>					
		<gamestage stage="312"><spawn group="banditStageGS299" num="42" maxAlive="8" duration="3"/><spawn group="banditStageGS306" num="42" maxAlive="8" duration="3" interval="26"/><spawn group="banditStageGS312" num="42" maxAlive="8" duration="3"/><spawn group="BanditsNight" num="9999999" maxAlive="2"/></gamestage>					
		<gamestage stage="319"><spawn group="banditStageGS306" num="42" maxAlive="8" duration="3"/><spawn group="banditStageGS312" num="42" maxAlive="8" duration="3"/><spawn group="banditStageGS319" num="42" maxAlive="8" duration="3"/><spawn group="BanditsNight" num="9999999" maxAlive="2"/></gamestage>					
		<gamestage stage="326"><spawn group="banditStageGS312" num="43" maxAlive="8" duration="3"/><spawn group="banditStageGS319" num="43" maxAlive="8" duration="3"/><spawn group="banditStageGS326" num="43" maxAlive="8" duration="3"/><spawn group="BanditsNight" num="9999999" maxAlive="2"/></gamestage>					
		<gamestage stage="333"><spawn group="banditStageGS319" num="43" maxAlive="8" duration="3" interval="36"/><spawn group="banditStageGS326" num="43" maxAlive="8" duration="3"/><spawn group="banditStageGS333" num="43" maxAlive="8" duration="3"/><spawn group="BanditsNight" num="9999999" maxAlive="2"/></gamestage>					
		<gamestage stage="340"><spawn group="banditStageGS326" num="44" maxAlive="8" duration="3"/><spawn group="banditStageGS333" num="44" maxAlive="8" duration="3"/><spawn group="banditStageGS340" num="44" maxAlive="8" duration="3"/><spawn group="BanditsNight" num="9999999" maxAlive="2"/></gamestage>					
		<gamestage stage="347"><spawn group="banditStageGS333" num="45" maxAlive="8" duration="3"/><spawn group="banditStageGS340" num="45" maxAlive="8" duration="3" interval="18"/><spawn group="banditStageGS347" num="45" maxAlive="8" duration="3"/><spawn group="BanditsNight" num="9999999" maxAlive="2"/></gamestage>					
		<gamestage stage="355"><spawn group="banditStageGS340" num="45" maxAlive="8" duration="3"/><spawn group="banditStageGS347" num="45" maxAlive="8" duration="3" interval="2"/><spawn group="banditStageGS355" num="45" maxAlive="8" duration="3"/><spawn group="BanditsNight" num="9999999" maxAlive="2"/></gamestage>					
		<gamestage stage="362"><spawn group="banditStageGS347" num="46" maxAlive="8" duration="3"/><spawn group="banditStageGS355" num="46" maxAlive="8" duration="3"/><spawn group="banditStageGS362" num="46" maxAlive="8" duration="3"/><spawn group="BanditsNight" num="9999999" maxAlive="2"/></gamestage>					
		<gamestage stage="369"><spawn group="banditStageGS355" num="46" maxAlive="8" duration="3"/><spawn group="banditStageGS362" num="46" maxAlive="8" duration="3"/><spawn group="banditStageGS369" num="46" maxAlive="8" duration="3"/><spawn group="BanditsNight" num="9999999" maxAlive="2"/></gamestage>					
		<gamestage stage="376"><spawn group="banditStageGS362" num="47" maxAlive="8" duration="3"/><spawn group="banditStageGS369" num="47" maxAlive="8" duration="3"/><spawn group="banditStageGS376" num="47" maxAlive="8" duration="3"/><spawn group="BanditsNight" num="9999999" maxAlive="2"/></gamestage>					
		<gamestage stage="383"><spawn group="banditStageGS369" num="48" maxAlive="8" duration="3"/><spawn group="banditStageGS376" num="48" maxAlive="8" duration="3"/><spawn group="banditStageGS383" num="48" maxAlive="8" duration="3"/><spawn group="BanditsNight" num="9999999" maxAlive="2"/></gamestage>					
		<gamestage stage="391"><spawn group="banditStageGS376" num="48" maxAlive="8" duration="3" interval="12"/><spawn group="banditStageGS383" num="48" maxAlive="8" duration="3"/><spawn group="banditStageGS391" num="48" maxAlive="8" duration="3"/><spawn group="BanditsNight" num="9999999" maxAlive="2"/></gamestage>					
		<gamestage stage="398"><spawn group="banditStageGS383" num="49" maxAlive="8" duration="3"/><spawn group="banditStageGS391" num="49" maxAlive="8" duration="3"/><spawn group="banditStageGS398" num="49" maxAlive="8" duration="3"/><spawn group="BanditsNight" num="9999999" maxAlive="2"/></gamestage>					
		<gamestage stage="405"><spawn group="banditStageGS391" num="50" maxAlive="8" duration="3" interval="21"/><spawn group="banditStageGS398" num="50" maxAlive="8" duration="3"/><spawn group="banditStageGS405" num="50" maxAlive="8" duration="3"/><spawn group="BanditsNight" num="9999999" maxAlive="2"/></gamestage>					
		<gamestage stage="413"><spawn group="banditStageGS398" num="50" maxAlive="8" duration="3"/><spawn group="banditStageGS405" num="50" maxAlive="8" duration="3"/><spawn group="banditStageGS413" num="50" maxAlive="8" duration="3"/><spawn group="BanditsNight" num="9999999" maxAlive="2"/></gamestage>					
		<gamestage stage="420"><spawn group="banditStageGS405" num="51" maxAlive="8" duration="3"/><spawn group="banditStageGS413" num="51" maxAlive="8" duration="3"/><spawn group="banditStageGS420" num="51" maxAlive="8" duration="3"/><spawn group="BanditsNight" num="9999999" maxAlive="2"/></gamestage>					
		<gamestage stage="428"><spawn group="banditStageGS413" num="51" maxAlive="8" duration="3"/><spawn group="banditStageGS420" num="51" maxAlive="8" duration="3"/><spawn group="banditStageGS428" num="51" maxAlive="8" duration="3"/><spawn group="BanditsNight" num="9999999" maxAlive="2"/></gamestage>					
		<gamestage stage="435"><spawn group="banditStageGS420" num="52" maxAlive="8" duration="3" interval="7"/><spawn group="banditStageGS428" num="52" maxAlive="8" duration="3" interval="29"/><spawn group="banditStageGS435" num="52" maxAlive="8" duration="3"/><spawn group="BanditsNight" num="9999999" maxAlive="2"/></gamestage>					
		<gamestage stage="443"><spawn group="banditStageGS428" num="53" maxAlive="8" duration="3"/><spawn group="banditStageGS435" num="53" maxAlive="8" duration="3"/><spawn group="banditStageGS443" num="53" maxAlive="8" duration="3"/><spawn group="BanditsNight" num="9999999" maxAlive="2"/></gamestage>					
		<gamestage stage="451"><spawn group="banditStageGS435" num="53" maxAlive="8" duration="3" interval="5"/><spawn group="banditStageGS443" num="53" maxAlive="8" duration="3"/><spawn group="banditStageGS451" num="53" maxAlive="8" duration="3"/><spawn group="BanditsNight" num="9999999" maxAlive="2"/></gamestage>					
		<gamestage stage="458"><spawn group="banditStageGS443" num="54" maxAlive="8" duration="3" interval="25"/><spawn group="banditStageGS451" num="54" maxAlive="8" duration="3"/><spawn group="banditStageGS458" num="54" maxAlive="8" duration="3"/><spawn group="BanditsNight" num="9999999" maxAlive="2"/></gamestage>					
		<gamestage stage="466"><spawn group="banditStageGS451" num="55" maxAlive="8" duration="3"/><spawn group="banditStageGS458" num="55" maxAlive="8" duration="3" interval="18"/><spawn group="banditStageGS466" num="55" maxAlive="8" duration="3"/><spawn group="BanditsNight" num="9999999" maxAlive="2"/></gamestage>					
		<gamestage stage="474"><spawn group="banditStageGS458" num="55" maxAlive="8" duration="3"/><spawn group="banditStageGS466" num="55" maxAlive="8" duration="3" interval="18"/><spawn group="banditStageGS474" num="55" maxAlive="8" duration="3"/><spawn group="BanditsNight" num="9999999" maxAlive="2"/></gamestage>					
		<gamestage stage="481"><spawn group="banditStageGS466" num="56" maxAlive="8" duration="3"/><spawn group="banditStageGS474" num="56" maxAlive="8" duration="3"/><spawn group="banditStageGS481" num="56" maxAlive="8" duration="3"/><spawn group="BanditsNight" num="9999999" maxAlive="2"/></gamestage>					
		<gamestage stage="489"><spawn group="banditStageGS474" num="57" maxAlive="8" duration="3"/><spawn group="banditStageGS481" num="57" maxAlive="8" duration="3"/><spawn group="banditStageGS489" num="57" maxAlive="8" duration="3"/><spawn group="BanditsNight" num="9999999" maxAlive="2"/></gamestage>					
		<gamestage stage="497"><spawn group="banditStageGS481" num="57" maxAlive="8" duration="3"/><spawn group="banditStageGS489" num="57" maxAlive="8" duration="3"/><spawn group="banditStageGS497" num="57" maxAlive="8" duration="3"/><spawn group="BanditsNight" num="9999999" maxAlive="2"/></gamestage>					
		<gamestage stage="505"><spawn group="banditStageGS489" num="58" maxAlive="8" duration="3"/><spawn group="banditStageGS497" num="58" maxAlive="8" duration="3"/><spawn group="banditStageGS505" num="58" maxAlive="8" duration="3"/><spawn group="BanditsNight" num="9999999" maxAlive="2"/></gamestage>					
		<gamestage stage="513"><spawn group="banditStageGS497" num="59" maxAlive="8" duration="3" interval="20"/><spawn group="banditStageGS505" num="59" maxAlive="8" duration="3"/><spawn group="banditStageGS513" num="59" maxAlive="8" duration="3"/><spawn group="BanditsNight" num="9999999" maxAlive="2"/></gamestage>					
		<gamestage stage="521"><spawn group="banditStageGS505" num="59" maxAlive="8" duration="3"/><spawn group="banditStageGS513" num="59" maxAlive="8" duration="3"/><spawn group="banditStageGS521" num="59" maxAlive="8" duration="3"/><spawn group="BanditsNight" num="9999999" maxAlive="2"/></gamestage>					
		<gamestage stage="529"><spawn group="banditStageGS513" num="60" maxAlive="8" duration="3" interval="27"/><spawn group="banditStageGS521" num="60" maxAlive="8" duration="3" interval="4"/><spawn group="banditStageGS529" num="60" maxAlive="8" duration="3"/><spawn group="BanditsNight" num="9999999" maxAlive="2"/></gamestage>					
		<gamestage stage="537"><spawn group="banditStageGS521" num="61" maxAlive="8" duration="3"/><spawn group="banditStageGS529" num="61" maxAlive="8" duration="3"/><spawn group="banditStageGS537" num="61" maxAlive="8" duration="3"/><spawn group="BanditsNight" num="9999999" maxAlive="2"/></gamestage>					
		<gamestage stage="545"><spawn group="banditStageGS529" num="61" maxAlive="8" duration="3"/><spawn group="banditStageGS537" num="61" maxAlive="8" duration="3"/><spawn group="banditStageGS545" num="61" maxAlive="8" duration="3"/><spawn group="BanditsNight" num="9999999" maxAlive="2"/></gamestage>					
		<gamestage stage="553"><spawn group="banditStageGS537" num="62" maxAlive="8" duration="3"/><spawn group="banditStageGS545" num="62" maxAlive="8" duration="3"/><spawn group="banditStageGS553" num="62" maxAlive="8" duration="3"/><spawn group="BanditsNight" num="9999999" maxAlive="2"/></gamestage>					
		<gamestage stage="561"><spawn group="banditStageGS545" num="63" maxAlive="8" duration="3"/><spawn group="banditStageGS553" num="63" maxAlive="8" duration="3"/><spawn group="banditStageGS561" num="63" maxAlive="8" duration="3"/><spawn group="BanditsNight" num="9999999" maxAlive="2"/></gamestage>					
		<gamestage stage="569"><spawn group="banditStageGS553" num="63" maxAlive="8" duration="3"/><spawn group="banditStageGS561" num="63" maxAlive="8" duration="3"/><spawn group="banditStageGS569" num="63" maxAlive="8" duration="3"/><spawn group="BanditsNight" num="9999999" maxAlive="2"/></gamestage>					
		<gamestage stage="577"><spawn group="banditStageGS561" num="64" maxAlive="8" duration="3"/><spawn group="banditStageGS569" num="64" maxAlive="8" duration="3"/><spawn group="banditStageGS577" num="64" maxAlive="8" duration="3"/><spawn group="BanditsNight" num="9999999" maxAlive="2"/></gamestage>					
		<gamestage stage="585"><spawn group="banditStageGS569" num="65" maxAlive="8" duration="3"/><spawn group="banditStageGS577" num="65" maxAlive="8" duration="3"/><spawn group="banditStageGS585" num="65" maxAlive="8" duration="3"/><spawn group="BanditsNight" num="9999999" maxAlive="2"/></gamestage>					
		<gamestage stage="594"><spawn group="banditStageGS577" num="65" maxAlive="8" duration="3"/><spawn group="banditStageGS585" num="65" maxAlive="8" duration="3"/><spawn group="banditStageGS594" num="65" maxAlive="8" duration="3"/><spawn group="BanditsNight" num="9999999" maxAlive="2"/></gamestage>					
		<gamestage stage="602"><spawn group="banditStageGS585" num="66" maxAlive="8" duration="3" interval="29"/><spawn group="banditStageGS594" num="66" maxAlive="8" duration="3"/><spawn group="banditStageGS602" num="66" maxAlive="8" duration="3"/><spawn group="BanditsNight" num="9999999" maxAlive="2"/></gamestage>					
		<gamestage stage="610"><spawn group="banditStageGS594" num="67" maxAlive="8" duration="3"/><spawn group="banditStageGS602" num="67" maxAlive="8" duration="3"/><spawn group="banditStageGS610" num="67" maxAlive="8" duration="3"/><spawn group="BanditsNight" num="9999999" maxAlive="2"/></gamestage>					
		<gamestage stage="618"><spawn group="banditStageGS602" num="67" maxAlive="8" duration="3" interval="8"/><spawn group="banditStageGS610" num="67" maxAlive="8" duration="3"/><spawn group="banditStageGS618" num="67" maxAlive="8" duration="3"/><spawn group="BanditsNight" num="9999999" maxAlive="2"/></gamestage>					
		<gamestage stage="627"><spawn group="banditStageGS610" num="68" maxAlive="8" duration="3"/><spawn group="banditStageGS618" num="68" maxAlive="8" duration="3"/><spawn group="banditStageGS627" num="68" maxAlive="8" duration="3"/><spawn group="BanditsNight" num="9999999" maxAlive="2"/></gamestage>					
		<gamestage stage="635"><spawn group="banditStageGS618" num="69" maxAlive="8" duration="3"/><spawn group="banditStageGS627" num="69" maxAlive="8" duration="3"/><spawn group="banditStageGS635" num="69" maxAlive="8" duration="3"/><spawn group="BanditsNight" num="9999999" maxAlive="2"/></gamestage>					
		<gamestage stage="644"><spawn group="banditStageGS627" num="70" maxAlive="8" duration="3"/><spawn group="banditStageGS635" num="70" maxAlive="8" duration="3"/><spawn group="banditStageGS644" num="70" maxAlive="8" duration="3"/><spawn group="BanditsNight" num="9999999" maxAlive="2"/></gamestage>					
		<gamestage stage="652"><spawn group="banditStageGS635" num="70" maxAlive="8" duration="3"/><spawn group="banditStageGS644" num="70" maxAlive="8" duration="3" interval="30"/><spawn group="banditStageGS652" num="70" maxAlive="8" duration="3"/><spawn group="BanditsNight" num="9999999" maxAlive="2"/></gamestage>					
		<gamestage stage="660"><spawn group="banditStageGS644" num="71" maxAlive="8" duration="3"/><spawn group="banditStageGS652" num="71" maxAlive="8" duration="3" interval="33"/><spawn group="banditStageGS660" num="71" maxAlive="8" duration="3"/><spawn group="BanditsNight" num="9999999" maxAlive="2"/></gamestage>					
		<gamestage stage="669"><spawn group="banditStageGS652" num="72" maxAlive="8" duration="3"/><spawn group="banditStageGS660" num="72" maxAlive="8" duration="3"/><spawn group="banditStageGS669" num="72" maxAlive="8" duration="3"/><spawn group="BanditsNight" num="9999999" maxAlive="2"/></gamestage>					
		<gamestage stage="677"><spawn group="banditStageGS660" num="72" maxAlive="8" duration="3"/><spawn group="banditStageGS669" num="72" maxAlive="8" duration="3"/><spawn group="banditStageGS677" num="72" maxAlive="8" duration="3"/><spawn group="BanditsNight" num="9999999" maxAlive="2"/></gamestage>					
		<gamestage stage="686"><spawn group="banditStageGS669" num="73" maxAlive="8" duration="3" interval="35"/><spawn group="banditStageGS677" num="73" maxAlive="8" duration="3"/><spawn group="banditStageGS686" num="73" maxAlive="8" duration="3"/><spawn group="BanditsNight" num="9999999" maxAlive="2"/></gamestage>					
		<gamestage stage="695"><spawn group="banditStageGS677" num="74" maxAlive="8" duration="3"/><spawn group="banditStageGS686" num="74" maxAlive="8" duration="3"/><spawn group="banditStageGS695" num="74" maxAlive="8" duration="3"/><spawn group="BanditsNight" num="9999999" maxAlive="2"/></gamestage>					
		<gamestage stage="703"><spawn group="banditStageGS686" num="75" maxAlive="8" duration="3"/><spawn group="banditStageGS695" num="75" maxAlive="8" duration="3"/><spawn group="banditStageGS703" num="75" maxAlive="8" duration="3"/><spawn group="BanditsNight" num="9999999" maxAlive="2"/></gamestage>					
		<gamestage stage="712"><spawn group="banditStageGS695" num="75" maxAlive="8" duration="3" interval="9"/><spawn group="banditStageGS703" num="75" maxAlive="8" duration="3"/><spawn group="banditStageGS712" num="75" maxAlive="8" duration="3"/><spawn group="BanditsNight" num="9999999" maxAlive="2"/></gamestage>					
		<gamestage stage="721"><spawn group="banditStageGS703" num="76" maxAlive="8" duration="3" interval="29"/><spawn group="banditStageGS712" num="76" maxAlive="8" duration="3"/><spawn group="banditStageGS721" num="76" maxAlive="8" duration="3"/><spawn group="BanditsNight" num="9999999" maxAlive="2"/></gamestage>					
		<gamestage stage="729"><spawn group="banditStageGS712" num="77" maxAlive="8" duration="3"/><spawn group="banditStageGS721" num="77" maxAlive="8" duration="3"/><spawn group="banditStageGS729" num="77" maxAlive="8" duration="3"/><spawn group="BanditsNight" num="9999999" maxAlive="2"/></gamestage>					
		<gamestage stage="738"><spawn group="banditStageGS721" num="77" maxAlive="8" duration="3" interval="5"/><spawn group="banditStageGS729" num="77" maxAlive="8" duration="3"/><spawn group="banditStageGS738" num="77" maxAlive="8" duration="3"/><spawn group="BanditsNight" num="9999999" maxAlive="2"/></gamestage>					
		<gamestage stage="747"><spawn group="banditStageGS729" num="78" maxAlive="8" duration="3"/><spawn group="banditStageGS738" num="78" maxAlive="8" duration="3"/><spawn group="banditStageGS747" num="78" maxAlive="8" duration="3"/><spawn group="BanditsNight" num="9999999" maxAlive="2"/></gamestage>					
		<gamestage stage="756"><spawn group="banditStageGS738" num="79" maxAlive="8" duration="3"/><spawn group="banditStageGS747" num="79" maxAlive="8" duration="3"/><spawn group="banditStageGS756" num="79" maxAlive="8" duration="3"/><spawn group="BanditsNight" num="9999999" maxAlive="2"/></gamestage>					
		<gamestage stage="764"><spawn group="banditStageGS747" num="80" maxAlive="8" duration="3" interval="7"/><spawn group="banditStageGS756" num="80" maxAlive="8" duration="3"/><spawn group="banditStageGS764" num="80" maxAlive="8" duration="3"/><spawn group="BanditsNight" num="9999999" maxAlive="2"/></gamestage>					
		<gamestage stage="773"><spawn group="banditStageGS756" num="80" maxAlive="8" duration="3"/><spawn group="banditStageGS764" num="80" maxAlive="8" duration="3"/><spawn group="banditStageGS773" num="80" maxAlive="8" duration="3"/><spawn group="BanditsNight" num="9999999" maxAlive="2"/></gamestage>					
		<gamestage stage="782"><spawn group="banditStageGS764" num="81" maxAlive="8" duration="3"/><spawn group="banditStageGS773" num="81" maxAlive="8" duration="3"/><spawn group="banditStageGS782" num="81" maxAlive="8" duration="3"/><spawn group="BanditsNight" num="9999999" maxAlive="2"/></gamestage>					
		<gamestage stage="791"><spawn group="banditStageGS773" num="82" maxAlive="8" duration="3"/><spawn group="banditStageGS782" num="82" maxAlive="8" duration="3" interval="15"/><spawn group="banditStageGS791" num="82" maxAlive="8" duration="3"/><spawn group="BanditsNight" num="9999999" maxAlive="2"/></gamestage>					
		<gamestage stage="800"><spawn group="banditStageGS782" num="83" maxAlive="8" duration="3"/><spawn group="banditStageGS791" num="83" maxAlive="8" duration="3"/><spawn group="banditStageGS800" num="83" maxAlive="8" duration="3"/><spawn group="BanditsNight" num="9999999" maxAlive="2"/></gamestage>					
		<gamestage stage="809"><spawn group="banditStageGS791" num="83" maxAlive="8" duration="3" interval="36"/><spawn group="banditStageGS800" num="83" maxAlive="8" duration="3"/><spawn group="banditStageGS809" num="83" maxAlive="8" duration="3"/><spawn group="BanditsNight" num="9999999" maxAlive="2"/></gamestage>					
		<gamestage stage="818"><spawn group="banditStageGS800" num="84" maxAlive="8" duration="3" interval="24"/><spawn group="banditStageGS809" num="84" maxAlive="8" duration="3"/><spawn group="banditStageGS818" num="84" maxAlive="8" duration="3"/><spawn group="BanditsNight" num="9999999" maxAlive="2"/></gamestage>					
		<gamestage stage="827"><spawn group="banditStageGS809" num="85" maxAlive="8" duration="3"/><spawn group="banditStageGS818" num="85" maxAlive="8" duration="3" interval="22"/><spawn group="banditStageGS827" num="85" maxAlive="8" duration="3"/><spawn group="BanditsNight" num="9999999" maxAlive="2"/></gamestage>					
		<gamestage stage="836"><spawn group="banditStageGS818" num="86" maxAlive="8" duration="3"/><spawn group="banditStageGS827" num="86" maxAlive="8" duration="3"/><spawn group="banditStageGS836" num="86" maxAlive="8" duration="3"/><spawn group="BanditsNight" num="9999999" maxAlive="2"/></gamestage>					
		<gamestage stage="845"><spawn group="banditStageGS827" num="86" maxAlive="8" duration="3"/><spawn group="banditStageGS836" num="86" maxAlive="8" duration="3"/><spawn group="banditStageGS845" num="86" maxAlive="8" duration="3"/><spawn group="BanditsNight" num="9999999" maxAlive="2"/></gamestage>					
		<gamestage stage="854"><spawn group="banditStageGS836" num="87" maxAlive="8" duration="3"/><spawn group="banditStageGS845" num="87" maxAlive="8" duration="3"/><spawn group="banditStageGS854" num="87" maxAlive="8" duration="3"/><spawn group="BanditsNight" num="9999999" maxAlive="2"/></gamestage>					
		<gamestage stage="863"><spawn group="banditStageGS845" num="88" maxAlive="8" duration="3"/><spawn group="banditStageGS854" num="88" maxAlive="8" duration="3" interval="37"/><spawn group="banditStageGS863" num="88" maxAlive="8" duration="3"/><spawn group="BanditsNight" num="9999999" maxAlive="2"/></gamestage>					
		<gamestage stage="873"><spawn group="banditStageGS854" num="89" maxAlive="8" duration="3"/><spawn group="banditStageGS863" num="89" maxAlive="8" duration="3"/><spawn group="banditStageGS873" num="89" maxAlive="8" duration="3"/><spawn group="BanditsNight" num="9999999" maxAlive="2"/></gamestage>					
		<gamestage stage="882"><spawn group="banditStageGS863" num="90" maxAlive="8" duration="3" interval="13"/><spawn group="banditStageGS873" num="90" maxAlive="8" duration="3"/><spawn group="banditStageGS882" num="90" maxAlive="8" duration="3"/><spawn group="BanditsNight" num="9999999" maxAlive="2"/></gamestage>					
		<gamestage stage="891"><spawn group="banditStageGS873" num="90" maxAlive="8" duration="3"/><spawn group="banditStageGS882" num="90" maxAlive="8" duration="3"/><spawn group="banditStageGS891" num="90" maxAlive="8" duration="3"/><spawn group="BanditsNight" num="9999999" maxAlive="2"/></gamestage>					
		<gamestage stage="900"><spawn group="banditStageGS882" num="91" maxAlive="8" duration="3"/><spawn group="banditStageGS891" num="91" maxAlive="8" duration="3"/><spawn group="banditStageGS900" num="91" maxAlive="8" duration="3"/><spawn group="BanditsNight" num="9999999" maxAlive="2"/></gamestage>					
		<gamestage stage="909"><spawn group="banditStageGS891" num="92" maxAlive="8" duration="3" interval="7"/><spawn group="banditStageGS900" num="92" maxAlive="8" duration="3" interval="10"/><spawn group="banditStageGS909" num="92" maxAlive="8" duration="3"/><spawn group="BanditsNight" num="9999999" maxAlive="2"/></gamestage>					
		<gamestage stage="919"><spawn group="banditStageGS900" num="93" maxAlive="8" duration="3"/><spawn group="banditStageGS909" num="93" maxAlive="8" duration="3"/><spawn group="banditStageGS919" num="93" maxAlive="8" duration="3"/><spawn group="BanditsNight" num="9999999" maxAlive="2"/></gamestage>					
		<gamestage stage="928"><spawn group="banditStageGS909" num="93" maxAlive="8" duration="3"/><spawn group="banditStageGS919" num="93" maxAlive="8" duration="3"/><spawn group="banditStageGS928" num="93" maxAlive="8" duration="3"/><spawn group="BanditsNight" num="9999999" maxAlive="2"/></gamestage>					
		<gamestage stage="937"><spawn group="banditStageGS919" num="94" maxAlive="8" duration="3"/><spawn group="banditStageGS928" num="94" maxAlive="8" duration="3"/><spawn group="banditStageGS937" num="94" maxAlive="8" duration="3"/><spawn group="BanditsNight" num="9999999" maxAlive="2"/></gamestage>					
		<gamestage stage="947"><spawn group="banditStageGS928" num="95" maxAlive="8" duration="3"/><spawn group="banditStageGS937" num="95" maxAlive="8" duration="3" interval="11"/><spawn group="banditStageGS947" num="95" maxAlive="8" duration="3"/><spawn group="BanditsNight" num="9999999" maxAlive="2"/></gamestage>					
		<gamestage stage="956"><spawn group="banditStageGS937" num="96" maxAlive="8" duration="3"/><spawn group="banditStageGS947" num="96" maxAlive="8" duration="3"/><spawn group="banditStageGS956" num="96" maxAlive="8" duration="3"/><spawn group="BanditsNight" num="9999999" maxAlive="2"/></gamestage>					
		<gamestage stage="966"><spawn group="banditStageGS947" num="97" maxAlive="8" duration="3"/><spawn group="banditStageGS956" num="97" maxAlive="8" duration="3"/><spawn group="banditStageGS966" num="97" maxAlive="8" duration="3"/><spawn group="BanditsNight" num="9999999" maxAlive="2"/></gamestage>					
		<gamestage stage="975"><spawn group="banditStageGS956" num="97" maxAlive="8" duration="3"/><spawn group="banditStageGS966" num="97" maxAlive="8" duration="3"/><spawn group="banditStageGS975" num="97" maxAlive="8" duration="3"/><spawn group="BanditsNight" num="9999999" maxAlive="2"/></gamestage>					
		<gamestage stage="984"><spawn group="banditStageGS966" num="98" maxAlive="8" duration="3" interval="24"/><spawn group="banditStageGS975" num="98" maxAlive="8" duration="3"/><spawn group="banditStageGS984" num="98" maxAlive="8" duration="3"/><spawn group="BanditsNight" num="9999999" maxAlive="2"/></gamestage>					
		<gamestage stage="994"><spawn group="banditStageGS975" num="99" maxAlive="8" duration="3"/><spawn group="banditStageGS984" num="99" maxAlive="8" duration="3"/><spawn group="banditStageGS994" num="99" maxAlive="8" duration="3"/><spawn group="BanditsNight" num="9999999" maxAlive="2"/></gamestage>					
		<gamestage stage="1004"><spawn group="banditStageGS984" num="100" maxAlive="8" duration="3" interval="13"/><spawn group="banditStageGS994" num="100" maxAlive="8" duration="3"/><spawn group="banditStageGS1004" num="100" maxAlive="8" duration="3"/><spawn group="BanditsNight" num="9999999" maxAlive="2"/></gamestage>					
		<gamestage stage="1013"><spawn group="banditStageGS994" num="101" maxAlive="8" duration="3"/><spawn group="banditStageGS1004" num="101" maxAlive="8" duration="3"/><spawn group="banditStageGS1013" num="101" maxAlive="8" duration="3"/><spawn group="BanditsNight" num="9999999" maxAlive="2"/></gamestage>					
		<gamestage stage="1023"><spawn group="banditStageGS1004" num="101" maxAlive="8" duration="3"/><spawn group="banditStageGS1013" num="101" maxAlive="8" duration="3" interval="17"/><spawn group="banditStageGS1023" num="101" maxAlive="8" duration="3"/><spawn group="BanditsNight" num="9999999" maxAlive="2"/></gamestage>					
		<gamestage stage="1032"><spawn group="banditStageGS1013" num="102" maxAlive="8" duration="3"/><spawn group="banditStageGS1023" num="102" maxAlive="8" duration="3"/><spawn group="banditStageGS1032" num="102" maxAlive="8" duration="3"/><spawn group="BanditsNight" num="9999999" maxAlive="2"/></gamestage>					
		<gamestage stage="1042"><spawn group="banditStageGS1023" num="103" maxAlive="8" duration="3" interval="26"/><spawn group="banditStageGS1032" num="103" maxAlive="8" duration="3"/><spawn group="banditStageGS1042" num="103" maxAlive="8" duration="3"/><spawn group="BanditsNight" num="9999999" maxAlive="2"/></gamestage>					
		<gamestage stage="1052"><spawn group="banditStageGS1032" num="104" maxAlive="8" duration="3"/><spawn group="banditStageGS1042" num="104" maxAlive="8" duration="3" interval="25"/><spawn group="banditStageGS1052" num="104" maxAlive="8" duration="3"/><spawn group="BanditsNight" num="9999999" maxAlive="2"/></gamestage>					
		<gamestage stage="1061"><spawn group="banditStageGS1042" num="105" maxAlive="8" duration="3" interval="8"/><spawn group="banditStageGS1052" num="105" maxAlive="8" duration="3"/><spawn group="banditStageGS1061" num="105" maxAlive="8" duration="3"/><spawn group="BanditsNight" num="9999999" maxAlive="2"/></gamestage>					
		<gamestage stage="1071"><spawn group="banditStageGS1052" num="105" maxAlive="8" duration="3"/><spawn group="banditStageGS1061" num="105" maxAlive="8" duration="3"/><spawn group="banditStageGS1071" num="105" maxAlive="8" duration="3"/><spawn group="BanditsNight" num="9999999" maxAlive="2"/></gamestage>					
		<gamestage stage="1081"><spawn group="banditStageGS1061" num="106" maxAlive="8" duration="3" interval="7"/><spawn group="banditStageGS1071" num="106" maxAlive="8" duration="3"/><spawn group="banditStageGS1081" num="106" maxAlive="8" duration="3"/><spawn group="BanditsNight" num="9999999" maxAlive="2"/></gamestage>					
		<gamestage stage="1090"><spawn group="banditStageGS1071" num="107" maxAlive="8" duration="3"/><spawn group="banditStageGS1081" num="107" maxAlive="8" duration="3"/><spawn group="banditStageGS1090" num="107" maxAlive="8" duration="3"/><spawn group="BanditsNight" num="9999999" maxAlive="2"/></gamestage>					
		<gamestage stage="1100"><spawn group="banditStageGS1081" num="108" maxAlive="8" duration="3"/><spawn group="banditStageGS1090" num="108" maxAlive="8" duration="3"/><spawn group="banditStageGS1100" num="108" maxAlive="8" duration="3"/><spawn group="BanditsNight" num="9999999" maxAlive="2"/></gamestage>					
		<gamestage stage="1110"><spawn group="banditStageGS1090" num="109" maxAlive="8" duration="3"/><spawn group="banditStageGS1100" num="109" maxAlive="8" duration="3"/><spawn group="banditStageGS1110" num="109" maxAlive="8" duration="3"/><spawn group="BanditsNight" num="9999999" maxAlive="2"/></gamestage>					
		<gamestage stage="1120"><spawn group="banditStageGS1100" num="110" maxAlive="8" duration="3"/><spawn group="banditStageGS1110" num="110" maxAlive="8" duration="3"/><spawn group="banditStageGS1120" num="110" maxAlive="8" duration="3"/><spawn group="BanditsNight" num="9999999" maxAlive="2"/></gamestage>					
		<gamestage stage="1130"><spawn group="banditStageGS1110" num="110" maxAlive="8" duration="3" interval="24"/><spawn group="banditStageGS1120" num="110" maxAlive="8" duration="3"/><spawn group="banditStageGS1130" num="110" maxAlive="8" duration="3"/><spawn group="BanditsNight" num="9999999" maxAlive="2"/></gamestage>					
		<gamestage stage="1139"><spawn group="banditStageGS1120" num="111" maxAlive="8" duration="3" interval="31"/><spawn group="banditStageGS1130" num="111" maxAlive="8" duration="3"/><spawn group="banditStageGS1139" num="111" maxAlive="8" duration="3"/><spawn group="BanditsNight" num="9999999" maxAlive="2"/></gamestage>					
		<gamestage stage="1149"><spawn group="banditStageGS1130" num="112" maxAlive="8" duration="3"/><spawn group="banditStageGS1139" num="112" maxAlive="8" duration="3"/><spawn group="banditStageGS1149" num="112" maxAlive="8" duration="3"/><spawn group="BanditsNight" num="9999999" maxAlive="2"/></gamestage>					
		<gamestage stage="1159"><spawn group="banditStageGS1139" num="113" maxAlive="8" duration="3"/><spawn group="banditStageGS1149" num="113" maxAlive="8" duration="3"/><spawn group="banditStageGS1159" num="113" maxAlive="8" duration="3"/><spawn group="BanditsNight" num="9999999" maxAlive="2"/></gamestage>					
		<gamestage stage="1169"><spawn group="banditStageGS1149" num="114" maxAlive="8" duration="3"/><spawn group="banditStageGS1159" num="114" maxAlive="8" duration="3"/><spawn group="banditStageGS1169" num="114" maxAlive="8" duration="3"/><spawn group="BanditsNight" num="9999999" maxAlive="2"/></gamestage>					
		<gamestage stage="1179"><spawn group="banditStageGS1159" num="115" maxAlive="8" duration="3" interval="27"/><spawn group="banditStageGS1169" num="115" maxAlive="8" duration="3"/><spawn group="banditStageGS1179" num="115" maxAlive="8" duration="3"/><spawn group="BanditsNight" num="9999999" maxAlive="2"/></gamestage>					
		<gamestage stage="1189"><spawn group="banditStageGS1169" num="115" maxAlive="8" duration="3"/><spawn group="banditStageGS1179" num="115" maxAlive="8" duration="3"/><spawn group="banditStageGS1189" num="115" maxAlive="8" duration="3"/><spawn group="BanditsNight" num="9999999" maxAlive="2"/></gamestage>					
		<gamestage stage="1199"><spawn group="banditStageGS1179" num="116" maxAlive="8" duration="3"/><spawn group="banditStageGS1189" num="116" maxAlive="8" duration="3"/><spawn group="banditStageGS1199" num="116" maxAlive="8" duration="3"/><spawn group="BanditsNight" num="9999999" maxAlive="2"/></gamestage>					
		<gamestage stage="1209"><spawn group="banditStageGS1189" num="117" maxAlive="8" duration="3"/><spawn group="banditStageGS1199" num="117" maxAlive="8" duration="3"/><spawn group="banditStageGS1209" num="117" maxAlive="8" duration="3"/><spawn group="BanditsNight" num="9999999" maxAlive="2"/></gamestage>					
		<gamestage stage="1219"><spawn group="banditStageGS1199" num="118" maxAlive="8" duration="3"/><spawn group="banditStageGS1209" num="118" maxAlive="8" duration="3" interval="8"/><spawn group="banditStageGS1219" num="118" maxAlive="8" duration="3"/><spawn group="BanditsNight" num="9999999" maxAlive="2"/></gamestage>					
		<gamestage stage="1229"><spawn group="banditStageGS1209" num="119" maxAlive="8" duration="3"/><spawn group="banditStageGS1219" num="119" maxAlive="8" duration="3"/><spawn group="banditStageGS1229" num="119" maxAlive="8" duration="3"/><spawn group="BanditsNight" num="9999999" maxAlive="2"/></gamestage>					
		<gamestage stage="1239"><spawn group="banditStageGS1219" num="120" maxAlive="8" duration="3"/><spawn group="banditStageGS1229" num="120" maxAlive="8" duration="3"/><spawn group="banditStageGS1239" num="120" maxAlive="8" duration="3"/><spawn group="BanditsNight" num="9999999" maxAlive="2"/></gamestage>					
		<gamestage stage="1250"><spawn group="banditStageGS1229" num="121" maxAlive="8" duration="3"/><spawn group="banditStageGS1239" num="121" maxAlive="8" duration="3"/><spawn group="banditStageGS1250" num="121" maxAlive="8" duration="3"/><spawn group="BanditsNight" num="9999999" maxAlive="2"/></gamestage>					
		<gamestage stage="1260"><spawn group="banditStageGS1239" num="121" maxAlive="8" duration="3"/><spawn group="banditStageGS1250" num="121" maxAlive="8" duration="3" interval="7"/><spawn group="banditStageGS1260" num="121" maxAlive="8" duration="3"/><spawn group="BanditsNight" num="9999999" maxAlive="2"/></gamestage>					
		<gamestage stage="1270"><spawn group="banditStageGS1250" num="122" maxAlive="8" duration="3" interval="1"/><spawn group="banditStageGS1260" num="122" maxAlive="8" duration="3"/><spawn group="banditStageGS1270" num="122" maxAlive="8" duration="3"/><spawn group="BanditsNight" num="9999999" maxAlive="2"/></gamestage>					
		<gamestage stage="1280"><spawn group="banditStageGS1260" num="123" maxAlive="8" duration="3"/><spawn group="banditStageGS1270" num="123" maxAlive="8" duration="3"/><spawn group="banditStageGS1280" num="123" maxAlive="8" duration="3"/><spawn group="BanditsNight" num="9999999" maxAlive="2"/></gamestage>					
		<gamestage stage="1290"><spawn group="banditStageGS1270" num="124" maxAlive="8" duration="3"/><spawn group="banditStageGS1280" num="124" maxAlive="8" duration="3"/><spawn group="banditStageGS1290" num="124" maxAlive="8" duration="3"/><spawn group="BanditsNight" num="9999999" maxAlive="2"/></gamestage>					
		<gamestage stage="1301"><spawn group="banditStageGS1280" num="125" maxAlive="8" duration="3"/><spawn group="banditStageGS1290" num="125" maxAlive="8" duration="3"/><spawn group="banditStageGS1301" num="125" maxAlive="8" duration="3"/><spawn group="BanditsNight" num="9999999" maxAlive="2"/></gamestage>					
		<gamestage stage="1311"><spawn group="banditStageGS1290" num="126" maxAlive="8" duration="3" interval="19"/><spawn group="banditStageGS1301" num="126" maxAlive="8" duration="3"/><spawn group="banditStageGS1311" num="126" maxAlive="8" duration="3"/><spawn group="BanditsNight" num="9999999" maxAlive="2"/></gamestage>					
		<gamestage stage="1321"><spawn group="banditStageGS1301" num="126" maxAlive="8" duration="3" interval="22"/><spawn group="banditStageGS1311" num="126" maxAlive="8" duration="3"/><spawn group="banditStageGS1321" num="126" maxAlive="8" duration="3"/><spawn group="BanditsNight" num="9999999" maxAlive="2"/></gamestage>					
		<gamestage stage="1331"><spawn group="banditStageGS1311" num="127" maxAlive="8" duration="3"/><spawn group="banditStageGS1321" num="127" maxAlive="8" duration="3"/><spawn group="banditStageGS1331" num="127" maxAlive="8" duration="3"/><spawn group="BanditsNight" num="9999999" maxAlive="2"/></gamestage>					
		<gamestage stage="1342"><spawn group="banditStageGS1321" num="128" maxAlive="8" duration="3" interval="37"/><spawn group="banditStageGS1331" num="128" maxAlive="8" duration="3"/><spawn group="banditStageGS1342" num="128" maxAlive="8" duration="3"/><spawn group="BanditsNight" num="9999999" maxAlive="2"/></gamestage>					
		<gamestage stage="1352"><spawn group="banditStageGS1331" num="129" maxAlive="8" duration="3"/><spawn group="banditStageGS1342" num="129" maxAlive="8" duration="3"/><spawn group="banditStageGS1352" num="129" maxAlive="8" duration="3"/><spawn group="BanditsNight" num="9999999" maxAlive="2"/></gamestage>					
		<gamestage stage="1362"><spawn group="banditStageGS1342" num="130" maxAlive="8" duration="3"/><spawn group="banditStageGS1352" num="130" maxAlive="8" duration="3" interval="1"/><spawn group="banditStageGS1362" num="130" maxAlive="8" duration="3"/><spawn group="BanditsNight" num="9999999" maxAlive="2"/></gamestage>					
		<gamestage stage="1373"><spawn group="banditStageGS1352" num="131" maxAlive="8" duration="3"/><spawn group="banditStageGS1362" num="131" maxAlive="8" duration="3"/><spawn group="banditStageGS1373" num="131" maxAlive="8" duration="3"/><spawn group="BanditsNight" num="9999999" maxAlive="2"/></gamestage>					
		<gamestage stage="1383"><spawn group="banditStageGS1362" num="132" maxAlive="8" duration="3"/><spawn group="banditStageGS1373" num="132" maxAlive="8" duration="3" interval="2"/><spawn group="banditStageGS1383" num="132" maxAlive="8" duration="3"/><spawn group="BanditsNight" num="9999999" maxAlive="2"/></gamestage>					
		<gamestage stage="1394"><spawn group="banditStageGS1373" num="133" maxAlive="8" duration="3"/><spawn group="banditStageGS1383" num="133" maxAlive="8" duration="3"/><spawn group="banditStageGS1394" num="133" maxAlive="8" duration="3"/><spawn group="BanditsNight" num="9999999" maxAlive="2"/></gamestage>					
		<gamestage stage="1404"><spawn group="banditStageGS1383" num="133" maxAlive="8" duration="3"/><spawn group="banditStageGS1394" num="133" maxAlive="8" duration="3"/><spawn group="banditStageGS1404" num="133" maxAlive="8" duration="3"/><spawn group="BanditsNight" num="9999999" maxAlive="2"/></gamestage>					
		<gamestage stage="1415"><spawn group="banditStageGS1394" num="134" maxAlive="8" duration="3"/><spawn group="banditStageGS1404" num="134" maxAlive="8" duration="3"/><spawn group="banditStageGS1415" num="134" maxAlive="8" duration="3"/><spawn group="BanditsNight" num="9999999" maxAlive="2"/></gamestage>					
		<gamestage stage="1425"><spawn group="banditStageGS1404" num="135" maxAlive="8" duration="3"/><spawn group="banditStageGS1415" num="135" maxAlive="8" duration="3"/><spawn group="banditStageGS1425" num="135" maxAlive="8" duration="3"/><spawn group="BanditsNight" num="9999999" maxAlive="2"/></gamestage>					
		<gamestage stage="1436"><spawn group="banditStageGS1415" num="136" maxAlive="8" duration="3"/><spawn group="banditStageGS1425" num="136" maxAlive="8" duration="3"/><spawn group="banditStageGS1436" num="136" maxAlive="8" duration="3"/><spawn group="BanditsNight" num="9999999" maxAlive="2"/></gamestage>					
		<gamestage stage="1446"><spawn group="banditStageGS1425" num="137" maxAlive="8" duration="3"/><spawn group="banditStageGS1436" num="137" maxAlive="8" duration="3"/><spawn group="banditStageGS1446" num="137" maxAlive="8" duration="3"/><spawn group="BanditsNight" num="9999999" maxAlive="2"/></gamestage>					
		<gamestage stage="1457"><spawn group="banditStageGS1436" num="138" maxAlive="8" duration="3"/><spawn group="banditStageGS1446" num="138" maxAlive="8" duration="3"/><spawn group="banditStageGS1457" num="138" maxAlive="8" duration="3"/><spawn group="BanditsNight" num="9999999" maxAlive="2"/></gamestage>					
		<gamestage stage="1467"><spawn group="banditStageGS1446" num="139" maxAlive="8" duration="3"/><spawn group="banditStageGS1457" num="139" maxAlive="8" duration="3" interval="37"/><spawn group="banditStageGS1467" num="139" maxAlive="8" duration="3"/><spawn group="BanditsNight" num="9999999" maxAlive="2"/></gamestage>					
		<gamestage stage="1478"><spawn group="banditStageGS1457" num="140" maxAlive="8" duration="3"/><spawn group="banditStageGS1467" num="140" maxAlive="8" duration="3"/><spawn group="banditStageGS1478" num="140" maxAlive="8" duration="3"/><spawn group="BanditsNight" num="9999999" maxAlive="2"/></gamestage>					
		<gamestage stage="1489"><spawn group="banditStageGS1467" num="141" maxAlive="8" duration="3"/><spawn group="banditStageGS1478" num="141" maxAlive="8" duration="3"/><spawn group="banditStageGS1489" num="141" maxAlive="8" duration="3"/><spawn group="BanditsNight" num="9999999" maxAlive="2"/></gamestage>					
		<gamestage stage="1499"><spawn group="banditStageGS1478" num="141" maxAlive="8" duration="3"/><spawn group="banditStageGS1489" num="141" maxAlive="8" duration="3"/><spawn group="banditStageGS1499" num="141" maxAlive="8" duration="3"/><spawn group="BanditsNight" num="9999999" maxAlive="2"/></gamestage>					
		<gamestage stage="1510"><spawn group="banditStageGS1489" num="142" maxAlive="8" duration="3"/><spawn group="banditStageGS1499" num="142" maxAlive="8" duration="3"/><spawn group="banditStageGS1510" num="142" maxAlive="8" duration="3"/><spawn group="BanditsNight" num="9999999" maxAlive="2"/></gamestage>					
		<gamestage stage="1521"><spawn group="banditStageGS1499" num="143" maxAlive="8" duration="3"/><spawn group="banditStageGS1510" num="143" maxAlive="8" duration="3" interval="6"/><spawn group="banditStageGS1521" num="143" maxAlive="8" duration="3"/><spawn group="BanditsNight" num="9999999" maxAlive="2"/></gamestage>					
		<gamestage stage="1531"><spawn group="banditStageGS1510" num="144" maxAlive="8" duration="3"/><spawn group="banditStageGS1521" num="144" maxAlive="8" duration="3"/><spawn group="banditStageGS1531" num="144" maxAlive="8" duration="3"/><spawn group="BanditsNight" num="9999999" maxAlive="2"/></gamestage>					
		<gamestage stage="1542"><spawn group="banditStageGS1521" num="145" maxAlive="8" duration="3" interval="35"/><spawn group="banditStageGS1531" num="145" maxAlive="8" duration="3"/><spawn group="banditStageGS1542" num="145" maxAlive="8" duration="3"/><spawn group="BanditsNight" num="9999999" maxAlive="2"/></gamestage>					
		<gamestage stage="1553"><spawn group="banditStageGS1531" num="146" maxAlive="8" duration="3"/><spawn group="banditStageGS1542" num="146" maxAlive="8" duration="3"/><spawn group="banditStageGS1553" num="146" maxAlive="8" duration="3"/><spawn group="BanditsNight" num="9999999" maxAlive="2"/></gamestage>					
		<gamestage stage="1564"><spawn group="banditStageGS1542" num="147" maxAlive="8" duration="3"/><spawn group="banditStageGS1553" num="147" maxAlive="8" duration="3"/><spawn group="banditStageGS1564" num="147" maxAlive="8" duration="3"/><spawn group="BanditsNight" num="9999999" maxAlive="2"/></gamestage>					
		<gamestage stage="1575"><spawn group="banditStageGS1553" num="148" maxAlive="8" duration="3"/><spawn group="banditStageGS1564" num="148" maxAlive="8" duration="3"/><spawn group="banditStageGS1575" num="148" maxAlive="8" duration="3"/><spawn group="BanditsNight" num="9999999" maxAlive="2"/></gamestage>					
		<gamestage stage="1585"><spawn group="banditStageGS1564" num="149" maxAlive="8" duration="3" interval="10"/><spawn group="banditStageGS1575" num="149" maxAlive="8" duration="3"/><spawn group="banditStageGS1585" num="149" maxAlive="8" duration="3"/><spawn group="BanditsNight" num="9999999" maxAlive="2"/></gamestage>					
		<gamestage stage="1596"><spawn group="banditStageGS1575" num="150" maxAlive="8" duration="3" interval="14"/><spawn group="banditStageGS1585" num="150" maxAlive="8" duration="3" interval="37"/><spawn group="banditStageGS1596" num="150" maxAlive="8" duration="3"/><spawn group="BanditsNight" num="9999999" maxAlive="2"/></gamestage>					
		<gamestage stage="1607"><spawn group="banditStageGS1585" num="150" maxAlive="8" duration="3"/><spawn group="banditStageGS1596" num="150" maxAlive="8" duration="3"/><spawn group="banditStageGS1607" num="150" maxAlive="8" duration="3"/><spawn group="BanditsNight" num="9999999" maxAlive="2"/></gamestage>					
		<gamestage stage="1618"><spawn group="banditStageGS1596" num="151" maxAlive="8" duration="3"/><spawn group="banditStageGS1607" num="151" maxAlive="8" duration="3"/><spawn group="banditStageGS1618" num="151" maxAlive="8" duration="3"/><spawn group="BanditsNight" num="9999999" maxAlive="2"/></gamestage>					
		<gamestage stage="1629"><spawn group="banditStageGS1607" num="152" maxAlive="8" duration="3"/><spawn group="banditStageGS1618" num="152" maxAlive="8" duration="3" interval="13"/><spawn group="banditStageGS1629" num="152" maxAlive="8" duration="3"/><spawn group="BanditsNight" num="9999999" maxAlive="2"/></gamestage>					
		<gamestage stage="1640"><spawn group="banditStageGS1618" num="153" maxAlive="8" duration="3"/><spawn group="banditStageGS1629" num="153" maxAlive="8" duration="3"/><spawn group="banditStageGS1640" num="153" maxAlive="8" duration="3"/><spawn group="BanditsNight" num="9999999" maxAlive="2"/></gamestage>					
		<gamestage stage="1651"><spawn group="banditStageGS1629" num="154" maxAlive="8" duration="3"/><spawn group="banditStageGS1640" num="154" maxAlive="8" duration="3" interval="38"/><spawn group="banditStageGS1651" num="154" maxAlive="8" duration="3"/><spawn group="BanditsNight" num="9999999" maxAlive="2"/></gamestage>					
		<gamestage stage="1662"><spawn group="banditStageGS1640" num="155" maxAlive="8" duration="3"/><spawn group="banditStageGS1651" num="155" maxAlive="8" duration="3"/><spawn group="banditStageGS1662" num="155" maxAlive="8" duration="3"/><spawn group="BanditsNight" num="9999999" maxAlive="2"/></gamestage>					
		<gamestage stage="1673"><spawn group="banditStageGS1651" num="156" maxAlive="8" duration="3" interval="33"/><spawn group="banditStageGS1662" num="156" maxAlive="8" duration="3"/><spawn group="banditStageGS1673" num="156" maxAlive="8" duration="3"/><spawn group="BanditsNight" num="9999999" maxAlive="2"/></gamestage>					
		<gamestage stage="1684"><spawn group="banditStageGS1662" num="157" maxAlive="8" duration="3"/><spawn group="banditStageGS1673" num="157" maxAlive="8" duration="3"/><spawn group="banditStageGS1684" num="157" maxAlive="8" duration="3"/><spawn group="BanditsNight" num="9999999" maxAlive="2"/></gamestage>					
		<gamestage stage="1695"><spawn group="banditStageGS1673" num="158" maxAlive="8" duration="3"/><spawn group="banditStageGS1684" num="158" maxAlive="8" duration="3"/><spawn group="banditStageGS1695" num="158" maxAlive="8" duration="3"/><spawn group="BanditsNight" num="9999999" maxAlive="2"/></gamestage>					
		<gamestage stage="1706"><spawn group="banditStageGS1684" num="159" maxAlive="8" duration="3"/><spawn group="banditStageGS1695" num="159" maxAlive="8" duration="3" interval="5"/><spawn group="banditStageGS1706" num="159" maxAlive="8" duration="3"/><spawn group="BanditsNight" num="9999999" maxAlive="2"/></gamestage>					
		<gamestage stage="1717"><spawn group="banditStageGS1695" num="160" maxAlive="8" duration="3"/><spawn group="banditStageGS1706" num="160" maxAlive="8" duration="3" interval="39"/><spawn group="banditStageGS1717" num="160" maxAlive="8" duration="3"/><spawn group="BanditsNight" num="9999999" maxAlive="2"/></gamestage>					
		<gamestage stage="1728"><spawn group="banditStageGS1706" num="161" maxAlive="8" duration="3"/><spawn group="banditStageGS1717" num="161" maxAlive="8" duration="3"/><spawn group="banditStageGS1728" num="161" maxAlive="8" duration="3"/><spawn group="BanditsNight" num="9999999" maxAlive="2"/></gamestage>					
		<gamestage stage="1739"><spawn group="banditStageGS1717" num="162" maxAlive="8" duration="3" interval="19"/><spawn group="banditStageGS1728" num="162" maxAlive="8" duration="3"/><spawn group="banditStageGS1739" num="162" maxAlive="8" duration="3"/><spawn group="BanditsNight" num="9999999" maxAlive="2"/></gamestage>					
		<gamestage stage="1750"><spawn group="banditStageGS1728" num="163" maxAlive="8" duration="3"/><spawn group="banditStageGS1739" num="163" maxAlive="8" duration="3"/><spawn group="banditStageGS1750" num="163" maxAlive="8" duration="3"/><spawn group="BanditsNight" num="9999999" maxAlive="2"/></gamestage>					
		<gamestage stage="1761"><spawn group="banditStageGS1739" num="163" maxAlive="8" duration="3"/><spawn group="banditStageGS1750" num="163" maxAlive="8" duration="3"/><spawn group="banditStageGS1761" num="163" maxAlive="8" duration="3"/><spawn group="BanditsNight" num="9999999" maxAlive="2"/></gamestage>					
		<gamestage stage="1772"><spawn group="banditStageGS1750" num="164" maxAlive="8" duration="3"/><spawn group="banditStageGS1761" num="164" maxAlive="8" duration="3" interval="34"/><spawn group="banditStageGS1772" num="164" maxAlive="8" duration="3"/><spawn group="BanditsNight" num="9999999" maxAlive="2"/></gamestage>					
		<gamestage stage="1784"><spawn group="banditStageGS1761" num="165" maxAlive="8" duration="3"/><spawn group="banditStageGS1772" num="165" maxAlive="8" duration="3"/><spawn group="banditStageGS1784" num="165" maxAlive="8" duration="3"/><spawn group="BanditsNight" num="9999999" maxAlive="2"/></gamestage>					
		<gamestage stage="1795"><spawn group="banditStageGS1772" num="166" maxAlive="8" duration="3"/><spawn group="banditStageGS1784" num="166" maxAlive="8" duration="3" interval="15"/><spawn group="banditStageGS1795" num="166" maxAlive="8" duration="3"/><spawn group="BanditsNight" num="9999999" maxAlive="2"/></gamestage>					
		<gamestage stage="1806"><spawn group="banditStageGS1784" num="167" maxAlive="8" duration="3"/><spawn group="banditStageGS1795" num="167" maxAlive="8" duration="3"/><spawn group="banditStageGS1806" num="167" maxAlive="8" duration="3"/><spawn group="BanditsNight" num="9999999" maxAlive="2"/></gamestage>					
		<gamestage stage="1817"><spawn group="banditStageGS1795" num="168" maxAlive="8" duration="3"/><spawn group="banditStageGS1806" num="168" maxAlive="8" duration="3" interval="2"/><spawn group="banditStageGS1817" num="168" maxAlive="8" duration="3"/><spawn group="BanditsNight" num="9999999" maxAlive="2"/></gamestage>					
		<gamestage stage="1829"><spawn group="banditStageGS1806" num="169" maxAlive="8" duration="3"/><spawn group="banditStageGS1817" num="169" maxAlive="8" duration="3"/><spawn group="banditStageGS1829" num="169" maxAlive="8" duration="3"/><spawn group="BanditsNight" num="9999999" maxAlive="2"/></gamestage>					
		<gamestage stage="1840"><spawn group="banditStageGS1817" num="170" maxAlive="8" duration="3"/><spawn group="banditStageGS1829" num="170" maxAlive="8" duration="3" interval="15"/><spawn group="banditStageGS1840" num="170" maxAlive="8" duration="3"/><spawn group="BanditsNight" num="9999999" maxAlive="2"/></gamestage>					
		<gamestage stage="1851"><spawn group="banditStageGS1829" num="171" maxAlive="8" duration="3"/><spawn group="banditStageGS1840" num="171" maxAlive="8" duration="3"/><spawn group="banditStageGS1851" num="171" maxAlive="8" duration="3"/><spawn group="BanditsNight" num="9999999" maxAlive="2"/></gamestage>					
		<gamestage stage="1863"><spawn group="banditStageGS1840" num="172" maxAlive="8" duration="3" interval="23"/><spawn group="banditStageGS1851" num="172" maxAlive="8" duration="3"/><spawn group="banditStageGS1863" num="172" maxAlive="8" duration="3"/><spawn group="BanditsNight" num="9999999" maxAlive="2"/></gamestage>					
		<gamestage stage="1874"><spawn group="banditStageGS1851" num="173" maxAlive="8" duration="3" interval="3"/><spawn group="banditStageGS1863" num="173" maxAlive="8" duration="3"/><spawn group="banditStageGS1874" num="173" maxAlive="8" duration="3"/><spawn group="BanditsNight" num="9999999" maxAlive="2"/></gamestage>					
		<gamestage stage="1885"><spawn group="banditStageGS1863" num="174" maxAlive="8" duration="3" interval="19"/><spawn group="banditStageGS1874" num="174" maxAlive="8" duration="3"/><spawn group="banditStageGS1885" num="174" maxAlive="8" duration="3"/><spawn group="BanditsNight" num="9999999" maxAlive="2"/></gamestage>					
		<gamestage stage="1897"><spawn group="banditStageGS1874" num="175" maxAlive="8" duration="3" interval="4"/><spawn group="banditStageGS1885" num="175" maxAlive="8" duration="3"/><spawn group="banditStageGS1897" num="175" maxAlive="8" duration="3"/><spawn group="BanditsNight" num="9999999" maxAlive="2"/></gamestage>					
		<gamestage stage="1908"><spawn group="banditStageGS1885" num="176" maxAlive="8" duration="3"/><spawn group="banditStageGS1897" num="176" maxAlive="8" duration="3" interval="34"/><spawn group="banditStageGS1908" num="176" maxAlive="8" duration="3"/><spawn group="BanditsNight" num="9999999" maxAlive="2"/></gamestage>					
		<gamestage stage="1919"><spawn group="banditStageGS1897" num="177" maxAlive="8" duration="3"/><spawn group="banditStageGS1908" num="177" maxAlive="8" duration="3"/><spawn group="banditStageGS1919" num="177" maxAlive="8" duration="3"/><spawn group="BanditsNight" num="9999999" maxAlive="2"/></gamestage>					
		<gamestage stage="1931"><spawn group="banditStageGS1908" num="178" maxAlive="8" duration="3" interval="28"/><spawn group="banditStageGS1919" num="178" maxAlive="8" duration="3"/><spawn group="banditStageGS1931" num="178" maxAlive="8" duration="3"/><spawn group="BanditsNight" num="9999999" maxAlive="2"/></gamestage>					
		<gamestage stage="1942"><spawn group="banditStageGS1919" num="179" maxAlive="8" duration="3"/><spawn group="banditStageGS1931" num="179" maxAlive="8" duration="3"/><spawn group="banditStageGS1942" num="179" maxAlive="8" duration="3"/><spawn group="BanditsNight" num="9999999" maxAlive="2"/></gamestage>					
		<gamestage stage="1954"><spawn group="banditStageGS1931" num="180" maxAlive="8" duration="3"/><spawn group="banditStageGS1942" num="180" maxAlive="8" duration="3" interval="23"/><spawn group="banditStageGS1954" num="180" maxAlive="8" duration="3"/><spawn group="BanditsNight" num="9999999" maxAlive="2"/></gamestage>					
		<gamestage stage="1965"><spawn group="banditStageGS1942" num="181" maxAlive="8" duration="3"/><spawn group="banditStageGS1954" num="181" maxAlive="8" duration="3"/><spawn group="banditStageGS1965" num="181" maxAlive="8" duration="3"/><spawn group="BanditsNight" num="9999999" maxAlive="2"/></gamestage>					
		<gamestage stage="1977"><spawn group="banditStageGS1954" num="182" maxAlive="8" duration="3"/><spawn group="banditStageGS1965" num="182" maxAlive="8" duration="3"/><spawn group="banditStageGS1977" num="182" maxAlive="8" duration="3"/><spawn group="BanditsNight" num="9999999" maxAlive="2"/></gamestage>					
		<gamestage stage="1988"><spawn group="banditStageGS1965" num="182" maxAlive="8" duration="3" interval="5"/><spawn group="banditStageGS1977" num="182" maxAlive="8" duration="3"/><spawn group="banditStageGS1988" num="182" maxAlive="8" duration="3"/><spawn group="BanditsNight" num="9999999" maxAlive="2"/></gamestage>					
		<gamestage stage="2000"><spawn group="banditStageGS1977" num="184" maxAlive="8" duration="3"/><spawn group="banditStageGS1988" num="184" maxAlive="8" duration="3"/><spawn group="banditStageGS2000" num="184" maxAlive="8" duration="3"/><spawn group="BanditsNight" num="9999999" maxAlive="2"/></gamestage>					
		<gamestage stage="2011"><spawn group="banditStageGS1988" num="184" maxAlive="8" duration="3"/><spawn group="banditStageGS2000" num="184" maxAlive="8" duration="3"/><spawn group="banditStageGS2011" num="184" maxAlive="8" duration="3"/><spawn group="BanditsNight" num="9999999" maxAlive="2"/></gamestage>					
		<gamestage stage="2023"><spawn group="banditStageGS2000" num="185" maxAlive="8" duration="3"/><spawn group="banditStageGS2011" num="185" maxAlive="8" duration="3"/><spawn group="banditStageGS2023" num="185" maxAlive="8" duration="3"/><spawn group="BanditsNight" num="9999999" maxAlive="2"/></gamestage>					
		<!-- XXXXXXXXXXXXXXXXXXXXXXXXXXXX  end: auto generated bandit stages  XXXXXXXXXXXXXXXXXXXXXXXXXXXX -->
	</spawner>
	</set>
	</configs>