<configs>
<set xpath="/items" >
<!-- Bandits -->

   <item name="banditchainsaw" >
        <property name="Extends" value="meleeToolChainsaw" />
		<property name="Delay" value="1" />
		<property name="Magazine_size" value="1" />
		<property name="Infinite_ammo" value="true" />
		<property name="Single_magazine_usage" value="false" />
		<property name="Magazine_items" value="banditgasCan" />
		<property name="Reload_time" value="1" />	
		<property name="SellableToTrader" value="false" />
		<property name="Candrop" value="false" />
		<property name="IsDeveloper" value="true" />
		</item>

<item name="banditclubSpiked" >
	<property name="Extends" value="meleeClubIron" />
	   	<property name="SellableToTrader" value="false" />
	    <property name="Candrop" value="false" />
	    <property name="IsDeveloper" value="true" />
	</item>
	
	<item name="banditsledgehammer" >
    <property name="Extends" value="meleeToolSledgehammer" />
		<property name="SellableToTrader" value="false" />
		<property name="Candrop" value="false" />
		<property name="IsDeveloper" value="true" />
	</item>

<item name="banditclubWood" >
<property name="Extends" value="meleeClubWood" />
<property name="Candrop" value="false" />
	<property name="IsDeveloper" value="true" />	
</item>


<item name="banditfireaxeSteel" >
<property name="Extends" value="meleeToolFireaxeIron" />
<property name="SellableToTrader" value="false" />
	<property name="Candrop" value="false" />
	<property name="IsDeveloper" value="true" />
	</item>
	
<item name="banditmachete" >
<property name="Extends" value="meleeToolMachete" />
	
		<property name="Delay" value="1" />
		<property name="SellableToTrader" value="false" />
		<property name="Candrop" value="false" />
		<property name="IsDeveloper" value="true" />
		</item>

<item name="banditgunPistol" >
<property name="Extends" value="gunPistol" />
		<property name="Class" value="Ranged" />
		<property name="Delay" value="0.5" />
		<property name="Magazine_size" value="1" />
		<property name="Infinite_ammo" value="true" />
		<property name="Magazine_items" value="bandit9mmBullet" />
		<property name="Reload_time" value="0.1" />
		<property name="SellableToTrader" value="false" />
		<property name="Candrop" value="false" />
	<property name="IsDeveloper" value="true" />
	</item>

<item name="banditgun44Magnum" >
	<property name="Extends" value="gun44Magnum" />
		<property name="Class" value="Ranged" />
		<property name="Delay" value="1" />
		<property name="Magazine_size" value="1" />
		<property name="Infinite_ammo" value="true" />
		<property name="Magazine_items" value="bandit44MagBullet" />
		<property name="Reload_time" value="0.1" />
		<property name="SellableToTrader" value="false" />
		<property name="Candrop" value="false" />
	<property name="IsDeveloper" value="true" />
		</item>

<item name="banditgunSawedOffPumpShotgun" >
<property name="Extends" value="gunPumpShotgun" />
		<property name="Delay" value="2" />
		<property name="Magazine_size" value="1" />
		<property name="Infinite_ammo" value="true" />
		<property name="Magazine_items" value="banditshotgunShell" />
		<property name="Reload_time" value="1" />
		<property name="SellableToTrader" value="false" />
		<property name="Candrop" value="false" />
	<property name="IsDeveloper" value="true" />
		</item>

<item name="banditgunMP5" >
<property name="Extends" value="gunSMG5" />
		<property name="Delay" value="3" />
		<property name="Magazine_size" value="1" />
		<property name="Infinite_ammo" value="true" />
		<property name="Magazine_items" value="bandit10mmBullet" />
		<property name="Reload_time" value="2" />
<property name="SellableToTrader" value="false" />
		<property name="Candrop" value="false" />
	<property name="IsDeveloper" value="true" />
		</item>

<item name="banditgunAK47" >
<property name="Extends" value="gunAK47" />
		<property name="Delay" value="4" />
		<property name="Magazine_size" value="1" />
		<property name="Infinite_ammo" value="true" />
		<property name="Magazine_items" value="bandit762mmBullet" />
		<property name="Reload_time" value="4" />
		<property name="SellableToTrader" value="false" />
		<property name="Candrop" value="false" />
	<property name="IsDeveloper" value="true" />
	</item>

<item name="banditgunHuntingRifle" >
        <property name="Extends" value="gunHuntingRifle" />
		<property name="Delay" value="2" />
		<property name="Magazine_size" value="1" />
		<property name="Infinite_ammo" value="true" />
		<property name="Magazine_items" value="bandit762mmBullet" />
		<property name="Reload_time" value="2" />
		<property name="SellableToTrader" value="false" />
		<property name="Candrop" value="false" />
	    <property name="IsDeveloper" value="true" />
		</item>
		
<item name="banditgunSniperRifle" >
        <property name="Extends" value="gunMR10" />
	    <property name="Class" value="Ranged"/>
		<property name="Delay" value="0.5"/> 
		<property name="Infinite_ammo" value="true" />
		<property name="Magazine_items" value="bandit762mmBullet" />
		<property name="Reload_time" value="2" />
		<property name="SellableToTrader" value="false" />
		<property name="Candrop" value="false" />
	    <property name="IsDeveloper" value="true" />
		</item>		

<item name="banditgunRocketLauncher" >
        <property name="Extends" value="gunRocketLauncher" />
		
		<property name="Delay" value="4" />
		<property name="Magazine_size" value="1" />
		<property name="Infinite_ammo" value="true" />
		<property name="Magazine_items" value="banditrocket" />
		<property name="Reload_time" value="6" />
		<property name="SellableToTrader" value="false" />
		<property name="Candrop" value="false" />
		<property name="IsDeveloper" value="true" />
		</item>

<item name="banditblunderbuss" >
<property name="Extends" value="gunBlunderbuss" />
	<property name="SellableToTrader" value="false" />
	<property name="Candrop" value="false" />
		<property name="IsDeveloper" value="true" />
 	<property name="DegradationBreaksAfter" value="false" />
		<property name="Class" value="Ranged" />
		<property name="Delay" value="5" />
		<property name="Range" value="40" />
		<property name="Crosshair_min_distance" value="30" />
		<property name="Crosshair_max_distance" value="50" />
		<property name="Magazine_size" value="1" />
		<property name="Infinite_ammo" value="true" />
		<property name="Magazine_items" value="banditblunderbussAmmo" />
		<property name="Reload_time" value="3" />
		</item>

<item name="banditwoodenBow" >
<property name="Extends" value="gunWoodenBow" />
	<property name="SellableToTrader" value="false" />
	<property name="Candrop" value="false" />
		<property name="IsDeveloper" value="true" />
	<property name="DegradationBreaksAfter" value="false" />
	<property name="CrosshairOnAim" value="true" />
	<property name="CrosshairUpAfterShot" value="false" />
	
		<property name="Delay" value="0.5" />
		<property name="Magazine_size" value="1" />
		<property name="Infinite_ammo" value="true" />
		<property name="Magazine_items" value="banditarrow" />
		</item>
	
<item name="banditAuger" >
	<property name="Extends" value="meleeToolAuger" />
		<property name="Class" value="Melee" />
		<property name="Auto_fire" value="true" />
		<property name="Delay" value="0.1" />
		<property name="Magazine_size" value="1" />
		<property name="Infinite_ammo" value="true" />
		<property name="Magazine_items" value="banditgasCan" />
		<property name="Reload_time" value="1" />
		<property name="Range" value="2.1" />
		<property name="Block_range" value="3" />
		<property name="SellableToTrader" value="false" />
	    <property name="Candrop" value="false" />
		<property name="IsDeveloper" value="true" />
		</item>		

	<item name="banditgunPumpShotgun">
	<property name="Extends" value="gunPumpShotgun" />
		
		<property name="Delay" value="3" />
		<property name="Magazine_size" value="1" />
		<property name="Infinite_ammo" value="true" />
		<property name="Magazine_items" value="banditShotgunSlug" />
		<property name="Magazine_item_ray_counts" value="2, 1" />
		<property name="Magazine_item_ray_spreads" value="0.75, 0.25" />
		<property name="Reload_time" value="2.6" />
				<property name="SellableToTrader" value="false" />
		<property name="Candrop" value="false" />
		<property name="IsDeveloper" value="true" />
		</item>	

<item name="banditcrossbow" >
<property name="Extends" value="gunCrossbow" />
		<property name="Meshfile" value="Items/Weapons/Ranged/Bows/Crossbow/crossbowPrefab" />
		<property name="Material" value="metal" />
		<property name="RepairTools" value="repairKit" />
		<property name="HoldType" value="26" />
		<property name="SellableToTrader" value="false" />
		<property name="Candrop" value="false" />
		<property name="IsDeveloper" value="true" />
		<property name="DegradationBreaksAfter" value="false" />
		<property name="SoundJammed" value="Weapons/weapon_jam" />
		<property name="SoundDestroy" value="wooddestroy1" />
		<property name="Attachments" value="flashlight02" />
		
		<property name="Class" value="Ranged" />
		<property name="Hitmask_override" value="Arrow" />
		<property name="Crosshair_min_distance" value="5" />
		<property name="Crosshair_max_distance" value="50" />
		<!--<property name="Range" value="200" />-->
		<property name="Delay" value="2" />
		<property name="Magazine_size" value="1" />
		<property name="Infinite_ammo" value="true" />
		<property name="Magazine_items" value="banditCrossbowBolt" />
		<property name="Reload_time" value="3" />
		</item>

<item name="banditcrossbow1" >
<property name="Extends" value="gunCompoundBow" />
<property name="SellableToTrader" value="false" />
<property name="Candrop" value="false" />
		<property name="IsDeveloper" value="true" />
		<property name="Magazine_items" value="banditammoArrowFlaming" />
	</item>

<item name="banditcrossbow2" >
<property name="Extends" value="gunCompoundBow" />
<property name="SellableToTrader" value="false" />
<property name="Candrop" value="false" />
		<property name="IsDeveloper" value="true" />
		<property name="Magazine_items" value="banditArrowSteelAP" />
	</item>	

	<item name="bandit9mmBullet" >
	<property name="Extends" value="9mmBullet" />
	<property name="SellableToTrader" value="false" />
<property name="Candrop" value="false" />
		<property name="IsDeveloper" value="true" />
	</item>

<item name="bandit10mmBullet" >
<property name="Extends" value="10mmBullet" />
	<property name="SellableToTrader" value="false" />
<property name="Candrop" value="false" />
		<property name="IsDeveloper" value="true" />
	</item>

<item name="bandit44MagBullet" >
<property name="Extends" value="44MagBullet" />
	<property name="SellableToTrader" value="false" />
<property name="Candrop" value="false" />
		<property name="IsDeveloper" value="true" />
	</item>

<item name="bandit762mmBullet" >
<property name="Extends" value="762mmBullet" />
	<property name="SellableToTrader" value="false" />
<property name="Candrop" value="false" />
		<property name="IsDeveloper" value="true" />
	</item>

<item name="banditshotgunShell" >
<property name="Extends" value="shotgunShell" />
	<property name="SellableToTrader" value="false" />
<property name="Candrop" value="false" />
		<property name="IsDeveloper" value="true" />
	</item>

<item name="banditrocket" >
<property name="Extends" value="rocket" />
	<property name="SellableToTrader" value="false" />
<property name="Candrop" value="false" />
		<property name="IsDeveloper" value="true" />
	</item>

<item name="banditblunderbussAmmo" >
<property name="Extends" value="blunderbussAmmo" />
	<property name="SellableToTrader" value="false" />
<property name="Candrop" value="false" />
		<property name="IsDeveloper" value="true" />
	</item>

<item name="banditgasCan" >
<property name="Extends" value="gasCan" />
	<property name="SellableToTrader" value="false" />
<property name="Candrop" value="false" />
		<property name="IsDeveloper" value="true" />
	</item>

<item name="banditCrossbowBolt" > 
<property name="Extends" value="ironCrossbowBolt" />
<property name="SellableToTrader" value="false" />
<property name="Candrop" value="false" />
		<property name="IsDeveloper" value="true" />
</item>

<item name="banditArrowSteelAP" >
<property name="Extends" value="ArrowSteelAP" />
	<property name="SellableToTrader" value="false" />
<property name="Candrop" value="false" />
		<property name="IsDeveloper" value="true" />
	</item>

<item name="banditammoArrowFlaming" >
<property name="Extends" value="ammoArrowFlaming" />
	<property name="SellableToTrader" value="false" />
<property name="Candrop" value="false" />
		<property name="IsDeveloper" value="true" />
	</item>

<item name="banditarrow" >
<property name="Extends" value="arrow" />
	<property name="SellableToTrader" value="false" />
<property name="Candrop" value="false" />
		<property name="IsDeveloper" value="true" />
	</item>

<item name="banditShotgunSlug">
	<property name="Extends" value="shotgunSlug" />
	<property name="SellableToTrader" value="false" />
<property name="Candrop" value="false" />
		<property name="IsDeveloper" value="true" />
	</item>
	
		<item name="banditPipeBomb">
		<property name="Extends" value="pipeBomb" />
		<property name="SellableToTrader" value="false" />
<property name="Candrop" value="false" />
		<property name="IsDeveloper" value="true" />
	<property name="Explosion.BlockDamage" value="150" />
	<property name="Explosion.EntityDamage" value="90" />
	<property name="Explosion.ParticleIndex" value="1" />
	<property name="Explosion.RadiusBlocks" value="30" />
	<property name="Explosion.RadiusEntities" value="15" />
	<property name="Explosion.DamageBonus.stone" value="25" />
	<property name="Explosion.DamageBonus.metal" value="25" />
	<property name="Explosion.DamageBonus.earth" value="25" /> <!-- should work? -->
	<property name="Explosion.DamageBonus.wood" value="25" />
	<property name="Explosion.DamageBonus.water" value="0" />
	<property name="Explosion.DamageBonus.glass" value="25" />
	<property name="FuseTime" value="0.5" /> <!-- End: Needed for  time in sec, max 6 -->
	<property name="DropScale" value="2" />
	
		<property name="Class" value="ThrowAway" />
		<!-- <property name="Hitmask_override" value="Arrow" /> unfortunately this cannot work without a serious rewrite of the hitmask system -->
		<property name="Delay" value="2" />
		<property name="Throw_strength_default" value="30" />
		<property name="Throw_strength_max" value="50" />
		<property name="Max_strain_time" value="3" />
		</item>
	
	<item name="handGrenade">
	<property name="Extends" value="handCopZombie" />
	<property name="SellableToTrader" value="false" />
<property name="Candrop" value="false" />
		<property name="IsDeveloper" value="true" />
	
		<property name="Range" value="30" />
		<property name="DamageEntity" value="80" />
		<property name="DamageBlock" value="250" />
		<property name="Buff" value="bleeding,infection,stunned" />
		<property name="Buff_chance" value="0.2,0.2,0.4" />
		<property name="Class" value="Vomit" />
		<property name="Delay" value="4" />
		<property name="Range" value="200" />
		<property name="Auto_fire" value="true" />
		<property name="Infinite_ammo" value="true" />
		<property name="Magazine_items" value="PipeBombProjectile" />
		<property name="Rays_spread" value="1" />
		<property name="Reload_time" value="3" />
 		</item>

<item name="PipeBombProjectile">
	<property name="Extends" value="banditPipeBomb" />
	<property name="SellableToTrader" value="false" />
	<property name="Candrop" value="false" />
		<property name="IsDeveloper" value="true" />
	<property class="Action1">
		<property name="Class" value="Projectile" />
		<property name="DamageEntity" value="50" />
		<property name="DamageBlock" value="150" />
		<property name="Explosion.ParticleIndex" value="7" />
		<property name="Velocity" value="10" />
		<property name="FlyTime" value="3" />
		<property name="LifeTime" value="4" />
		<property name="CollisionRadius" value="0.5" />
	</property>
</item>	

<!--
<item name="banditnapalmTank">
<property name="CustomIcon" value="Napalm" />
<property name="Meshfile" value="ParticleEffects/p_onFire" />
<property name="DropMeshfile" value="Items/Misc/arrow_dropped" />
<property name="HandMeshfile" value="Items/Misc/arrow_hand" />
<property name="HoldType" value="32" />
<property name="Material" value="metal" />
<property name="Stacknumber" value="10" />
<property name="FuelValue" value="8" />
<property class="Action1">
<property name="Class" value="Projectile" />
<property name="Explosion.ParticleIndex" value="0" />
<property name="DamageEntity" value="5" />
<property name="DamageBlock" value="0.2" />
<property name="Buff" value="burning" />
<property name="DamageBonus.glass" value="25" />
<property name="DamageBonus.wood" value="20" />
<property name="DamageBonus.metal" value="5" />
<property name="DamageBonus.cloth" value="25" />
<property name="DamageBonus.organic" value="25" />
<property name="Velocity" value="30" />
<property name="FlyTime" value="1" />
<property name="LifeTime" value="1" />
</property>
<property name="SellableToTrader" value="false" />
<property name="Candrop" value="false" />
<property name="IsDeveloper" value="true" />
<property class="Attributes">
<property name="GetQualityFromWeapon" value="true" />
<property name="EntityDamage" value="5,10" />
<property name="BlockDamage" value=".1,.1" />
</property>
<property name="Group" value="Ammo/Weapons" />
</item>

<item name="banditflamethrower">
<property name="CustomIcon" value="Flamethrowerw" />
<property name="Meshfile" value="Items/Weapons/Ranged/MP5/MP5Prefab" />
<property name="Material" value="metal" />
<property name="HoldType" value="19" />
<property name="Stacknumber" value="1" />
<property name="RepairTools" value="repairKit,oil" />
<property name="Degradation" value="550" param1="false" />
<property name="DegradationBreaksAfter" value="false" />
<property name="SoundJammed" value="Weapons/weapon_jam" />
<property name="Weight" value="54" />
<property name="Candrop" value="false" />
<property name="IsDeveloper" value="true" />
<property class="Action0">
<property name="Class" value="Launcher" />
<property name="Delay" value="0.1" />
<property name="Range" value="10" />
<property name="Auto_fire" value="true" />
<property name="Rays_per_shot" value="1" />
<property name="Rays_spread" value="0.1" />
<property name="Crosshair_min_distance" value="0" />
<property name="Crosshair_max_distance" value="1" />
<property name="DamageEntity" value="20" />
<property name="DamageBlock" value="1" />
<property name="Magazine_size" value="50" />
<property name="Infinite_ammo" value="true" />
<property name="Magazine_items" value="banditnapalmTank" />
<property name="Reload_time" value="10" />
<property name="Bullet_icon" value="uzi" />
<property name="Sound_start" value="avalanche" />
<property name="Sound_repeat" value="avalanche" />
<property name="Sound_end" value="Weapons/Ranged/MP5/mp5_fire_end" />
<property name="Sound_empty" value="Weapons/weapon_empty" />
<property name="Sound_reload" value="Weapons/Motorized/Auger/auger_reload" />
<property name="Particles_muzzle_fire" value="nozzleflashuzi" />
<property name="Particles_muzzle_smoke" value="nozzlesmokeuzi" />
<property name="DamageBonus.organic" value="4" />
<property name="DamageBonus.plant" value="4" />
<property name="DamageBonus.cloth" value="4" />
<property name="DamageBonus.glass" value="1" />
<property name="DamageBonus.earth" value="0.01" />
<property name="DamageBonus.wood" value="0.01" />
<property name="DamageBonus.stone" value="0.01" />
<property name="DamageBonus.concrete" value="0.01" />
<property name="DamageBonus.copper" value="0.01" />
<property name="DamageBonus.metal" value="0.01" />
<property name="DamageBonus.brass" value="0.01" />
<property name="DamageBonus.Msteel" value="0.01" />
<property name="DamageBonus.titanium" value="0.01" />
<property name="DamageBonus.bedrock" value="0.01" />
</property>
<property class="Action1">
<property name="Class" value="Zoom" />
<property name="Zoom_max_out" value="35" />
<property name="Zoom_max_in" value="35" />
</property>
<property class="Attributes">
<property name="EntityDamage" value="4,10" />
<property name="BlockDamage" value="1,1" />
<property name="DegradationMax" value="2000,4000" />
<property name="DegradationRate" value="1,1" />
</property>
<property name="Group" value="Ammo/Weapons" />
</item>

<item name="napalmTank">
<property name="CustomIcon" value="Napalm" />
<property name="Meshfile" value="ParticleEffects/p_onFire" />
<property name="DropMeshfile" value="Items/Misc/arrow_dropped" />
<property name="HandMeshfile" value="Items/Misc/arrow_hand" />
<property name="HoldType" value="32" />
<property name="Material" value="metal" />
<property name="Stacknumber" value="30000" />
<property name="FuelValue" value="8" />
<property class="Action1">
<property name="Class" value="Projectile" />
<property name="Explosion.ParticleIndex" value="0" />
<property name="DamageEntity" value="5" />
<property name="DamageBlock" value="0.2" />
<property name="Buff" value="burning" />
<property name="DamageBonus.glass" value="25" />
<property name="DamageBonus.wood" value="20" />
<property name="DamageBonus.metal" value="5" />
<property name="DamageBonus.cloth" value="25" />
<property name="DamageBonus.organic" value="25" />
<property name="Velocity" value="30" />
<property name="FlyTime" value="1" />
<property name="LifeTime" value="1" />
</property>
<property name="SellableToTrader" value="true" />
<property class="Attributes">
<property name="GetQualityFromWeapon" value="true" />
<property name="EntityDamage" value="5,10" />
<property name="BlockDamage" value=".1,.1" />
</property>
<property name="Group" value="Ammo/Weapons" />
</item>

<item name="flamethrower">
<property name="CustomIcon" value="Flamethrowerw" />
<property name="Meshfile" value="Items/Weapons/Ranged/MP5/MP5Prefab" />
<property name="Material" value="metal" />
<property name="HoldType" value="19" />
<property name="Stacknumber" value="1" />
<property name="RepairTools" value="repairKit,oil" />
<property name="Degradation" value="550" param1="false" />
<property name="DegradationBreaksAfter" value="false" />
<property name="SoundJammed" value="Weapons/weapon_jam" />
<property name="Weight" value="54" />
<property name="SellableToTrader" value="true" />
<property class="Action0">
<property name="Class" value="Launcher" />
<property name="Delay" value="0.1" />
<property name="Range" value="10" />
<property name="Auto_fire" value="true" />
<property name="Rays_per_shot" value="1" />
<property name="Rays_spread" value="0.1" />
<property name="Crosshair_min_distance" value="0" />
<property name="Crosshair_max_distance" value="1" />
<property name="DamageEntity" value="20" />
<property name="DamageBlock" value="1" />
<property name="Magazine_size" value="50" />
<property name="Infinite_ammo" value="false" />
<property name="Magazine_items" value="banditnapalmTank" />
<property name="Reload_time" value="10" />
<property name="Bullet_icon" value="uzi" />
<property name="Sound_start" value="avalanche" />
<property name="Sound_repeat" value="avalanche" />
<property name="Sound_end" value="Weapons/Ranged/MP5/mp5_fire_end" />
<property name="Sound_empty" value="Weapons/weapon_empty" />
<property name="Sound_reload" value="Weapons/Motorized/Auger/auger_reload" />
<property name="Particles_muzzle_fire" value="nozzleflashuzi" />
<property name="Particles_muzzle_smoke" value="nozzlesmokeuzi" />
<property name="DamageBonus.organic" value="4" />
<property name="DamageBonus.plant" value="4" />
<property name="DamageBonus.cloth" value="4" />
<property name="DamageBonus.glass" value="1" />
<property name="DamageBonus.earth" value="0.01" />
<property name="DamageBonus.wood" value="0.01" />
<property name="DamageBonus.stone" value="0.01" />
<property name="DamageBonus.concrete" value="0.01" />
<property name="DamageBonus.copper" value="0.01" />
<property name="DamageBonus.metal" value="0.01" />
<property name="DamageBonus.brass" value="0.01" />
<property name="DamageBonus.Msteel" value="0.01" />
<property name="DamageBonus.titanium" value="0.01" />
<property name="DamageBonus.bedrock" value="0.01" />
</property>
<property class="Action1">
<property name="Class" value="Zoom" />
<property name="Zoom_max_out" value="35" />
<property name="Zoom_max_in" value="35" />
</property>
<property class="Attributes">
<property name="EntityDamage" value="4,10" />
<property name="BlockDamage" value="1,1" />
<property name="DegradationMax" value="2000,4000" />
<property name="DegradationRate" value="1,1" />
</property>
<property name="Group" value="Ammo/Weapons" />
</item> -->

<!-- Bandits -->
</set>
</configs>