<configs>
<set xpath="/lootcontainers" >

<lootgroup name="banditsGeneral" count="1">
	<item group="banditArmor" prob="3"/>
	<item group="medicine"/>
	<item group="cannedfood"/>
	<item name="canUnlabeled" prob=".3"/>
	<item group="rottenFood"/>
	<item group="junk"/>
	<item name="bottledWater" count="1,3"/>
	<item group="clothes"/>
	<item name="facialPiercings" prob=".1"/>
</lootgroup>

<!-- Bandits -->

<!-- lootcontainer 230 banditMelee -->
<lootcontainer id="230" count="1,1" size="8,9" destroy_on_close="true" sound_open="UseActions/open_corpse" sound_close="UseActions/close_corpse" loot_quality_template="baseTemplate">
	<item group="banditsGeneral" prob="0.5" />
	<item name="canUnlabeled" prob=".3"/>
	<item name="fireaxeSteel" count="1" />
</lootcontainer>

<!-- lootcontainer 231 banditFighter -->
<lootcontainer id="231" count="1,1" size="8,9" destroy_on_close="true" sound_open="UseActions/open_corpse" sound_close="UseActions/close_corpse" loot_quality_template="baseTemplate">
	<item group="banditsGeneral"/>
	<item name="canUnlabeled" prob=".3"/>
	<item name="shotgunSlug" count="1,50" />
	<item name="gunPumpShotgun" count="1" />
	
</lootcontainer>

<!-- lootcontainer 232 banditFixer -->
<lootcontainer id="232" count="1,1" size="8,9" destroy_on_close="true" sound_open="UseActions/open_corpse" sound_close="UseActions/close_corpse" loot_quality_template="baseTemplate">
	<item group="banditsGeneral"/>
	<item name="canUnlabeled" prob=".3"/>
	<item name="762mmBullet" count="1,50" />
	<item name="gunHuntingRifle" count="1" />
</lootcontainer>

<!-- lootcontainer 233 banditGrenadier -->
<lootcontainer id="233" count="1,1" size="8,9" destroy_on_close="true" sound_open="UseActions/open_corpse" sound_close="UseActions/close_corpse" loot_quality_template="baseTemplate">
	<item group="banditsGeneral"/>
	<item name="canUnlabeled" prob=".3"/>
	<item name="pipeBomb" count="1,50" />
</lootcontainer>

<!-- lootcontainer 234 banditSledger -->
<lootcontainer id="234" count="1,1" size="8,9" destroy_on_close="true" sound_open="UseActions/open_corpse" sound_close="UseActions/close_corpse" loot_quality_template="baseTemplate">
	<item group="banditsGeneral"/>
	<item name="canUnlabeled" prob=".3"/>
	<item name="sledgehammer" count="1" />
</lootcontainer>

<!-- lootcontainer 235 banditSlasher -->
<lootcontainer id="235" count="1,1" size="8,9" destroy_on_close="true" sound_open="UseActions/open_corpse" sound_close="UseActions/close_corpse" loot_quality_template="baseTemplate">
	<item group="banditsGeneral"/>
	<item name="canUnlabeled" prob=".3"/>
	<item name="machete" count="1" />
</lootcontainer>

<!-- lootcontainer 236 banditClubber -->
<lootcontainer id="236" count="1,1" size="8,9" destroy_on_close="true" sound_open="UseActions/open_corpse" sound_close="UseActions/close_corpse" loot_quality_template="baseTemplate">
	<item group="banditsGeneral"/>
	<item name="canUnlabeled" prob=".3"/>
	<item name="clubWood" count="1" />
</lootcontainer>

<!-- lootcontainer 237 banditRanged -->
<lootcontainer id="237" count="1,1" size="8,9" destroy_on_close="true" sound_open="UseActions/open_corpse" sound_close="UseActions/close_corpse" loot_quality_template="baseTemplate">
	<item group="banditsGeneral"/>
	<item name="canUnlabeled" prob=".3"/>
	<item name="9mmBullet" count="1,50" />
	<item name="gunPistol" count="1" />
</lootcontainer>

<!-- lootcontainer 238 banditdestroyer -->
<lootcontainer id="238" count="1,1" size="8,9" destroy_on_close="true" sound_open="UseActions/open_corpse" sound_close="UseActions/close_corpse" loot_quality_template="baseTemplate">
	<item group="banditsGeneral"/>
	<item name="canUnlabeled" prob=".3"/>
	<item name="gunRocketLauncher" count="1" />
	<item name="rocket" count="1,50" />
</lootcontainer>

<!-- lootcontainer 239 banditSniper -->
<lootcontainer id="239" count="1,1" size="8,9" destroy_on_close="true" sound_open="UseActions/open_corpse" sound_close="UseActions/close_corpse" loot_quality_template="baseTemplate">
	<item group="banditsGeneral"/>
	<item name="canUnlabeled" prob=".3"/>
	<item name="762mmBullet" count="1,50" />
	<item name="gunMR10" count="1" />
</lootcontainer>

<!-- lootcontainer 240 banditMassachist -->
<lootcontainer id="240" count="1,1" size="8,9" destroy_on_close="true" sound_open="UseActions/open_corpse" sound_close="UseActions/close_corpse" loot_quality_template="baseTemplate">
	<item group="banditsGeneral"/>
	<item name="canUnlabeled" prob=".3"/>
	<item name="chainsaw" count="1" />
	<item name="gasCan" count="1,50" />
</lootcontainer>

<!-- lootcontainer 241 banditCop -->
<lootcontainer id="241" count="1,1" size="8,9" destroy_on_close="true" sound_open="UseActions/open_corpse" sound_close="UseActions/close_corpse" loot_quality_template="baseTemplate">
	<item group="banditsGeneral"/>
	<item name="canUnlabeled" prob=".3"/>
	<item name="gun44Magnum" count="1" />
	<item name="44MagBullet" count="1,50" />
</lootcontainer>

<!-- lootcontainer 242 banditBullseye -->
<lootcontainer id="242" count="1,1" size="8,9" destroy_on_close="true" sound_open="UseActions/open_corpse" sound_close="UseActions/close_corpse" loot_quality_template="baseTemplate">
	<item group="banditsGeneral"/>
	<item name="canUnlabeled" prob=".3"/>
	<item name="woodenBow" count="1" />
	<item name="arrow" count="1,50" />
</lootcontainer>

<!-- lootcontainer 243 banditDestructor -->
<lootcontainer id="243" count="1,1" size="8,9" destroy_on_close="true" sound_open="UseActions/open_corpse" sound_close="UseActions/close_corpse" loot_quality_template="baseTemplate">
	<item group="banditsGeneral"/>
	<item name="canUnlabeled" prob=".3"/>
	<item name="gasCan" count="1,50" />
	<item name="auger" count="1" />
</lootcontainer>

<!-- lootcontainer 244 Negan -->
<lootcontainer id="244" count="1,1" size="8,9" destroy_on_close="true" sound_open="UseActions/open_corpse" sound_close="UseActions/close_corpse" loot_quality_template="baseTemplate">
	<item group="banditsGeneral"/>
	<item name="canUnlabeled" prob=".3"/>
	<item name="clubSpiked" count="1" />
	</lootcontainer>

<!-- lootcontainer 245 banditMusketeer -->
<lootcontainer id="245" count="1,1" size="8,9" destroy_on_close="true" sound_open="UseActions/open_corpse" sound_close="UseActions/close_corpse" loot_quality_template="baseTemplate">
	<item group="banditsGeneral"/>
	<item name="canUnlabeled" prob=".3"/>
	<item name="woodenBow" count="1" />
	<item name="flamingArrow" count="1,50" />
</lootcontainer>

<!-- lootcontainer 246 banditDeadAim -->
<lootcontainer id="246" count="1,1" size="8,9" destroy_on_close="true" sound_open="UseActions/open_corpse" sound_close="UseActions/close_corpse" loot_quality_template="baseTemplate">
	<item group="banditsGeneral"/>
	<item name="canUnlabeled" prob=".3"/>
	<item name="ironCrossbowBolt" count="1,50" />
	<item name="crossbow" count="1" />
</lootcontainer>

<!-- lootcontainer 247 banditDeadAim1 -->
<lootcontainer id="247" count="1,1" size="8,9" destroy_on_close="true" sound_open="UseActions/open_corpse" sound_close="UseActions/close_corpse" loot_quality_template="baseTemplate">
	<item group="banditsGeneral"/>
	<item name="canUnlabeled" prob=".3"/>
	<item name="crossbow" count="1" />
	<item name="steelCrossbowBolt" count="1,50" />
</lootcontainer>

<!-- lootcontainer 248 banditDeadAim2 -->
<lootcontainer id="248" count="1,1" size="8,9" destroy_on_close="true" sound_open="UseActions/open_corpse" sound_close="UseActions/close_corpse" loot_quality_template="baseTemplate">
	<item group="banditsGeneral"/>
	<item name="canUnlabeled" prob=".3"/>
	<item name="crossbow" count="1" />
	<item name="explodingCrossbowBolt" count="1,50" />
</lootcontainer>

<!-- lootcontainer 249 banditHeadshot -->
<lootcontainer id="249" count="1,1" size="8,9" destroy_on_close="true" sound_open="UseActions/open_corpse" sound_close="UseActions/close_corpse" loot_quality_template="baseTemplate">
	<item group="banditsGeneral"/>
	<item name="canUnlabeled" prob=".3"/>
	<item name="shotgunShell" count="1,50" />
	<item name="gunSawedOffPumpShotgun" count="1" />
</lootcontainer>

<!-- lootcontainer 250 banditBeserker -->
<lootcontainer id="250" count="1,1" size="8,9" destroy_on_close="true" sound_open="UseActions/open_corpse" sound_close="UseActions/close_corpse" loot_quality_template="baseTemplate">
	<item group="banditsGeneral"/>
	<item name="gunMP5" count="1" />
	<item name="canUnlabeled" prob=".3"/>
	<item name="10mmBullet" count="1,50" />
</lootcontainer>

<!-- lootcontainer 251 bandit Leader -->
<lootcontainer id="251" count="1,1" size="8,9" destroy_on_close="true" sound_open="UseActions/open_corpse" sound_close="UseActions/close_corpse" loot_quality_template="baseTemplate">
	<item group="banditsGeneral"/>
	<item name="canUnlabeled" prob=".3"/>
	<item name="gunAK47" count="1" />
	<item name="762mmBullet" count="1,50" />
</lootcontainer>

<!-- lootcontainer 252 banditFlamer -->
<lootcontainer id="252" count="1,1" size="8,9" destroy_on_close="true" sound_open="UseActions/open_corpse" sound_close="UseActions/close_corpse" loot_quality_template="baseTemplate">
	<item group="banditsGeneral"/>
	<item name="flamethrower" count="1" />
	<item name="napalmTank" count="1,50" />
</lootcontainer>
<!-- Bandits -->

</set>
</configs>