<configs>
<insertAfter xpath="/entity_classes/entity_class[@name='npcTraderTest']" >
<entity_class name="npcSurvivorTemplate">
	<property name="EntityType" value="Player"/>
	<property name="Faction" value="whiteriver"/>
	<property name="Mesh" value="Player/Male/player_maleRagdoll"/>
	<property name="AvatarController" value="AvatarZombie01Controller"/>
	<property name="LocalAvatarController" value="AvatarLocalPlayerController"/>
	<property name="ModelType" value="NpcUMA"/>
	<property name="HasRagdoll" value="true"/>
	<property name="Prefab" value="NPC"/>
	<property name="Class" value="EntitySurvivor"/>
	<property name="Parent" value="Players"/>
	<property name="PhysicsBody" value="Survivor"/>

	<property name="AIPackages" value="Human Basic, Human Melee"/> 

	<property name="ItemsOnEnterGame.GameModeSurvival" value="meleeClubWood"/>
	<property name="ItemsOnEnterGame.GameModeSurvivalSP" value="meleeClubWood"/>
	<property name="ItemsOnEnterGame.GameModeSurvivalMP" value="meleeClubWood"/>
	<property name="MaxHealth" value="150"/>
	<property name="MaxViewAngle" value="180"/>
	<property name="Weight" value="70"/>
	<property name="WanderSpeed" value="1"/>
	<property name="ApproachSpeed" value="1.5"/>
	<property name="NightWanderSpeed" value="1"/>
	<property name="NightApproachSpeed" value="1.5"/>
	<property name="PanicSpeed" value="2"/>
	<property name="CanClimbLadders" value="true"/>
	<property name="IsEnemyEntity" value="false"/>
	<property name="SurfaceCategory" value="organic"/>
	<property name="WalkType" value="7"/>
	<property name="ParticleOnDeath" value="blood_death"/>
	<property name="SoundRandomTime" value="200.0"/>
	<property name="SoundRandom" value="Player_Male/player1stamina"/>
	<property name="SoundHurt" value="Player_Male/player1painlg"/>
	<property name="SoundHurtSmall" value="Player_Male/player1painsm"/>
	<property name="SoundDeath" value="Player_Male/player1death"/>
	<property name="SoundStamina" value="Player_Male/player1stamina"/>
	<property name="SoundDrownPain" value="Player_Male/player1drownpain"/>
	<property name="SoundWaterSurface" value="Player_Male/player1drownsurface"/>
	<property name="SoundDrownDeath" value="Player_Male/player1drowndeath"/>
	<property name="SoundJump" value="Player_Male/player1Jump"/>
	<property name="SoundLandSoft" value="Player_Male/player1LandSoft"/>
	<property name="SoundLandHard" value="Player_Male/player1LandHard"/>
	<property name="SoundPlayerLandThump" value="PlayerLandThump"/>
	<property name="TimeStayAfterDeath" value="30"/>
	<property name="LootDropProb" value="0.02"/> <!-- Whether it drops a loot bag on death or not. -->
	<property name="LootDropEntityClass" value="EntityLootContainerRegular"/>
	<property name="HasDeathAnim" value="true"/>
	<effect_group name="Base Effects">
		<passive_effect name="HealthMax" operation="base_set" value="150"/>
	</effect_group>
</entity_class>
</insertAfter>
<insertAfter xpath="/entity_classes/entity_class[@name='npcSurvivorTemplate']" >
	<entity_class name="Maggi" extends="npcSurvivorTemplate" >
	<property name="Archetype" value="Maggi" />
	<property name="Class" value="EntityNPC" />
	<property name="SoundHurt" value="Player_Female/player2painlg" />
	<property name="SoundHurtSmall" value="Player_Female/player2painsm" />
	<property name="SoundDeath" value="Player_Female/player2death" />
	<property name="SoundStamina" value="Player_Female/player2stamina" />
	<property name="SoundDrownPain" value="Player_Female/player2drownpain" />
	<property name="SoundWaterSurface" value="Player_Female/player2drownsurface" />
	<property name="SoundDrownDeath" value="Player_Female/player2drowndeath" />
	<property name="SoundJump" value="Player_Male/player2Jump" />
	<property name="SoundLandSoft" value="Player_Male/player2LandSoft" />
	<property name="SoundLandHard" value="Player_Male/player2LandHard" />
	<property name="SoundPlayerLandThump" value="PlayerLandThump" />
	<property name="HandItem" value="handMedic"/>
	<!--<property name="Class" value="EntityBandit" />-->
	<property name="Parent" value="Players" />
	<property name="PhysicsBody" value="Survivor" />
	<!-- AI properties -->
	<property name="AITask-1" value="Wander" />
	<property name="AITask-2" value="ApproachAndAttackTarget" param1="EntityPlayer" />
	<property name="AITask-3" value="ApproachSpot" />
	
	<property name="AITarget-1" value="SetAsTargetIfHurt" param1="EntityPlayer" />
	<property name="AITarget-2" value="BlockingTargetTask" />
	<property name="AITarget-3" value="SetNearestEntityAsTarget" param1="EntityPlayer" />
	<!-- General entity properties -->
	<property name="HandItem" value="handMedic" />
	<property name="MaxHealth" value="550" />
	<property name="MaxViewAngle" value="180" />
	<property name="Weight" value="70" />
	<property name="WanderSpeed" value="0.5" />
	<property name="ApproachSpeed" value="1" />
	<property name="NightWanderSpeed" value="0.5" />
	<property name="NightApproachSpeed" value="1" />
	<property name="PanicSpeed" value="1.15" />
	<property name="CanClimbLadders" value="true" />
	<property name="IsEnemyEntity" value="false" />
	<!-- This decides on the particle effect played on hit -->
	<property name="SurfaceCategory" value="organic" />
	<property name="WalkType" value="7" />
	<property name="ParticleOnDeath" value="blood_death" />
	<property name="SoundRandomTime" value="200.0" />
	<!-- It will play the roam every 60/30 seconds -->
	<property name="TimeStayAfterDeath" value="5" />
	<!-- in s -->
	<property name="LootDropProb" value="0.02"/> <!-- Whether it drops a loot bag on death or not. -->
	<property name="LootDropEntityClass" value="EntityLootContainerRegular"/>
	<property name="ExperienceGain" value="1500"/>
	<property name="DeadBodyHitPoints" value="20" />
	<property name="HasDeathAnim" value="true" />
</entity_class>
</insertAfter>
<insertAfter xpath="/entity_classes/entity_class[@name='Maggi']" >
<entity_class name="Shiva" extends="npcSurvivorTemplate" >
	<property name="Archetype" value="Shiva"/>
	<property name="Class" value="EntityNPC" />
	<property name="SoundHurt" value="Player_Female/player2painlg" />
	<property name="SoundHurtSmall" value="Player_Female/player2painsm" />
	<property name="SoundDeath" value="Player_Female/player2death" />
	<property name="SoundStamina" value="Player_Female/player2stamina" />
	<property name="SoundDrownPain" value="Player_Female/player2drownpain" />
	<property name="SoundWaterSurface" value="Player_Female/player2drownsurface" />
	<property name="SoundDrownDeath" value="Player_Female/player2drowndeath" />
	<property name="SoundJump" value="Player_Male/player2Jump" />
	<property name="SoundLandSoft" value="Player_Male/player2LandSoft" />
	<property name="SoundLandHard" value="Player_Male/player2LandHard" />
	<property name="SoundPlayerLandThump" value="PlayerLandThump" />
	<property name="Parent" value="Players" />
	<property name="PhysicsBody" value="Survivor" />
	<!-- AI properties -->
	<property name="AITask-1" value="ApproachAndAttackTarget" param1="EntityEnemy" />
	<property name="AITask-2" value="ApproachAndAttackTarget" param1="EntityZombie" />
	<property name="AITask-3" value="ApproachAndAttackTarget" param1="EntityZombieCop" param2="50" />
	<property name="AITask-4" value="ApproachAndAttackTarget" param1="EntityVulture" param2="50" />
	<property name="AITask-5" value="ApproachAndAttackTarget" param1="EntityZombieCrawl" />
	<property name="AITask-6" value="ApproachAndAttackTarget" param1="EntityZombieDog" />
	<property name="AITask-7" value="SetAsTargetIfHurt" param1="EntityZombieDog" />
	<property name="AITask-8" value="SetAsTargetIfHurt" param1="EntityEnemy" />	
	<property name="AITask-9" value="SetAsTargetIfHurt" param1="EntityZombie" />
	<property name="AITask-10" value="SetAsTargetIfHurt" param1="EntityZombieDog" />	
	<property name="AITask-11" value="SetAsTargetIfHurt" param1="EntityVulture" param2="50" />
	<property name="AITask-12" value="SetAsTargetIfHurt" param1="EntityZombieCrawl" />	
	<property name="AITask-13" value="SetAsTargetIfHurt" param1="EntityZombieCop" />
	<property name="AITask-14" value="ApproachSpot" />
	<property name="AITask-15" value="Wander" />
	<property name="AITarget-1" value="SetNearestEntityAsTarget" param1="EntityEnemy" />
	<property name="AITarget-2" value="SetNearestEntityAsTarget" param1="EntityZombie" />
	<property name="AITarget-3" value="SetNearestEntityAsTarget" param1="EntityZombieCop" />
	<property name="AITarget-4" value="SetNearestEntityAsTarget" param1="EntityVulture" param2="50" />
	<property name="AITarget-5" value="SetNearestEntityAsTarget" param1="EntityZombieCrawl" />
	<property name="AITarget-6" value="SetNearestEntityAsTarget" param1="EntityZombieDog" />
	<property name="AITarget-7" value="SetAsTargetIfHurt" param1="EntityEnemy" />
	<property name="AITarget-8" value="SetAsTargetIfHurt" param1="EntityZombie" />	
	<property name="AITarget-9" value="SetAsTargetIfHurt" param1="EntityZombieCop" />
	<property name="AITarget-10" value="SetAsTargetIfHurt" param1="EntityVulture" param2="50" />	
	<property name="AITarget-11" value="SetAsTargetIfHurt" param1="EntityZombieCrawl" />
	<property name="AITarget-12" value="SetAsTargetIfHurt" param1="EntityZombieDog" />
	<property name="AITarget-13" value="BlockingTargetTask" />
	<!-- General entity properties -->
	<property name="ItemsOnEnterGame.GameModeSurvival" value="followerclubSpiked"/>
	<property name="ItemsOnEnterGame.GameModeSurvivalSP" value="followerclubSpiked"/>
	<property name="ItemsOnEnterGame.GameModeSurvivalMP" value="followerclubSpiked"/>
	<property name="MaxHealth" value="350" />
	<property name="MaxViewAngle" value="180" />
	<property name="Weight" value="70" />
	<property name="WanderSpeed" value="0.5" />
	<property name="ApproachSpeed" value="1" />
	<property name="NightWanderSpeed" value="0.5" />
	<property name="NightApproachSpeed" value="1" />
	<property name="PanicSpeed" value="1.15" />
	<property name="CanClimbLadders" value="true" />
	<property name="IsEnemyEntity" value="false" />
	<!-- This decides on the particle effect played on hit -->
	<property name="SurfaceCategory" value="organic" />
	<property name="WalkType" value="7" />
	<property name="ParticleOnDeath" value="blood_death" />
	<property name="SoundRandomTime" value="200.0" />
	<!-- It will play the roam every 60/30 seconds -->
	<property name="SoundRandom" value="malehateroam" />
	<property name="SoundAlert" value="malehatealert" />
	<property name="SoundSense" value="malehatesense" />
	<property name="SoundHurt" value="malehatepain" />
	<property name="SoundDeath" value="malehatedeath" />
	<property name="SoundAttack" value="malehateattack" />
	<property name="TimeStayAfterDeath" value="5" />
	<!-- in s -->
	<property name="LootDropProb" value="0.02"/> <!-- Whether it drops a loot bag on death or not. -->
	<property name="LootDropEntityClass" value="EntityLootContainerRegular"/>
	<property name="ExperienceGain" value="1500"/>
	<property name="DeadBodyHitPoints" value="20" />
	<property name="HasDeathAnim" value="true" />
</entity_class>
</insertAfter>
<insertAfter xpath="/entity_classes/entity_class[@name='Shiva']" >
<entity_class name="Jesse" extends="npcSurvivorTemplate">
	<property name="Archetype" value="Jesse"/>
	<property name="ItemsOnEnterGame.GameModeSurvival" value="followerFireaxeIron"/>
	<property name="ItemsOnEnterGame.GameModeSurvivalSP" value="followerFireaxeIron"/>
	<property name="ItemsOnEnterGame.GameModeSurvivalMP" value="followerFireaxeIron"/>
	<property name="SoundHurt" value="Player_Female/player2painlg" />
	<property name="SoundHurtSmall" value="Player_Female/player2painsm" />
	<property name="SoundDeath" value="Player_Female/player2death" />
	<property name="SoundStamina" value="Player_Female/player2stamina" />
	<property name="SoundDrownPain" value="Player_Female/player2drownpain" />
	<property name="SoundWaterSurface" value="Player_Female/player2drownsurface" />
	<property name="SoundDrownDeath" value="Player_Female/player2drowndeath" />
	<property name="SoundJump" value="Player_Male/player2Jump" />
	<property name="SoundLandSoft" value="Player_Male/player2LandSoft" />
	<property name="SoundLandHard" value="Player_Male/player2LandHard" />
	<property name="SoundPlayerLandThump" value="PlayerLandThump" />
	<!-- in s -->
	<property name="AttackTimeoutDay" value="0.5" />
	<property name="AttackTimeoutNight" value="0.5" />
	
	<!-- AI properties -->
	<property name="AITask-1" value="ApproachAndAttackTarget" param1="EntityEnemy" />
	<property name="AITask-2" value="ApproachAndAttackTarget" param1="EntityZombie" />
	<property name="AITask-3" value="ApproachAndAttackTarget" param1="EntityZombieCop" param2="50" />
	<property name="AITask-4" value="ApproachAndAttackTarget" param1="EntityVulture" param2="50" />
	<property name="AITask-5" value="ApproachAndAttackTarget" param1="EntityZombieCrawl" />
	<property name="AITask-6" value="ApproachAndAttackTarget" param1="EntityZombieDog" />
	<property name="AITask-7" value="SetAsTargetIfHurt" param1="EntityZombieDog" />
	<property name="AITask-8" value="SetAsTargetIfHurt" param1="EntityEnemy" />	
	<property name="AITask-9" value="SetAsTargetIfHurt" param1="EntityZombie" />
	<property name="AITask-10" value="SetAsTargetIfHurt" param1="EntityZombieDog" />	
	<property name="AITask-11" value="SetAsTargetIfHurt" param1="EntityVulture" param2="50" />
	<property name="AITask-12" value="SetAsTargetIfHurt" param1="EntityZombieCrawl" />	
	<property name="AITask-13" value="SetAsTargetIfHurt" param1="EntityZombieCop" />
	<property name="AITask-14" value="ApproachSpot" />
	<property name="AITask-15" value="Wander" />
	<property name="AITarget-1" value="SetNearestEntityAsTarget" param1="EntityEnemy" />
	<property name="AITarget-2" value="SetNearestEntityAsTarget" param1="EntityZombie" />
	<property name="AITarget-3" value="SetNearestEntityAsTarget" param1="EntityZombieCop" />
	<property name="AITarget-4" value="SetNearestEntityAsTarget" param1="EntityVulture" param2="50" />
	<property name="AITarget-5" value="SetNearestEntityAsTarget" param1="EntityZombieCrawl" />
	<property name="AITarget-6" value="SetNearestEntityAsTarget" param1="EntityZombieDog" />
	<property name="AITarget-7" value="SetAsTargetIfHurt" param1="EntityEnemy" />
	<property name="AITarget-8" value="SetAsTargetIfHurt" param1="EntityZombie" />	
	<property name="AITarget-9" value="SetAsTargetIfHurt" param1="EntityZombieCop" />
	<property name="AITarget-10" value="SetAsTargetIfHurt" param1="EntityVulture" param2="50" />	
	<property name="AITarget-11" value="SetAsTargetIfHurt" param1="EntityZombieCrawl" />
	<property name="AITarget-12" value="SetAsTargetIfHurt" param1="EntityZombieDog" />
	<property name="AITarget-13" value="BlockingTargetTask" />
	<property name="CanClimbLadders" value="true" />
	
	<!-- General entity properties -->
	<property name="LootDropProb" value="0.02"/> <!-- Whether it drops a loot bag on death or not. -->
	<property name="LootDropEntityClass" value="EntityLootContainerRegular"/>
	</entity_class>
</insertAfter>
<insertAfter xpath="/entity_classes/entity_class[@name='Jesse']" >
<entity_class name="Jesus" extends="npcSurvivorTemplate">
	<property name="Archetype" value="Jesus"/>
	<property name="ItemsOnEnterGame.GameModeSurvival" value="followergunHuntingRifle"/>
	<property name="ItemsOnEnterGame.GameModeSurvivalSP" value="followergunHuntingRifle"/>
	<property name="ItemsOnEnterGame.GameModeSurvivalMP" value="followergunHuntingRifle"/>
	<property name="SoundRandom" value="Player_Male/player1stamina" />
	<property name="SoundHurt" value="Player_Male/player1painlg" />
	<property name="SoundHurtSmall" value="Player_Male/player1painsm" />
	<property name="SoundDeath" value="Player_Male/player1death" />
	<property name="SoundStamina" value="Player_Male/player1stamina" />
	<property name="SoundDrownPain" value="Player_Male/player1drownpain" />
	<property name="SoundWaterSurface" value="Player_Male/player1drownsurface" />
	<property name="SoundDrownDeath" value="Player_Male/player1drowndeath" />
	<property name="SoundJump" value="Player_Male/player1Jump" />
	<property name="SoundLandSoft" value="Player_Male/player1LandSoft" />
	<property name="SoundLandHard" value="Player_Male/player1LandHard" />
	<property name="SoundPlayerLandThump" value="PlayerLandThump" />
	<!-- in s -->
	<property name="AttackTimeoutDay" value="0.5" />
	<property name="AttackTimeoutNight" value="0.5" />
	
	<!-- AI properties -->
	<property name="AITask-1" value="ApproachAndAttackTarget" param1="EntityEnemy" />
	<property name="AITask-2" value="ApproachAndAttackTarget" param1="EntityZombie" />
	<property name="AITask-3" value="ApproachAndAttackTarget" param1="EntityZombieCop" param2="50" />
	<property name="AITask-4" value="ApproachAndAttackTarget" param1="EntityVulture" param2="50" />
	<property name="AITask-5" value="ApproachAndAttackTarget" param1="EntityZombieCrawl" />
	<property name="AITask-6" value="ApproachAndAttackTarget" param1="EntityZombieDog" />
	<property name="AITask-7" value="SetAsTargetIfHurt" param1="EntityZombieDog" />
	<property name="AITask-8" value="SetAsTargetIfHurt" param1="EntityEnemy" />	
	<property name="AITask-9" value="SetAsTargetIfHurt" param1="EntityZombie" />
	<property name="AITask-10" value="SetAsTargetIfHurt" param1="EntityZombieDog" />	
	<property name="AITask-11" value="SetAsTargetIfHurt" param1="EntityVulture" param2="50" />
	<property name="AITask-12" value="SetAsTargetIfHurt" param1="EntityZombieCrawl" />	
	<property name="AITask-13" value="SetAsTargetIfHurt" param1="EntityZombieCop" />
	<property name="AITask-14" value="ApproachSpot" />
	<property name="AITask-15" value="Wander" />
	<property name="AITarget-1" value="SetNearestEntityAsTarget" param1="EntityEnemy" />
	<property name="AITarget-2" value="SetNearestEntityAsTarget" param1="EntityZombie" />
	<property name="AITarget-3" value="SetNearestEntityAsTarget" param1="EntityZombieCop" />
	<property name="AITarget-4" value="SetNearestEntityAsTarget" param1="EntityVulture" param2="50" />
	<property name="AITarget-5" value="SetNearestEntityAsTarget" param1="EntityZombieCrawl" />
	<property name="AITarget-6" value="SetNearestEntityAsTarget" param1="EntityZombieDog" />
	<property name="AITarget-7" value="SetAsTargetIfHurt" param1="EntityEnemy" />
	<property name="AITarget-8" value="SetAsTargetIfHurt" param1="EntityZombie" />	
	<property name="AITarget-9" value="SetAsTargetIfHurt" param1="EntityZombieCop" />
	<property name="AITarget-10" value="SetAsTargetIfHurt" param1="EntityVulture" param2="50" />	
	<property name="AITarget-11" value="SetAsTargetIfHurt" param1="EntityZombieCrawl" />
	<property name="AITarget-12" value="SetAsTargetIfHurt" param1="EntityZombieDog" />
	<property name="AITarget-13" value="BlockingTargetTask" />
	<property name="CanClimbLadders" value="true" />
	<!-- General entity properties -->
	<property name="LootDropProb" value="0.02"/> <!-- Whether it drops a loot bag on death or not. -->
	<property name="LootDropEntityClass" value="EntityLootContainerRegular"/>
	</entity_class>
</insertAfter>
<insertAfter xpath="/entity_classes/entity_class[@name='Jesus']" >
<entity_class name="Tara" extends="npcSurvivorTemplate">
	<property name="Archetype" value="Tara"/>
	<property name="ItemsOnEnterGame.GameModeSurvival" value="followerblunderbuss"/>
	<property name="ItemsOnEnterGame.GameModeSurvivalSP" value="followerblunderbuss"/>
	<property name="ItemsOnEnterGame.GameModeSurvivalMP" value="followerblunderbuss"/>
	<property name="SoundHurt" value="Player_Female/player2painlg" />
	<property name="SoundHurtSmall" value="Player_Female/player2painsm" />
	<property name="SoundDeath" value="Player_Female/player2death" />
	<property name="SoundStamina" value="Player_Female/player2stamina" />
	<property name="SoundDrownPain" value="Player_Female/player2drownpain" />
	<property name="SoundWaterSurface" value="Player_Female/player2drownsurface" />
	<property name="SoundDrownDeath" value="Player_Female/player2drowndeath" />
	<property name="SoundJump" value="Player_Male/player2Jump" />
	<property name="SoundLandSoft" value="Player_Male/player2LandSoft" />
	<property name="SoundLandHard" value="Player_Male/player2LandHard" />
	<property name="SoundPlayerLandThump" value="PlayerLandThump" />
	<!-- in s -->
	<property name="AttackTimeoutDay" value="0.5" />
	<property name="AttackTimeoutNight" value="0.5" />
	
	<!-- AI properties -->
	<property name="AITask-1" value="ApproachAndAttackTarget" param1="EntityEnemy" />
	<property name="AITask-2" value="ApproachAndAttackTarget" param1="EntityZombie" />
	<property name="AITask-3" value="ApproachAndAttackTarget" param1="EntityZombieCop" param2="50" />
	<property name="AITask-4" value="ApproachAndAttackTarget" param1="EntityVulture" param2="50" />
	<property name="AITask-5" value="ApproachAndAttackTarget" param1="EntityZombieCrawl" />
	<property name="AITask-6" value="ApproachAndAttackTarget" param1="EntityZombieDog" />
	<property name="AITask-7" value="SetAsTargetIfHurt" param1="EntityZombieDog" />
	<property name="AITask-8" value="SetAsTargetIfHurt" param1="EntityEnemy" />	
	<property name="AITask-9" value="SetAsTargetIfHurt" param1="EntityZombie" />
	<property name="AITask-10" value="SetAsTargetIfHurt" param1="EntityZombieDog" />	
	<property name="AITask-11" value="SetAsTargetIfHurt" param1="EntityVulture" param2="50" />
	<property name="AITask-12" value="SetAsTargetIfHurt" param1="EntityZombieCrawl" />	
	<property name="AITask-13" value="SetAsTargetIfHurt" param1="EntityZombieCop" />
	<property name="AITask-14" value="ApproachSpot" />
	<property name="AITask-15" value="Wander" />
	<property name="AITarget-1" value="SetNearestEntityAsTarget" param1="EntityEnemy" />
	<property name="AITarget-2" value="SetNearestEntityAsTarget" param1="EntityZombie" />
	<property name="AITarget-3" value="SetNearestEntityAsTarget" param1="EntityZombieCop" />
	<property name="AITarget-4" value="SetNearestEntityAsTarget" param1="EntityVulture" param2="50" />
	<property name="AITarget-5" value="SetNearestEntityAsTarget" param1="EntityZombieCrawl" />
	<property name="AITarget-6" value="SetNearestEntityAsTarget" param1="EntityZombieDog" />
	<property name="AITarget-7" value="SetAsTargetIfHurt" param1="EntityEnemy" />
	<property name="AITarget-8" value="SetAsTargetIfHurt" param1="EntityZombie" />	
	<property name="AITarget-9" value="SetAsTargetIfHurt" param1="EntityZombieCop" />
	<property name="AITarget-10" value="SetAsTargetIfHurt" param1="EntityVulture" param2="50" />	
	<property name="AITarget-11" value="SetAsTargetIfHurt" param1="EntityZombieCrawl" />
	<property name="AITarget-12" value="SetAsTargetIfHurt" param1="EntityZombieDog" />
	<property name="AITarget-13" value="BlockingTargetTask" />
	<property name="CanClimbLadders" value="true" />
	<!-- General entity properties -->
	<property name="LootDropProb" value="0.02"/> <!-- Whether it drops a loot bag on death or not. -->
	<property name="LootDropEntityClass" value="EntityLootContainerRegular"/>
	</entity_class>
</insertAfter>
<insertAfter xpath="/entity_classes/entity_class[@name='Tara']" >
<entity_class name="Abraham" extends="npcSurvivorTemplate">
	<property name="Archetype" value="Abraham"/>
	<property name="ItemsOnEnterGame.GameModeSurvival" value="followersledgehammer"/>
	<property name="ItemsOnEnterGame.GameModeSurvivalSP" value="followersledgehammer"/>
	<property name="ItemsOnEnterGame.GameModeSurvivalMP" value="followersledgehammer"/>
	<property name="SoundRandom" value="Player_Male/player1stamina" />
	<property name="SoundHurt" value="Player_Male/player1painlg" />
	<property name="SoundHurtSmall" value="Player_Male/player1painsm" />
	<property name="SoundDeath" value="Player_Male/player1death" />
	<property name="SoundStamina" value="Player_Male/player1stamina" />
	<property name="SoundDrownPain" value="Player_Male/player1drownpain" />
	<property name="SoundWaterSurface" value="Player_Male/player1drownsurface" />
	<property name="SoundDrownDeath" value="Player_Male/player1drowndeath" />
	<property name="SoundJump" value="Player_Male/player1Jump" />
	<property name="SoundLandSoft" value="Player_Male/player1LandSoft" />
	<property name="SoundLandHard" value="Player_Male/player1LandHard" />
	<property name="SoundPlayerLandThump" value="PlayerLandThump" />
	<!-- in s -->
	<property name="AttackTimeoutDay" value="0.5" />
	<property name="AttackTimeoutNight" value="0.5" />
	
	<!-- AI properties -->
	<property name="AITask-1" value="ApproachAndAttackTarget" param1="EntityEnemy" />
	<property name="AITask-2" value="ApproachAndAttackTarget" param1="EntityZombie" />
	<property name="AITask-3" value="ApproachAndAttackTarget" param1="EntityZombieCop" param2="50" />
	<property name="AITask-4" value="ApproachAndAttackTarget" param1="EntityVulture" param2="50" />
	<property name="AITask-5" value="ApproachAndAttackTarget" param1="EntityZombieCrawl" />
	<property name="AITask-6" value="ApproachAndAttackTarget" param1="EntityZombieDog" />
	<property name="AITask-7" value="SetAsTargetIfHurt" param1="EntityZombieDog" />
	<property name="AITask-8" value="SetAsTargetIfHurt" param1="EntityEnemy" />	
	<property name="AITask-9" value="SetAsTargetIfHurt" param1="EntityZombie" />
	<property name="AITask-10" value="SetAsTargetIfHurt" param1="EntityZombieDog" />	
	<property name="AITask-11" value="SetAsTargetIfHurt" param1="EntityVulture" param2="50" />
	<property name="AITask-12" value="SetAsTargetIfHurt" param1="EntityZombieCrawl" />	
	<property name="AITask-13" value="SetAsTargetIfHurt" param1="EntityZombieCop" />
	<property name="AITask-14" value="ApproachSpot" />
	<property name="AITask-15" value="Wander" />
	<property name="AITarget-1" value="SetNearestEntityAsTarget" param1="EntityEnemy" />
	<property name="AITarget-2" value="SetNearestEntityAsTarget" param1="EntityZombie" />
	<property name="AITarget-3" value="SetNearestEntityAsTarget" param1="EntityZombieCop" />
	<property name="AITarget-4" value="SetNearestEntityAsTarget" param1="EntityVulture" param2="50" />
	<property name="AITarget-5" value="SetNearestEntityAsTarget" param1="EntityZombieCrawl" />
	<property name="AITarget-6" value="SetNearestEntityAsTarget" param1="EntityZombieDog" />
	<property name="AITarget-7" value="SetAsTargetIfHurt" param1="EntityEnemy" />
	<property name="AITarget-8" value="SetAsTargetIfHurt" param1="EntityZombie" />	
	<property name="AITarget-9" value="SetAsTargetIfHurt" param1="EntityZombieCop" />
	<property name="AITarget-10" value="SetAsTargetIfHurt" param1="EntityVulture" param2="50" />	
	<property name="AITarget-11" value="SetAsTargetIfHurt" param1="EntityZombieCrawl" />
	<property name="AITarget-12" value="SetAsTargetIfHurt" param1="EntityZombieDog" />
	<property name="AITarget-13" value="BlockingTargetTask" />
	<property name="CanClimbLadders" value="true" />
	<!-- General entity properties -->
	<property name="LootDropProb" value="0.02"/> <!-- Whether it drops a loot bag on death or not. -->
	<property name="LootDropEntityClass" value="EntityLootContainerRegular"/>
	</entity_class>
</insertAfter>
<insertAfter xpath="/entity_classes/entity_class[@name='Abraham']" >
<entity_class name="Michonne" extends="npcSurvivorTemplate">
	<property name="Archetype" value="Michonne"/>
	<property name="ItemsOnEnterGame.GameModeSurvival" value="followermachete"/>
	<property name="ItemsOnEnterGame.GameModeSurvivalSP" value="followermachete"/>
	<property name="ItemsOnEnterGame.GameModeSurvivalMP" value="followermachete"/>
	<property name="SoundHurt" value="Player_Female/player2painlg" />
	<property name="SoundHurtSmall" value="Player_Female/player2painsm" />
	<property name="SoundDeath" value="Player_Female/player2death" />
	<property name="SoundStamina" value="Player_Female/player2stamina" />
	<property name="SoundDrownPain" value="Player_Female/player2drownpain" />
	<property name="SoundWaterSurface" value="Player_Female/player2drownsurface" />
	<property name="SoundDrownDeath" value="Player_Female/player2drowndeath" />
	<property name="SoundJump" value="Player_Male/player2Jump" />
	<property name="SoundLandSoft" value="Player_Male/player2LandSoft" />
	<property name="SoundLandHard" value="Player_Male/player2LandHard" />
	<property name="SoundPlayerLandThump" value="PlayerLandThump" />
	<!-- in s -->
	<property name="AttackTimeoutDay" value="0.5" />
	<property name="AttackTimeoutNight" value="0.5" />
	
	<!-- AI properties -->
	<property name="AITask-1" value="ApproachAndAttackTarget" param1="EntityEnemy" />
	<property name="AITask-2" value="ApproachAndAttackTarget" param1="EntityZombie" />
	<property name="AITask-3" value="ApproachAndAttackTarget" param1="EntityZombieCop" param2="50" />
	<property name="AITask-4" value="ApproachAndAttackTarget" param1="EntityVulture" param2="50" />
	<property name="AITask-5" value="ApproachAndAttackTarget" param1="EntityZombieCrawl" />
	<property name="AITask-6" value="ApproachAndAttackTarget" param1="EntityZombieDog" />
	<property name="AITask-7" value="SetAsTargetIfHurt" param1="EntityZombieDog" />
	<property name="AITask-8" value="SetAsTargetIfHurt" param1="EntityEnemy" />	
	<property name="AITask-9" value="SetAsTargetIfHurt" param1="EntityZombie" />
	<property name="AITask-10" value="SetAsTargetIfHurt" param1="EntityZombieDog" />	
	<property name="AITask-11" value="SetAsTargetIfHurt" param1="EntityVulture" param2="50" />
	<property name="AITask-12" value="SetAsTargetIfHurt" param1="EntityZombieCrawl" />	
	<property name="AITask-13" value="SetAsTargetIfHurt" param1="EntityZombieCop" />
	<property name="AITask-14" value="ApproachSpot" />
	<property name="AITask-15" value="Wander" />
	<property name="AITarget-1" value="SetNearestEntityAsTarget" param1="EntityEnemy" />
	<property name="AITarget-2" value="SetNearestEntityAsTarget" param1="EntityZombie" />
	<property name="AITarget-3" value="SetNearestEntityAsTarget" param1="EntityZombieCop" />
	<property name="AITarget-4" value="SetNearestEntityAsTarget" param1="EntityVulture" param2="50" />
	<property name="AITarget-5" value="SetNearestEntityAsTarget" param1="EntityZombieCrawl" />
	<property name="AITarget-6" value="SetNearestEntityAsTarget" param1="EntityZombieDog" />
	<property name="AITarget-7" value="SetAsTargetIfHurt" param1="EntityEnemy" />
	<property name="AITarget-8" value="SetAsTargetIfHurt" param1="EntityZombie" />	
	<property name="AITarget-9" value="SetAsTargetIfHurt" param1="EntityZombieCop" />
	<property name="AITarget-10" value="SetAsTargetIfHurt" param1="EntityVulture" param2="50" />	
	<property name="AITarget-11" value="SetAsTargetIfHurt" param1="EntityZombieCrawl" />
	<property name="AITarget-12" value="SetAsTargetIfHurt" param1="EntityZombieDog" />
	<property name="AITarget-13" value="BlockingTargetTask" />
	<property name="CanClimbLadders" value="true" />
	<!-- General entity properties -->
	<property name="LootDropProb" value="0.02"/> <!-- Whether it drops a loot bag on death or not. -->
	<property name="LootDropEntityClass" value="EntityLootContainerRegular"/>
	</entity_class>
</insertAfter>
<insertAfter xpath="/entity_classes/entity_class[@name='Michonne']" >
<entity_class name="Morgan" extends="npcSurvivorTemplate">
	<property name="Archetype" value="Morgan"/>
	<property name="ItemsOnEnterGame.GameModeSurvival" value="followerClubWood"/>
	<property name="ItemsOnEnterGame.GameModeSurvivalSP" value="followerClubWood"/>
	<property name="ItemsOnEnterGame.GameModeSurvivalMP" value="followerClubWood"/>
	<property name="SoundRandom" value="Player_Male/player1stamina" />
	<property name="SoundHurt" value="Player_Male/player1painlg" />
	<property name="SoundHurtSmall" value="Player_Male/player1painsm" />
	<property name="SoundDeath" value="Player_Male/player1death" />
	<property name="SoundStamina" value="Player_Male/player1stamina" />
	<property name="SoundDrownPain" value="Player_Male/player1drownpain" />
	<property name="SoundWaterSurface" value="Player_Male/player1drownsurface" />
	<property name="SoundDrownDeath" value="Player_Male/player1drowndeath" />
	<property name="SoundJump" value="Player_Male/player1Jump" />
	<property name="SoundLandSoft" value="Player_Male/player1LandSoft" />
	<property name="SoundLandHard" value="Player_Male/player1LandHard" />
	<property name="SoundPlayerLandThump" value="PlayerLandThump" />
	<!-- in s -->
	<property name="AttackTimeoutDay" value="0.5" />
	<property name="AttackTimeoutNight" value="0.5" />
	
	<!-- AI properties -->
	<property name="AITask-1" value="ApproachAndAttackTarget" param1="EntityEnemy" />
	<property name="AITask-2" value="ApproachAndAttackTarget" param1="EntityZombie" />
	<property name="AITask-3" value="ApproachAndAttackTarget" param1="EntityZombieCop" param2="50" />
	<property name="AITask-4" value="ApproachAndAttackTarget" param1="EntityVulture" param2="50" />
	<property name="AITask-5" value="ApproachAndAttackTarget" param1="EntityZombieCrawl" />
	<property name="AITask-6" value="ApproachAndAttackTarget" param1="EntityZombieDog" />
	<property name="AITask-7" value="SetAsTargetIfHurt" param1="EntityZombieDog" />
	<property name="AITask-8" value="SetAsTargetIfHurt" param1="EntityEnemy" />	
	<property name="AITask-9" value="SetAsTargetIfHurt" param1="EntityZombie" />
	<property name="AITask-10" value="SetAsTargetIfHurt" param1="EntityZombieDog" />	
	<property name="AITask-11" value="SetAsTargetIfHurt" param1="EntityVulture" param2="50" />
	<property name="AITask-12" value="SetAsTargetIfHurt" param1="EntityZombieCrawl" />	
	<property name="AITask-13" value="SetAsTargetIfHurt" param1="EntityZombieCop" />
	<property name="AITask-14" value="ApproachSpot" />
	<property name="AITask-15" value="Wander" />
	<property name="AITarget-1" value="SetNearestEntityAsTarget" param1="EntityEnemy" />
	<property name="AITarget-2" value="SetNearestEntityAsTarget" param1="EntityZombie" />
	<property name="AITarget-3" value="SetNearestEntityAsTarget" param1="EntityZombieCop" />
	<property name="AITarget-4" value="SetNearestEntityAsTarget" param1="EntityVulture" param2="50" />
	<property name="AITarget-5" value="SetNearestEntityAsTarget" param1="EntityZombieCrawl" />
	<property name="AITarget-6" value="SetNearestEntityAsTarget" param1="EntityZombieDog" />
	<property name="AITarget-7" value="SetAsTargetIfHurt" param1="EntityEnemy" />
	<property name="AITarget-8" value="SetAsTargetIfHurt" param1="EntityZombie" />	
	<property name="AITarget-9" value="SetAsTargetIfHurt" param1="EntityZombieCop" />
	<property name="AITarget-10" value="SetAsTargetIfHurt" param1="EntityVulture" param2="50" />	
	<property name="AITarget-11" value="SetAsTargetIfHurt" param1="EntityZombieCrawl" />
	<property name="AITarget-12" value="SetAsTargetIfHurt" param1="EntityZombieDog" />
	<property name="AITarget-13" value="BlockingTargetTask" />
	<property name="CanClimbLadders" value="true" />
	<!-- General entity properties -->
	<property name="LootDropProb" value="0.02"/> <!-- Whether it drops a loot bag on death or not. -->
	<property name="LootDropEntityClass" value="EntityLootContainerRegular"/>
	</entity_class>
</insertAfter>
<insertAfter xpath="/entity_classes/entity_class[@name='Morgan']" >
<entity_class name="Lori" extends="npcSurvivorTemplate">
	<property name="Archetype" value="Lori"/>
	<property name="ItemsOnEnterGame.GameModeSurvival" value="followergunPistol"/>
	<property name="ItemsOnEnterGame.GameModeSurvivalSP" value="followergunPistol"/>
	<property name="ItemsOnEnterGame.GameModeSurvivalMP" value="followergunPistol"/>
	<property name="SoundHurt" value="Player_Female/player2painlg" />
	<property name="SoundHurtSmall" value="Player_Female/player2painsm" />
	<property name="SoundDeath" value="Player_Female/player2death" />
	<property name="SoundStamina" value="Player_Female/player2stamina" />
	<property name="SoundDrownPain" value="Player_Female/player2drownpain" />
	<property name="SoundWaterSurface" value="Player_Female/player2drownsurface" />
	<property name="SoundDrownDeath" value="Player_Female/player2drowndeath" />
	<property name="SoundJump" value="Player_Male/player2Jump" />
	<property name="SoundLandSoft" value="Player_Male/player2LandSoft" />
	<property name="SoundLandHard" value="Player_Male/player2LandHard" />
	<property name="SoundPlayerLandThump" value="PlayerLandThump" />
	<!-- in s -->
	<property name="AttackTimeoutDay" value="0.5" />
	<property name="AttackTimeoutNight" value="0.5" />
	
	<!-- AI properties -->
	<property name="AITask-1" value="ApproachAndAttackTarget" param1="EntityEnemy" />
	<property name="AITask-2" value="ApproachAndAttackTarget" param1="EntityZombie" />
	<property name="AITask-3" value="ApproachAndAttackTarget" param1="EntityZombieCop" param2="50" />
	<property name="AITask-4" value="ApproachAndAttackTarget" param1="EntityVulture" param2="50" />
	<property name="AITask-5" value="ApproachAndAttackTarget" param1="EntityZombieCrawl" />
	<property name="AITask-6" value="ApproachAndAttackTarget" param1="EntityZombieDog" />
	<property name="AITask-7" value="SetAsTargetIfHurt" param1="EntityZombieDog" />
	<property name="AITask-8" value="SetAsTargetIfHurt" param1="EntityEnemy" />	
	<property name="AITask-9" value="SetAsTargetIfHurt" param1="EntityZombie" />
	<property name="AITask-10" value="SetAsTargetIfHurt" param1="EntityZombieDog" />	
	<property name="AITask-11" value="SetAsTargetIfHurt" param1="EntityVulture" param2="50" />
	<property name="AITask-12" value="SetAsTargetIfHurt" param1="EntityZombieCrawl" />	
	<property name="AITask-13" value="SetAsTargetIfHurt" param1="EntityZombieCop" />
	<property name="AITask-14" value="ApproachSpot" />
	<property name="AITask-15" value="Wander" />
	<property name="AITarget-1" value="SetNearestEntityAsTarget" param1="EntityEnemy" />
	<property name="AITarget-2" value="SetNearestEntityAsTarget" param1="EntityZombie" />
	<property name="AITarget-3" value="SetNearestEntityAsTarget" param1="EntityZombieCop" />
	<property name="AITarget-4" value="SetNearestEntityAsTarget" param1="EntityVulture" param2="50" />
	<property name="AITarget-5" value="SetNearestEntityAsTarget" param1="EntityZombieCrawl" />
	<property name="AITarget-6" value="SetNearestEntityAsTarget" param1="EntityZombieDog" />
	<property name="AITarget-7" value="SetAsTargetIfHurt" param1="EntityEnemy" />
	<property name="AITarget-8" value="SetAsTargetIfHurt" param1="EntityZombie" />	
	<property name="AITarget-9" value="SetAsTargetIfHurt" param1="EntityZombieCop" />
	<property name="AITarget-10" value="SetAsTargetIfHurt" param1="EntityVulture" param2="50" />	
	<property name="AITarget-11" value="SetAsTargetIfHurt" param1="EntityZombieCrawl" />
	<property name="AITarget-12" value="SetAsTargetIfHurt" param1="EntityZombieDog" />
	<property name="AITarget-13" value="BlockingTargetTask" />
	<property name="CanClimbLadders" value="true" />
	<!-- General entity properties -->
	<property name="LootDropProb" value="0.02"/> <!-- Whether it drops a loot bag on death or not. -->
	<property name="LootDropEntityClass" value="EntityLootContainerRegular"/>
	</entity_class>
</insertAfter>
<insertAfter xpath="/entity_classes/entity_class[@name='Lori']" >
<entity_class name="Glenn" extends="npcSurvivorTemplate">
	<property name="Archetype" value="Glenn"/>
	<property name="ItemsOnEnterGame.GameModeSurvival" value="followergunRocketLauncher"/>
	<property name="ItemsOnEnterGame.GameModeSurvivalSP" value="followergunRocketLauncher"/>
	<property name="ItemsOnEnterGame.GameModeSurvivalMP" value="followergunRocketLauncher"/>
	<property name="SoundRandom" value="Player_Male/player1stamina" />
	<property name="SoundHurt" value="Player_Male/player1painlg" />
	<property name="SoundHurtSmall" value="Player_Male/player1painsm" />
	<property name="SoundDeath" value="Player_Male/player1death" />
	<property name="SoundStamina" value="Player_Male/player1stamina" />
	<property name="SoundDrownPain" value="Player_Male/player1drownpain" />
	<property name="SoundWaterSurface" value="Player_Male/player1drownsurface" />
	<property name="SoundDrownDeath" value="Player_Male/player1drowndeath" />
	<property name="SoundJump" value="Player_Male/player1Jump" />
	<property name="SoundLandSoft" value="Player_Male/player1LandSoft" />
	<property name="SoundLandHard" value="Player_Male/player1LandHard" />
	<property name="SoundPlayerLandThump" value="PlayerLandThump" />
	<!-- in s -->
	<property name="AttackTimeoutDay" value="0.5" />
	<property name="AttackTimeoutNight" value="0.5" />
	
	<!-- AI properties -->
	<property name="AITask-1" value="ApproachAndAttackTarget" param1="EntityEnemy" />
	<property name="AITask-2" value="ApproachAndAttackTarget" param1="EntityZombie" />
	<property name="AITask-3" value="ApproachAndAttackTarget" param1="EntityZombieCop" param2="50" />
	<property name="AITask-4" value="ApproachAndAttackTarget" param1="EntityVulture" param2="50" />
	<property name="AITask-5" value="ApproachAndAttackTarget" param1="EntityZombieCrawl" />
	<property name="AITask-6" value="ApproachAndAttackTarget" param1="EntityZombieDog" />
	<property name="AITask-7" value="SetAsTargetIfHurt" param1="EntityZombieDog" />
	<property name="AITask-8" value="SetAsTargetIfHurt" param1="EntityEnemy" />	
	<property name="AITask-9" value="SetAsTargetIfHurt" param1="EntityZombie" />
	<property name="AITask-10" value="SetAsTargetIfHurt" param1="EntityZombieDog" />	
	<property name="AITask-11" value="SetAsTargetIfHurt" param1="EntityVulture" param2="50" />
	<property name="AITask-12" value="SetAsTargetIfHurt" param1="EntityZombieCrawl" />	
	<property name="AITask-13" value="SetAsTargetIfHurt" param1="EntityZombieCop" />
	<property name="AITask-14" value="ApproachSpot" />
	<property name="AITask-15" value="Wander" />
	<property name="AITarget-1" value="SetNearestEntityAsTarget" param1="EntityEnemy" />
	<property name="AITarget-2" value="SetNearestEntityAsTarget" param1="EntityZombie" />
	<property name="AITarget-3" value="SetNearestEntityAsTarget" param1="EntityZombieCop" />
	<property name="AITarget-4" value="SetNearestEntityAsTarget" param1="EntityVulture" param2="50" />
	<property name="AITarget-5" value="SetNearestEntityAsTarget" param1="EntityZombieCrawl" />
	<property name="AITarget-6" value="SetNearestEntityAsTarget" param1="EntityZombieDog" />
	<property name="AITarget-7" value="SetAsTargetIfHurt" param1="EntityEnemy" />
	<property name="AITarget-8" value="SetAsTargetIfHurt" param1="EntityZombie" />	
	<property name="AITarget-9" value="SetAsTargetIfHurt" param1="EntityZombieCop" />
	<property name="AITarget-10" value="SetAsTargetIfHurt" param1="EntityVulture" param2="50" />	
	<property name="AITarget-11" value="SetAsTargetIfHurt" param1="EntityZombieCrawl" />
	<property name="AITarget-12" value="SetAsTargetIfHurt" param1="EntityZombieDog" />
	<property name="AITarget-13" value="BlockingTargetTask" />
	<property name="CanClimbLadders" value="true" />
	<!-- General entity properties -->
	<property name="LootDropProb" value="0.02"/> <!-- Whether it drops a loot bag on death or not. -->
	<property name="LootDropEntityClass" value="EntityLootContainerRegular"/>
</entity_class>
</insertAfter>
<insertAfter xpath="/entity_classes/entity_class[@name='Glenn']" >
<entity_class name="Carol" extends="npcSurvivorTemplate">
	<property name="Archetype" value="Carol"/>
	<property name="ItemsOnEnterGame.GameModeSurvival" value="followergunSniperRifle"/>
	<property name="ItemsOnEnterGame.GameModeSurvivalSP" value="followergunSniperRifle"/>
	<property name="ItemsOnEnterGame.GameModeSurvivalMP" value="followergunSniperRifle"/>
	<property name="SoundHurt" value="Player_Female/player2painlg" />
	<property name="SoundHurtSmall" value="Player_Female/player2painsm" />
	<property name="SoundDeath" value="Player_Female/player2death" />
	<property name="SoundStamina" value="Player_Female/player2stamina" />
	<property name="SoundDrownPain" value="Player_Female/player2drownpain" />
	<property name="SoundWaterSurface" value="Player_Female/player2drownsurface" />
	<property name="SoundDrownDeath" value="Player_Female/player2drowndeath" />
	<property name="SoundJump" value="Player_Male/player2Jump" />
	<property name="SoundLandSoft" value="Player_Male/player2LandSoft" />
	<property name="SoundLandHard" value="Player_Male/player2LandHard" />
	<property name="SoundPlayerLandThump" value="PlayerLandThump" />
	<!-- in s -->
	<property name="AttackTimeoutDay" value="0.5" />
	<property name="AttackTimeoutNight" value="0.5" />
	
	<!-- AI properties -->
	<property name="AITask-1" value="ApproachAndAttackTarget" param1="EntityEnemy" />
	<property name="AITask-2" value="ApproachAndAttackTarget" param1="EntityZombie" />
	<property name="AITask-3" value="ApproachAndAttackTarget" param1="EntityZombieCop" param2="50" />
	<property name="AITask-4" value="ApproachAndAttackTarget" param1="EntityVulture" param2="50" />
	<property name="AITask-5" value="ApproachAndAttackTarget" param1="EntityZombieCrawl" />
	<property name="AITask-6" value="ApproachAndAttackTarget" param1="EntityZombieDog" />
	<property name="AITask-7" value="SetAsTargetIfHurt" param1="EntityZombieDog" />
	<property name="AITask-8" value="SetAsTargetIfHurt" param1="EntityEnemy" />	
	<property name="AITask-9" value="SetAsTargetIfHurt" param1="EntityZombie" />
	<property name="AITask-10" value="SetAsTargetIfHurt" param1="EntityZombieDog" />	
	<property name="AITask-11" value="SetAsTargetIfHurt" param1="EntityVulture" param2="50" />
	<property name="AITask-12" value="SetAsTargetIfHurt" param1="EntityZombieCrawl" />	
	<property name="AITask-13" value="SetAsTargetIfHurt" param1="EntityZombieCop" />
	<property name="AITask-14" value="ApproachSpot" />
	<property name="AITask-15" value="Wander" />
	<property name="AITarget-1" value="SetNearestEntityAsTarget" param1="EntityEnemy" />
	<property name="AITarget-2" value="SetNearestEntityAsTarget" param1="EntityZombie" />
	<property name="AITarget-3" value="SetNearestEntityAsTarget" param1="EntityZombieCop" />
	<property name="AITarget-4" value="SetNearestEntityAsTarget" param1="EntityVulture" param2="50" />
	<property name="AITarget-5" value="SetNearestEntityAsTarget" param1="EntityZombieCrawl" />
	<property name="AITarget-6" value="SetNearestEntityAsTarget" param1="EntityZombieDog" />
	<property name="AITarget-7" value="SetAsTargetIfHurt" param1="EntityEnemy" />
	<property name="AITarget-8" value="SetAsTargetIfHurt" param1="EntityZombie" />	
	<property name="AITarget-9" value="SetAsTargetIfHurt" param1="EntityZombieCop" />
	<property name="AITarget-10" value="SetAsTargetIfHurt" param1="EntityVulture" param2="50" />	
	<property name="AITarget-11" value="SetAsTargetIfHurt" param1="EntityZombieCrawl" />
	<property name="AITarget-12" value="SetAsTargetIfHurt" param1="EntityZombieDog" />
	<property name="AITarget-13" value="BlockingTargetTask" />
	<property name="CanClimbLadders" value="true" />
	<!-- General entity properties -->
	<property name="LootDropProb" value="0.02"/> <!-- Whether it drops a loot bag on death or not. -->
	<property name="LootDropEntityClass" value="EntityLootContainerRegular"/>
</entity_class>
</insertAfter>
<insertAfter xpath="/entity_classes/entity_class[@name='Carol']" >
<entity_class name="Tyreese" extends="npcSurvivorTemplate">
	<property name="Archetype" value="Tyreese"/>
	<property name="ItemsOnEnterGame.GameModeSurvival" value="followerCompoundBow"/>
	<property name="ItemsOnEnterGame.GameModeSurvivalSP" value="followerCompoundBow"/>
	<property name="ItemsOnEnterGame.GameModeSurvivalMP" value="followerCompoundBow"/>
	<property name="SoundRandom" value="Player_Male/player1stamina" />
	<property name="SoundHurt" value="Player_Male/player1painlg" />
	<property name="SoundHurtSmall" value="Player_Male/player1painsm" />
	<property name="SoundDeath" value="Player_Male/player1death" />
	<property name="SoundStamina" value="Player_Male/player1stamina" />
	<property name="SoundDrownPain" value="Player_Male/player1drownpain" />
	<property name="SoundWaterSurface" value="Player_Male/player1drownsurface" />
	<property name="SoundDrownDeath" value="Player_Male/player1drowndeath" />
	<property name="SoundJump" value="Player_Male/player1Jump" />
	<property name="SoundLandSoft" value="Player_Male/player1LandSoft" />
	<property name="SoundLandHard" value="Player_Male/player1LandHard" />
	<property name="SoundPlayerLandThump" value="PlayerLandThump" />
	<!-- in s -->
	<property name="AttackTimeoutDay" value="0.5" />
	<property name="AttackTimeoutNight" value="0.5" />
	
	<!-- AI properties -->
	<property name="AITask-1" value="ApproachAndAttackTarget" param1="EntityEnemy" />
	<property name="AITask-2" value="ApproachAndAttackTarget" param1="EntityZombie" />
	<property name="AITask-3" value="ApproachAndAttackTarget" param1="EntityZombieCop" param2="50" />
	<property name="AITask-4" value="ApproachAndAttackTarget" param1="EntityVulture" param2="50" />
	<property name="AITask-5" value="ApproachAndAttackTarget" param1="EntityZombieCrawl" />
	<property name="AITask-6" value="ApproachAndAttackTarget" param1="EntityZombieDog" />
	<property name="AITask-7" value="SetAsTargetIfHurt" param1="EntityZombieDog" />
	<property name="AITask-8" value="SetAsTargetIfHurt" param1="EntityEnemy" />	
	<property name="AITask-9" value="SetAsTargetIfHurt" param1="EntityZombie" />
	<property name="AITask-10" value="SetAsTargetIfHurt" param1="EntityZombieDog" />	
	<property name="AITask-11" value="SetAsTargetIfHurt" param1="EntityVulture" param2="50" />
	<property name="AITask-12" value="SetAsTargetIfHurt" param1="EntityZombieCrawl" />	
	<property name="AITask-13" value="SetAsTargetIfHurt" param1="EntityZombieCop" />
	<property name="AITask-14" value="ApproachSpot" />
	<property name="AITask-15" value="Wander" />
	<property name="AITarget-1" value="SetNearestEntityAsTarget" param1="EntityEnemy" />
	<property name="AITarget-2" value="SetNearestEntityAsTarget" param1="EntityZombie" />
	<property name="AITarget-3" value="SetNearestEntityAsTarget" param1="EntityZombieCop" />
	<property name="AITarget-4" value="SetNearestEntityAsTarget" param1="EntityVulture" param2="50" />
	<property name="AITarget-5" value="SetNearestEntityAsTarget" param1="EntityZombieCrawl" />
	<property name="AITarget-6" value="SetNearestEntityAsTarget" param1="EntityZombieDog" />
	<property name="AITarget-7" value="SetAsTargetIfHurt" param1="EntityEnemy" />
	<property name="AITarget-8" value="SetAsTargetIfHurt" param1="EntityZombie" />	
	<property name="AITarget-9" value="SetAsTargetIfHurt" param1="EntityZombieCop" />
	<property name="AITarget-10" value="SetAsTargetIfHurt" param1="EntityVulture" param2="50" />	
	<property name="AITarget-11" value="SetAsTargetIfHurt" param1="EntityZombieCrawl" />
	<property name="AITarget-12" value="SetAsTargetIfHurt" param1="EntityZombieDog" />
	<property name="AITarget-13" value="BlockingTargetTask" />
	<property name="CanClimbLadders" value="true" />
	<!-- General entity properties -->
	<property name="LootDropProb" value="0.02"/> <!-- Whether it drops a loot bag on death or not. -->
	<property name="LootDropEntityClass" value="EntityLootContainerRegular"/>
	</entity_class>
</insertAfter>
<insertAfter xpath="/entity_classes/entity_class[@name='Tyreese']" >
<entity_class name="Rick" extends="npcSurvivorTemplate">
	<property name="Archetype" value="Rick"/>
	<property name="ItemsOnEnterGame.GameModeSurvival" value="followergun44Magnum"/>
	<property name="ItemsOnEnterGame.GameModeSurvivalSP" value="followergun44Magnum"/>
	<property name="ItemsOnEnterGame.GameModeSurvivalMP" value="followergun44Magnum"/>
	<property name="SoundRandom" value="Player_Male/player1stamina" />
	<property name="SoundHurt" value="Player_Male/player1painlg" />
	<property name="SoundHurtSmall" value="Player_Male/player1painsm" />
	<property name="SoundDeath" value="Player_Male/player1death" />
	<property name="SoundStamina" value="Player_Male/player1stamina" />
	<property name="SoundDrownPain" value="Player_Male/player1drownpain" />
	<property name="SoundWaterSurface" value="Player_Male/player1drownsurface" />
	<property name="SoundDrownDeath" value="Player_Male/player1drowndeath" />
	<property name="SoundJump" value="Player_Male/player1Jump" />
	<property name="SoundLandSoft" value="Player_Male/player1LandSoft" />
	<property name="SoundLandHard" value="Player_Male/player1LandHard" />
	<property name="SoundPlayerLandThump" value="PlayerLandThump" />
	<!-- in s -->
	<property name="AttackTimeoutDay" value="0.5" />
	<property name="AttackTimeoutNight" value="0.5" />
	
	<!-- AI properties -->
	<property name="AITask-1" value="ApproachAndAttackTarget" param1="EntityEnemy" />
	<property name="AITask-2" value="ApproachAndAttackTarget" param1="EntityZombie" />
	<property name="AITask-3" value="ApproachAndAttackTarget" param1="EntityZombieCop" param2="50" />
	<property name="AITask-4" value="ApproachAndAttackTarget" param1="EntityVulture" param2="50" />
	<property name="AITask-5" value="ApproachAndAttackTarget" param1="EntityZombieCrawl" />
	<property name="AITask-6" value="ApproachAndAttackTarget" param1="EntityZombieDog" />
	<property name="AITask-7" value="SetAsTargetIfHurt" param1="EntityZombieDog" />
	<property name="AITask-8" value="SetAsTargetIfHurt" param1="EntityEnemy" />	
	<property name="AITask-9" value="SetAsTargetIfHurt" param1="EntityZombie" />
	<property name="AITask-10" value="SetAsTargetIfHurt" param1="EntityZombieDog" />	
	<property name="AITask-11" value="SetAsTargetIfHurt" param1="EntityVulture" param2="50" />
	<property name="AITask-12" value="SetAsTargetIfHurt" param1="EntityZombieCrawl" />	
	<property name="AITask-13" value="SetAsTargetIfHurt" param1="EntityZombieCop" />
	<property name="AITask-14" value="ApproachSpot" />
	<property name="AITask-15" value="Wander" />
	<property name="AITarget-1" value="SetNearestEntityAsTarget" param1="EntityEnemy" />
	<property name="AITarget-2" value="SetNearestEntityAsTarget" param1="EntityZombie" />
	<property name="AITarget-3" value="SetNearestEntityAsTarget" param1="EntityZombieCop" />
	<property name="AITarget-4" value="SetNearestEntityAsTarget" param1="EntityVulture" param2="50" />
	<property name="AITarget-5" value="SetNearestEntityAsTarget" param1="EntityZombieCrawl" />
	<property name="AITarget-6" value="SetNearestEntityAsTarget" param1="EntityZombieDog" />
	<property name="AITarget-7" value="SetAsTargetIfHurt" param1="EntityEnemy" />
	<property name="AITarget-8" value="SetAsTargetIfHurt" param1="EntityZombie" />	
	<property name="AITarget-9" value="SetAsTargetIfHurt" param1="EntityZombieCop" />
	<property name="AITarget-10" value="SetAsTargetIfHurt" param1="EntityVulture" param2="50" />	
	<property name="AITarget-11" value="SetAsTargetIfHurt" param1="EntityZombieCrawl" />
	<property name="AITarget-12" value="SetAsTargetIfHurt" param1="EntityZombieDog" />
	<property name="AITarget-13" value="BlockingTargetTask" />
	<property name="CanClimbLadders" value="true" />
	<!-- General entity properties -->
	<property name="LootDropProb" value="0.02"/> <!-- Whether it drops a loot bag on death or not. -->
	<property name="LootDropEntityClass" value="EntityLootContainerRegular"/>
</entity_class>
</insertAfter>
<insertAfter xpath="/entity_classes/entity_class[@name='Rick']" >
<entity_class name="Beth" extends="npcSurvivorTemplate">
	<property name="Archetype" value="Beth"/>
	<property name="ItemsOnEnterGame.GameModeSurvival" value="followerwoodenBow"/>
	<property name="ItemsOnEnterGame.GameModeSurvivalSP" value="followerwoodenBow"/>
	<property name="ItemsOnEnterGame.GameModeSurvivalMP" value="followerwoodenBow"/>
	<property name="SoundRandom" value="Player_Male/player1stamina" />
	<property name="SoundHurt" value="Player_Male/player1painlg" />
	<property name="SoundHurtSmall" value="Player_Male/player1painsm" />
	<property name="SoundDeath" value="Player_Male/player1death" />
	<property name="SoundStamina" value="Player_Male/player1stamina" />
	<property name="SoundDrownPain" value="Player_Male/player1drownpain" />
	<property name="SoundWaterSurface" value="Player_Male/player1drownsurface" />
	<property name="SoundDrownDeath" value="Player_Male/player1drowndeath" />
	<property name="SoundJump" value="Player_Male/player1Jump" />
	<property name="SoundLandSoft" value="Player_Male/player1LandSoft" />
	<property name="SoundLandHard" value="Player_Male/player1LandHard" />
	<property name="SoundPlayerLandThump" value="PlayerLandThump" />
	<!-- in s -->
	<property name="AttackTimeoutDay" value="0.5" />
	<property name="AttackTimeoutNight" value="0.5" />
	
	<!-- AI properties -->
	<property name="AITask-1" value="ApproachAndAttackTarget" param1="EntityEnemy" />
	<property name="AITask-2" value="ApproachAndAttackTarget" param1="EntityZombie" />
	<property name="AITask-3" value="ApproachAndAttackTarget" param1="EntityZombieCop" param2="50" />
	<property name="AITask-4" value="ApproachAndAttackTarget" param1="EntityVulture" param2="50" />
	<property name="AITask-5" value="ApproachAndAttackTarget" param1="EntityZombieCrawl" />
	<property name="AITask-6" value="ApproachAndAttackTarget" param1="EntityZombieDog" />
	<property name="AITask-7" value="SetAsTargetIfHurt" param1="EntityZombieDog" />
	<property name="AITask-8" value="SetAsTargetIfHurt" param1="EntityEnemy" />	
	<property name="AITask-9" value="SetAsTargetIfHurt" param1="EntityZombie" />
	<property name="AITask-10" value="SetAsTargetIfHurt" param1="EntityZombieDog" />	
	<property name="AITask-11" value="SetAsTargetIfHurt" param1="EntityVulture" param2="50" />
	<property name="AITask-12" value="SetAsTargetIfHurt" param1="EntityZombieCrawl" />	
	<property name="AITask-13" value="SetAsTargetIfHurt" param1="EntityZombieCop" />
	<property name="AITask-14" value="ApproachSpot" />
	<property name="AITask-15" value="Wander" />
	<property name="AITarget-1" value="SetNearestEntityAsTarget" param1="EntityEnemy" />
	<property name="AITarget-2" value="SetNearestEntityAsTarget" param1="EntityZombie" />
	<property name="AITarget-3" value="SetNearestEntityAsTarget" param1="EntityZombieCop" />
	<property name="AITarget-4" value="SetNearestEntityAsTarget" param1="EntityVulture" param2="50" />
	<property name="AITarget-5" value="SetNearestEntityAsTarget" param1="EntityZombieCrawl" />
	<property name="AITarget-6" value="SetNearestEntityAsTarget" param1="EntityZombieDog" />
	<property name="AITarget-7" value="SetAsTargetIfHurt" param1="EntityEnemy" />
	<property name="AITarget-8" value="SetAsTargetIfHurt" param1="EntityZombie" />	
	<property name="AITarget-9" value="SetAsTargetIfHurt" param1="EntityZombieCop" />
	<property name="AITarget-10" value="SetAsTargetIfHurt" param1="EntityVulture" param2="50" />	
	<property name="AITarget-11" value="SetAsTargetIfHurt" param1="EntityZombieCrawl" />
	<property name="AITarget-12" value="SetAsTargetIfHurt" param1="EntityZombieDog" />
	<property name="AITarget-13" value="BlockingTargetTask" />
	<property name="CanClimbLadders" value="true" />
	<!-- General entity properties -->
	<property name="LootDropProb" value="0.02"/> <!-- Whether it drops a loot bag on death or not. -->
	<property name="LootDropEntityClass" value="EntityLootContainerRegular"/>
</entity_class>
</insertAfter>
<insertAfter xpath="/entity_classes/entity_class[@name='Beth']" >
<entity_class name="DarrylDixon" extends="npcSurvivorTemplate">
	<property name="Archetype" value="DarrylDixon"/>
	<property name="ItemsOnEnterGame.GameModeSurvival" value="followercrossbow"/>
	<property name="ItemsOnEnterGame.GameModeSurvivalSP" value="followercrossbow"/>
	<property name="ItemsOnEnterGame.GameModeSurvivalMP" value="followercrossbow"/>
	<property name="SoundRandom" value="Player_Male/player1stamina" />
	<property name="SoundHurt" value="Player_Male/player1painlg" />
	<property name="SoundHurtSmall" value="Player_Male/player1painsm" />
	<property name="SoundDeath" value="Player_Male/player1death" />
	<property name="SoundStamina" value="Player_Male/player1stamina" />
	<property name="SoundDrownPain" value="Player_Male/player1drownpain" />
	<property name="SoundWaterSurface" value="Player_Male/player1drownsurface" />
	<property name="SoundDrownDeath" value="Player_Male/player1drowndeath" />
	<property name="SoundJump" value="Player_Male/player1Jump" />
	<property name="SoundLandSoft" value="Player_Male/player1LandSoft" />
	<property name="SoundLandHard" value="Player_Male/player1LandHard" />
	<property name="SoundPlayerLandThump" value="PlayerLandThump" />
	<!-- in s -->
	<property name="AttackTimeoutDay" value="0.5" />
	<property name="AttackTimeoutNight" value="0.5" />
	
	<!-- AI properties -->
	<property name="AITask-1" value="ApproachAndAttackTarget" param1="EntityEnemy" />
	<property name="AITask-2" value="ApproachAndAttackTarget" param1="EntityZombie" />
	<property name="AITask-3" value="ApproachAndAttackTarget" param1="EntityZombieCop" param2="50" />
	<property name="AITask-4" value="ApproachAndAttackTarget" param1="EntityVulture" param2="50" />
	<property name="AITask-5" value="ApproachAndAttackTarget" param1="EntityZombieCrawl" />
	<property name="AITask-6" value="ApproachAndAttackTarget" param1="EntityZombieDog" />
	<property name="AITask-7" value="SetAsTargetIfHurt" param1="EntityZombieDog" />
	<property name="AITask-8" value="SetAsTargetIfHurt" param1="EntityEnemy" />	
	<property name="AITask-9" value="SetAsTargetIfHurt" param1="EntityZombie" />
	<property name="AITask-10" value="SetAsTargetIfHurt" param1="EntityZombieDog" />	
	<property name="AITask-11" value="SetAsTargetIfHurt" param1="EntityVulture" param2="50" />
	<property name="AITask-12" value="SetAsTargetIfHurt" param1="EntityZombieCrawl" />	
	<property name="AITask-13" value="SetAsTargetIfHurt" param1="EntityZombieCop" />
	<property name="AITask-14" value="ApproachSpot" />
	<property name="AITask-15" value="Wander" />
	<property name="AITarget-1" value="SetNearestEntityAsTarget" param1="EntityEnemy" />
	<property name="AITarget-2" value="SetNearestEntityAsTarget" param1="EntityZombie" />
	<property name="AITarget-3" value="SetNearestEntityAsTarget" param1="EntityZombieCop" />
	<property name="AITarget-4" value="SetNearestEntityAsTarget" param1="EntityVulture" param2="50" />
	<property name="AITarget-5" value="SetNearestEntityAsTarget" param1="EntityZombieCrawl" />
	<property name="AITarget-6" value="SetNearestEntityAsTarget" param1="EntityZombieDog" />
	<property name="AITarget-7" value="SetAsTargetIfHurt" param1="EntityEnemy" />
	<property name="AITarget-8" value="SetAsTargetIfHurt" param1="EntityZombie" />	
	<property name="AITarget-9" value="SetAsTargetIfHurt" param1="EntityZombieCop" />
	<property name="AITarget-10" value="SetAsTargetIfHurt" param1="EntityVulture" param2="50" />	
	<property name="AITarget-11" value="SetAsTargetIfHurt" param1="EntityZombieCrawl" />
	<property name="AITarget-12" value="SetAsTargetIfHurt" param1="EntityZombieDog" />
	<property name="AITarget-13" value="BlockingTargetTask" />
	<property name="CanClimbLadders" value="true" />
	<!-- General entity properties -->
	<property name="LootDropProb" value="0.02"/> <!-- Whether it drops a loot bag on death or not. -->
	<property name="LootDropEntityClass" value="EntityLootContainerRegular"/>
</entity_class>
</insertAfter>
<insertAfter xpath="/entity_classes/entity_class[@name='DarrylDixon']" >
<entity_class name="Ezekiel" extends="npcSurvivorTemplate">
	<property name="Archetype" value="Ezekiel"/>
	<property name="ItemsOnEnterGame.GameModeSurvival" value="followergunSawedOffPumpShotgun"/>
	<property name="ItemsOnEnterGame.GameModeSurvivalSP" value="followergunSawedOffPumpShotgun"/>
	<property name="ItemsOnEnterGame.GameModeSurvivalMP" value="followergunSawedOffPumpShotgun"/>
	<property name="SoundRandom" value="Player_Male/player1stamina" />
	<property name="SoundHurt" value="Player_Male/player1painlg" />
	<property name="SoundHurtSmall" value="Player_Male/player1painsm" />
	<property name="SoundDeath" value="Player_Male/player1death" />
	<property name="SoundStamina" value="Player_Male/player1stamina" />
	<property name="SoundDrownPain" value="Player_Male/player1drownpain" />
	<property name="SoundWaterSurface" value="Player_Male/player1drownsurface" />
	<property name="SoundDrownDeath" value="Player_Male/player1drowndeath" />
	<property name="SoundJump" value="Player_Male/player1Jump" />
	<property name="SoundLandSoft" value="Player_Male/player1LandSoft" />
	<property name="SoundLandHard" value="Player_Male/player1LandHard" />
	<property name="SoundPlayerLandThump" value="PlayerLandThump" />
	<!-- in s -->
	<property name="AttackTimeoutDay" value="0.5" />
	<property name="AttackTimeoutNight" value="0.5" />
	
	<!-- AI properties -->
	<property name="AITask-1" value="ApproachAndAttackTarget" param1="EntityEnemy" />
	<property name="AITask-2" value="ApproachAndAttackTarget" param1="EntityZombie" />
	<property name="AITask-3" value="ApproachAndAttackTarget" param1="EntityZombieCop" param2="50" />
	<property name="AITask-4" value="ApproachAndAttackTarget" param1="EntityVulture" param2="50" />
	<property name="AITask-5" value="ApproachAndAttackTarget" param1="EntityZombieCrawl" />
	<property name="AITask-6" value="ApproachAndAttackTarget" param1="EntityZombieDog" />
	<property name="AITask-7" value="SetAsTargetIfHurt" param1="EntityZombieDog" />
	<property name="AITask-8" value="SetAsTargetIfHurt" param1="EntityEnemy" />	
	<property name="AITask-9" value="SetAsTargetIfHurt" param1="EntityZombie" />
	<property name="AITask-10" value="SetAsTargetIfHurt" param1="EntityZombieDog" />	
	<property name="AITask-11" value="SetAsTargetIfHurt" param1="EntityVulture" param2="50" />
	<property name="AITask-12" value="SetAsTargetIfHurt" param1="EntityZombieCrawl" />	
	<property name="AITask-13" value="SetAsTargetIfHurt" param1="EntityZombieCop" />
	<property name="AITask-14" value="ApproachSpot" />
	<property name="AITask-15" value="Wander" />
	<property name="AITarget-1" value="SetNearestEntityAsTarget" param1="EntityEnemy" />
	<property name="AITarget-2" value="SetNearestEntityAsTarget" param1="EntityZombie" />
	<property name="AITarget-3" value="SetNearestEntityAsTarget" param1="EntityZombieCop" />
	<property name="AITarget-4" value="SetNearestEntityAsTarget" param1="EntityVulture" param2="50" />
	<property name="AITarget-5" value="SetNearestEntityAsTarget" param1="EntityZombieCrawl" />
	<property name="AITarget-6" value="SetNearestEntityAsTarget" param1="EntityZombieDog" />
	<property name="AITarget-7" value="SetAsTargetIfHurt" param1="EntityEnemy" />
	<property name="AITarget-8" value="SetAsTargetIfHurt" param1="EntityZombie" />	
	<property name="AITarget-9" value="SetAsTargetIfHurt" param1="EntityZombieCop" />
	<property name="AITarget-10" value="SetAsTargetIfHurt" param1="EntityVulture" param2="50" />	
	<property name="AITarget-11" value="SetAsTargetIfHurt" param1="EntityZombieCrawl" />
	<property name="AITarget-12" value="SetAsTargetIfHurt" param1="EntityZombieDog" />
	<property name="AITarget-13" value="BlockingTargetTask" />
	<property name="CanClimbLadders" value="true" />
	<!-- General entity properties -->
	<property name="LootDropProb" value="0.02"/> <!-- Whether it drops a loot bag on death or not. -->
	<property name="LootDropEntityClass" value="EntityLootContainerRegular"/>
</entity_class>
</insertAfter>
<insertAfter xpath="/entity_classes/entity_class[@name='Ezekiel']" >
<entity_class name="Rosita" extends="npcSurvivorTemplate">
	<property name="Archetype" value="Rosita"/>
	<property name="ItemsOnEnterGame.GameModeSurvival" value="followergunMP5"/>
	<property name="ItemsOnEnterGame.GameModeSurvivalSP" value="followergunMP5"/>
	<property name="ItemsOnEnterGame.GameModeSurvivalMP" value="followergunMP5"/>
	<property name="SoundHurt" value="Player_Female/player2painlg" />
	<property name="SoundHurtSmall" value="Player_Female/player2painsm" />
	<property name="SoundDeath" value="Player_Female/player2death" />
	<property name="SoundStamina" value="Player_Female/player2stamina" />
	<property name="SoundDrownPain" value="Player_Female/player2drownpain" />
	<property name="SoundWaterSurface" value="Player_Female/player2drownsurface" />
	<property name="SoundDrownDeath" value="Player_Female/player2drowndeath" />
	<property name="SoundJump" value="Player_Male/player2Jump" />
	<property name="SoundLandSoft" value="Player_Male/player2LandSoft" />
	<property name="SoundLandHard" value="Player_Male/player2LandHard" />
	<property name="SoundPlayerLandThump" value="PlayerLandThump" />
	<!-- in s -->
	<property name="AttackTimeoutDay" value="0.5" />
	<property name="AttackTimeoutNight" value="0.5" />
	
	<!-- AI properties -->
	<property name="AITask-1" value="ApproachAndAttackTarget" param1="EntityEnemy" />
	<property name="AITask-2" value="ApproachAndAttackTarget" param1="EntityZombie" />
	<property name="AITask-3" value="ApproachAndAttackTarget" param1="EntityZombieCop" param2="50" />
	<property name="AITask-4" value="ApproachAndAttackTarget" param1="EntityVulture" param2="50" />
	<property name="AITask-5" value="ApproachAndAttackTarget" param1="EntityZombieCrawl" />
	<property name="AITask-6" value="ApproachAndAttackTarget" param1="EntityZombieDog" />
	<property name="AITask-7" value="SetAsTargetIfHurt" param1="EntityZombieDog" />
	<property name="AITask-8" value="SetAsTargetIfHurt" param1="EntityEnemy" />	
	<property name="AITask-9" value="SetAsTargetIfHurt" param1="EntityZombie" />
	<property name="AITask-10" value="SetAsTargetIfHurt" param1="EntityZombieDog" />	
	<property name="AITask-11" value="SetAsTargetIfHurt" param1="EntityVulture" param2="50" />
	<property name="AITask-12" value="SetAsTargetIfHurt" param1="EntityZombieCrawl" />	
	<property name="AITask-13" value="SetAsTargetIfHurt" param1="EntityZombieCop" />
	<property name="AITask-14" value="ApproachSpot" />
	<property name="AITask-15" value="Wander" />
	<property name="AITarget-1" value="SetNearestEntityAsTarget" param1="EntityEnemy" />
	<property name="AITarget-2" value="SetNearestEntityAsTarget" param1="EntityZombie" />
	<property name="AITarget-3" value="SetNearestEntityAsTarget" param1="EntityZombieCop" />
	<property name="AITarget-4" value="SetNearestEntityAsTarget" param1="EntityVulture" param2="50" />
	<property name="AITarget-5" value="SetNearestEntityAsTarget" param1="EntityZombieCrawl" />
	<property name="AITarget-6" value="SetNearestEntityAsTarget" param1="EntityZombieDog" />
	<property name="AITarget-7" value="SetAsTargetIfHurt" param1="EntityEnemy" />
	<property name="AITarget-8" value="SetAsTargetIfHurt" param1="EntityZombie" />	
	<property name="AITarget-9" value="SetAsTargetIfHurt" param1="EntityZombieCop" />
	<property name="AITarget-10" value="SetAsTargetIfHurt" param1="EntityVulture" param2="50" />	
	<property name="AITarget-11" value="SetAsTargetIfHurt" param1="EntityZombieCrawl" />
	<property name="AITarget-12" value="SetAsTargetIfHurt" param1="EntityZombieDog" />
	<property name="AITarget-13" value="BlockingTargetTask" />
	<property name="CanClimbLadders" value="true" />
	<!-- General entity properties -->
	<property name="LootDropProb" value="0.02"/> <!-- Whether it drops a loot bag on death or not. -->
	<property name="LootDropEntityClass" value="EntityLootContainerRegular"/>
</entity_class>
</insertAfter>
<insertAfter xpath="/entity_classes/entity_class[@name='Rosita']" >
<entity_class name="Shane" extends="npcSurvivorTemplate">
	<property name="Archetype" value="Shane"/>
	<property name="ItemsOnEnterGame.GameModeSurvival" value="followergunAK47"/>
	<property name="ItemsOnEnterGame.GameModeSurvivalSP" value="followergunAK47"/>
	<property name="ItemsOnEnterGame.GameModeSurvivalMP" value="followergunAK47"/>
	<property name="SoundRandom" value="Player_Male/player1stamina" />
	<property name="SoundHurt" value="Player_Male/player1painlg" />
	<property name="SoundHurtSmall" value="Player_Male/player1painsm" />
	<property name="SoundDeath" value="Player_Male/player1death" />
	<property name="SoundStamina" value="Player_Male/player1stamina" />
	<property name="SoundDrownPain" value="Player_Male/player1drownpain" />
	<property name="SoundWaterSurface" value="Player_Male/player1drownsurface" />
	<property name="SoundDrownDeath" value="Player_Male/player1drowndeath" />
	<property name="SoundJump" value="Player_Male/player1Jump" />
	<property name="SoundLandSoft" value="Player_Male/player1LandSoft" />
	<property name="SoundLandHard" value="Player_Male/player1LandHard" />
	<property name="SoundPlayerLandThump" value="PlayerLandThump" />
	<!-- in s -->
	<property name="AttackTimeoutDay" value="0.5" />
	<property name="AttackTimeoutNight" value="0.5" />
	
	<!-- AI properties -->
	<property name="AITask-1" value="ApproachAndAttackTarget" param1="EntityEnemy" />
	<property name="AITask-2" value="ApproachAndAttackTarget" param1="EntityZombie" />
	<property name="AITask-3" value="ApproachAndAttackTarget" param1="EntityZombieCop" param2="50" />
	<property name="AITask-4" value="ApproachAndAttackTarget" param1="EntityVulture" param2="50" />
	<property name="AITask-5" value="ApproachAndAttackTarget" param1="EntityZombieCrawl" />
	<property name="AITask-6" value="ApproachAndAttackTarget" param1="EntityZombieDog" />
	<property name="AITask-7" value="SetAsTargetIfHurt" param1="EntityZombieDog" />
	<property name="AITask-8" value="SetAsTargetIfHurt" param1="EntityEnemy" />	
	<property name="AITask-9" value="SetAsTargetIfHurt" param1="EntityZombie" />
	<property name="AITask-10" value="SetAsTargetIfHurt" param1="EntityZombieDog" />	
	<property name="AITask-11" value="SetAsTargetIfHurt" param1="EntityVulture" param2="50" />
	<property name="AITask-12" value="SetAsTargetIfHurt" param1="EntityZombieCrawl" />	
	<property name="AITask-13" value="SetAsTargetIfHurt" param1="EntityZombieCop" />
	<property name="AITask-14" value="ApproachSpot" />
	<property name="AITask-15" value="Wander" />
	<property name="AITarget-1" value="SetNearestEntityAsTarget" param1="EntityEnemy" />
	<property name="AITarget-2" value="SetNearestEntityAsTarget" param1="EntityZombie" />
	<property name="AITarget-3" value="SetNearestEntityAsTarget" param1="EntityZombieCop" />
	<property name="AITarget-4" value="SetNearestEntityAsTarget" param1="EntityVulture" param2="50" />
	<property name="AITarget-5" value="SetNearestEntityAsTarget" param1="EntityZombieCrawl" />
	<property name="AITarget-6" value="SetNearestEntityAsTarget" param1="EntityZombieDog" />
	<property name="AITarget-7" value="SetAsTargetIfHurt" param1="EntityEnemy" />
	<property name="AITarget-8" value="SetAsTargetIfHurt" param1="EntityZombie" />	
	<property name="AITarget-9" value="SetAsTargetIfHurt" param1="EntityZombieCop" />
	<property name="AITarget-10" value="SetAsTargetIfHurt" param1="EntityVulture" param2="50" />	
	<property name="AITarget-11" value="SetAsTargetIfHurt" param1="EntityZombieCrawl" />
	<property name="AITarget-12" value="SetAsTargetIfHurt" param1="EntityZombieDog" />
	<property name="AITarget-13" value="BlockingTargetTask" />
	<property name="CanClimbLadders" value="true" />
	<!-- General entity properties -->
	<property name="LootDropProb" value="0.02"/> <!-- Whether it drops a loot bag on death or not. -->
	<property name="LootDropEntityClass" value="EntityLootContainerRegular"/>
	</entity_class>
	</insertAfter>
<insertAfter xpath="/entity_classes/entity_class[@name='Shane']" >
	<entity_class name="Carl" extends="npcSurvivorTemplate">
	<property name="Archetype" value="Carl"/>
	<property name="ItemsOnEnterGame.GameModeSurvival" value="followergunPistol"/>
	<property name="ItemsOnEnterGame.GameModeSurvivalSP" value="followergunPistol"/>
	<property name="ItemsOnEnterGame.GameModeSurvivalMP" value="followergunPistol"/>
	<property name="SoundRandom" value="Player_Male/player1stamina" />
	<property name="SoundHurt" value="Player_Male/player1painlg" />
	<property name="SoundHurtSmall" value="Player_Male/player1painsm" />
	<property name="SoundDeath" value="Player_Male/player1death" />
	<property name="SoundStamina" value="Player_Male/player1stamina" />
	<property name="SoundDrownPain" value="Player_Male/player1drownpain" />
	<property name="SoundWaterSurface" value="Player_Male/player1drownsurface" />
	<property name="SoundDrownDeath" value="Player_Male/player1drowndeath" />
	<property name="SoundJump" value="Player_Male/player1Jump" />
	<property name="SoundLandSoft" value="Player_Male/player1LandSoft" />
	<property name="SoundLandHard" value="Player_Male/player1LandHard" />
	<property name="SoundPlayerLandThump" value="PlayerLandThump" />
	<!-- in s -->
	<property name="AttackTimeoutDay" value="0.5" />
	<property name="AttackTimeoutNight" value="0.5" />
	
	<!-- AI properties -->
	<property name="AITask-1" value="ApproachAndAttackTarget" param1="EntityEnemy" />
	<property name="AITask-2" value="ApproachAndAttackTarget" param1="EntityZombie" />
	<property name="AITask-3" value="ApproachAndAttackTarget" param1="EntityZombieCop" param2="50" />
	<property name="AITask-4" value="ApproachAndAttackTarget" param1="EntityVulture" param2="50" />
	<property name="AITask-5" value="ApproachAndAttackTarget" param1="EntityZombieCrawl" />
	<property name="AITask-6" value="ApproachAndAttackTarget" param1="EntityZombieDog" />
	<property name="AITask-7" value="SetAsTargetIfHurt" param1="EntityZombieDog" />
	<property name="AITask-8" value="SetAsTargetIfHurt" param1="EntityEnemy" />	
	<property name="AITask-9" value="SetAsTargetIfHurt" param1="EntityZombie" />
	<property name="AITask-10" value="SetAsTargetIfHurt" param1="EntityZombieDog" />	
	<property name="AITask-11" value="SetAsTargetIfHurt" param1="EntityVulture" param2="50" />
	<property name="AITask-12" value="SetAsTargetIfHurt" param1="EntityZombieCrawl" />	
	<property name="AITask-13" value="SetAsTargetIfHurt" param1="EntityZombieCop" />
	<property name="AITask-14" value="ApproachSpot" />
	<property name="AITask-15" value="Wander" />
	<property name="AITarget-1" value="SetNearestEntityAsTarget" param1="EntityEnemy" />
	<property name="AITarget-2" value="SetNearestEntityAsTarget" param1="EntityZombie" />
	<property name="AITarget-3" value="SetNearestEntityAsTarget" param1="EntityZombieCop" />
	<property name="AITarget-4" value="SetNearestEntityAsTarget" param1="EntityVulture" param2="50" />
	<property name="AITarget-5" value="SetNearestEntityAsTarget" param1="EntityZombieCrawl" />
	<property name="AITarget-6" value="SetNearestEntityAsTarget" param1="EntityZombieDog" />
	<property name="AITarget-7" value="SetAsTargetIfHurt" param1="EntityEnemy" />
	<property name="AITarget-8" value="SetAsTargetIfHurt" param1="EntityZombie" />	
	<property name="AITarget-9" value="SetAsTargetIfHurt" param1="EntityZombieCop" />
	<property name="AITarget-10" value="SetAsTargetIfHurt" param1="EntityVulture" param2="50" />	
	<property name="AITarget-11" value="SetAsTargetIfHurt" param1="EntityZombieCrawl" />
	<property name="AITarget-12" value="SetAsTargetIfHurt" param1="EntityZombieDog" />
	<property name="AITarget-13" value="BlockingTargetTask" />
	<property name="CanClimbLadders" value="true" />
	<!-- General entity properties -->
	<property name="LootDropProb" value="0.02"/> <!-- Whether it drops a loot bag on death or not. -->
	<property name="LootDropEntityClass" value="EntityLootContainerRegular"/>
	</entity_class>	
</insertAfter>
</configs>	