<stallionsden>
<append xpath="/lootcontainers">
<!-- bodyBagBlackFull, bodyBagYellowFull,bodyBagPileFull,bodyBagPileMixFull,bodyBagPairFull,bodyBagPairYellowFull,bodyBagPairMixedFull -->
<lootcontainer id="228" count="1,2" size="8,9" sound_open="UseActions/open_backpack" sound_close="UseActions/close_backpack" open_time="2" loot_quality_template="baseTemplate">
	<item group="rottenFood" prob="1"/>
	<item name="foodRottingFlesh" count="5,12"/>
	<item group="junk"/>
	<item group="automotive+tools+junk"/>
	<item name="casinoCoin" count="10,25" prob="2.5"/>
	<item name="oldCash" count="50,100" prob="2.5"/>
	<item group="garbage"/>
	<item group="backpacks"/>
	<item group="warmClothes" prob="0.08"/>
	<item group="groupApparelClothes"/>
	<item group="groupWeaponsMeleeScaled" count="1" prob="0.05" />
	<item group="groupWeaponsRangedScaled" count="1" prob="0.05" />
	<item name="gunBowCompound" loot_prob_template="probTemplate0.5"/>
	<item name="resourceCloth" count="1,3"/>
	<item name="resourceBulletCasing" count="1,3"/>
	</lootcontainer>

<!-- goreBlockHumanCorpse,goreBlockHumanBones -->
<lootcontainer id="229" count="1,2" size="8,9" sound_open="UseActions/open_backpack" sound_close="UseActions/close_backpack" open_time="2" loot_quality_template="treasureTemplate">
	<item group="rottenFood" prob="1"/>
	<item name="foodRottingFlesh" count="5,12"/>
	<item group="junk"/>
	<item name="casinoCoin" count="10,25" prob="2.5"/>
	<item name="oldCash" count="50,100" prob="2.5"/>
	<item group="garbage"/>
	<item name="resourceCloth" count="1,3"/>
	<item name="resourceBulletCasing" count="1,10"/>
	</lootcontainer>
</append>
</stallionsden>